S01A00007261696C5F736F635F656D7074795F474D34382E733337A1
S3150800000000080020F90500088D9900088D99000858
S31508000010C5A600088D9900088D9900088D990008D5
S315080000208D9900088D9900088D9900088D9900080A
S315080000308D9900088D9900088D9900088D990008FA
S315080000408D9900088D9900088D9900088D990008EA
S315080000508D9900088D9900088D9900088D990008DA
S315080000608D9900088D9900088D9900088D990008CA
S315080000708D990008BD040008AD0400088D99000894
S315080000808D9900088D9900088D9900088D990008AA
S315080000908D9900088D990008110D00088D990008A2
S315080000A08D9900088D9900084D0E0008250E000848
S315080000B08D9900088D9900084D630008BD6D0008EC
S315080000C055A9000851A900088965000861A9000812
S315080000D059A90008956D00085DA90008216E000859
S315080000E05D6E00088D9900088D9900088D990008A5
S315080000F08D9900088D9900088D9900088D9900083A
S315080001008D9900088D9900088D9900088D99000829
S315080001108D9900088D9900088D9900088D99000819
S315080001208D9900088D9900088D9900088D99000809
S315080001308D9900088D9900088D9900088D990008F9
S315080001408D9900088D9900088D9900088D990008E9
S315080001508D9900088D990008F9A60008E58E000813
S315080001608D9900088D9900089DAD0008A3AD00087B
S31508000170013800D0FCE770470348044B834202D09D
S31508000180034B03B118477047880A0020880A0020E5
S3150800019000000000064B0749C91A891048BF0131FB
S315080001A0491003D0044B0BB101481847704700BFEC
S315080001B0880A0020880A00200000000010B5064CB6
S315080001C0237843B9FFF7D8FF044B13B10448AFF3BC
S315080001D000800123237010BD5E1600200000000079
S315080001E0F813010808B5054B1BB105490548AFF3D7
S315080001F00080BDE80840FFF7CDBF00BF0000000043
S31508000200B80C0020F8130108A3F5803A704700BF20
S31508000210174B002B08BF134B9D46FFF7F5FF002130
S315080002208B460F461348144A121A0AF023FF0E4B40
S31508000230002B00D098470D4B002B00D09847002084
S31508000240002104000D000D48002802D00C48AFF329
S31508000250008009F003FA2000290000F02BF809F0C5
S31508000260A3F800BF0000080000000000000000001E
S3150800027000080020880A00208816002000000000D8
S315080002800000000010B5002000F080F9044602487E
S3150800029009F040F9204610BD00B3000808B5034828
S315080002A003F0B2FB024809F035F908BD40420F00D9
S315080002B00CB3000808B50AF042FAFFF7E3FF044B4F
S315080002C018600AF048FA024B1868FFF7E7FFF8E7E4
S315080002D0D00C002008B501F04FFC09F038FF264A7B
S315080002E0136F23F0070343F00303136701F0A4FD1C
S315080002F0224B9B6A13F0807F03D1214B4FF4803247
S315080003009A621D4BD3F8202122F0070242F002021E
S31508000310C3F82021D3F8282122F0070242F002026E
S31508000320C3F82821D3F8402122F0030242F0010243
S31508000330C3F84021D3F8602122F0030242F00102FB
S31508000340C3F86021D3F8402222F0030242F00102EA
S31508000350C3F84022D3F8002222F0070242F0010235
S31508000360C3F80022D3F8082222F0070242F001025D
S31508000370C3F80822002008BD008000500040005A3B
S315080003800060005A10B4194B5A6E02F4803203F515
S3150800039080514FF480304866586E4FF000434B66E4
S315080003A0134B596C01F001014AF6CD341C64104B0D
S315080003B05B6B13F0010FFAD10E4B01245C600C4BFA
S315080003C01B6B13F0010FFAD011B1094B0A491964D6
S315080003D0002803DB094B4FF0004159661AB9074B51
S315080003E04FF480325A665DF8044B7047008000501F
S315080003F000400950006009503254FFFF00A0005029
S3150800040030B59FB0244C0DF1580CA646BEE80F0037
S31508000410ACE80F009EE80F008CE80F0030220021A0
S315080004200AA80AF027FE1D4B0A9301258DF82D50C0
S3150800043057230C930D9502238DF8383005220F9219
S315080004408DF840300623119308AA203494E8030057
S3150800045082E803000DF1080C00230293039304932A
S315080004600593069307938CE803000D238DF8103047
S315080004700E238DF811300A4B0593202306938DF829
S315080004801D50084B00930AAB16AA6146064802F0AF
S31508000490A3FD1FB030BD00BFA8B8000800000A5071
S315080004A0D40C0020F40C0020580D002008B5024892
S315080004B009F082FF08BD00BF580D002008B50248A4
S315080004C009F07AFF08BD00BF580D002010B58AB0A4
S315080004D000230693079308930993254B069325490A
S315080004E006A806F031FD244B186030B100230593A9
S315080004F005A90AF021FB08B1FEE7FEE71E4C1F4AD4
S315080005001F4B1968206806F03FFF0021206809F094
S31508000510ABFE00B1FEE71B49174B186806F060FFF3
S3150800052000B1FEE74FF0FF3240F2FF33CDE900237A
S315080005304FF0FF324FF0FF330F4908680AF09EFA72
S3150800054000B1FEE7104B1B88ADF81030ADF80C3043
S3150800055004A9094B18680AF079FA00B1FEE703A95D
S31508000560054B18680AF088FA00B1FEE70AB010BD14
S315080005707D9900085F99000810080020699900080D
S315080005800008002007001100D0B8000882B0054B0B
S31508000590019302AB03EB800050F8043C186802B0E4
S315080005A0704700BF1008002018B1034A10600020E9
S315080005B070472520704700BF700D002010B5044C09
S315080005C00449206800F090FD2068FFF7EDFF10BD94
S315080005D0400900201408002008B50448044A121AE5
S315080005E09210044909F0D3F908BD00BF9416010812
S315080005F0941601088816002008B500F02FF8FFF7B2
S31508000600EBFF124A0AE01068516850F8230041F8D7
S315080006102300013391688B42F5D30C320C4B9A4276
S3150800062001D20023F6E70B4A08E01168002041F8DA
S315080006302300013351688B42F7D30832064B9A429E
S3150800064001D20023F6E7FFF7E3FD00BF0014010817
S315080006500C1401080C1401080C14010810B4144BEE
S31508000660144A9A60D3F8882042F47002C3F88820A6
S31508000670114A4FF480419166104901F500524FF036
S31508000680FF3010660E4850660220C3F8D000BFF34C
S315080006904F8FBFF36F8F0B480124C0F880414FF48A
S315080006A04033D36004600B615DF8044B704700BFAC
S315080006B000ED00E0000000080090005000800044B3
S315080006C07FFF7F0100E100E0014B1868704700BF1B
S315080006D04809002008B5094B1B6F03F00703022BD6
S315080006E004D0032B05D0012B06D0FEE7FFF7ECFF5D
S315080006F003E0034B186800E0024808BD008000507C
S3150800070050090020002D310108B5FFF7E3FF054B1E
S315080007101B6FC3F303330133B0FBF3F0024B1860CE
S3150800072008BD00BF008000504409002000487047FB
S3150800073000B4C404014B1868704700BF5009002074
S3150800074008B5064B1860064B1B6F03F00703032B0F
S3150800075000D008BDFFF7D8FFFBE700BF500900200F
S315080007600080005000487047002D31014FF0B44317
S315080007709868C0F304400C2808D8DFE800F0090799
S315080007800707070722181A071C1E200000207047B3
S315080007904FF0B4439B6803F04073B3F1807F12D0E7
S315080007A0B3F1007F11D003B1704709487047094873
S315080007B0704709487047094870470948704709480B
S315080007C0704709487047094870470948ECE700BF71
S315080007D000093D000024F400C0EA210180BA8C011A
S315080007E00048E801005A6202405DC60080841E0087
S315080007F040420F00014B1868704700BF4C090020A3
S315080008000346064A10680344054A934202D8034A37
S31508000810136070474FF0FF30704700BF540900203F
S3150800082000000120F0B585B00C4694469DF83410BA
S31508000830664A1278002A00F0BD800546BCF1070F0B
S3150800084000F2BA800A9A002A00F0B8800B9A002AA9
S3150800085000F0B6800E9AB2F5006F00F3B380012857
S315080008605BD05B4A02EB0C12127B002A00F0AC80CC
S3150800087000220092019202920392564A02EB4C1E03
S31508000880002C4FD14FEA4C1600209051CEF80400A8
S31508000890CEF80800CEF80C009EF8020040F01000D2
S315080008A08EF802009EF8030040F030008EF8030030
S315080008B021B9C1B241F003018EF8031000930E9BD3
S315080008C0013B444A4FEA4C1002EB4C11165A63F3AB
S315080008D00E1616520A9B8B600B9B4B60CB789DF8C5
S315080008E03C2062F38303CB70012D36D0109B002B7E
S315080008F056D0374A4FEA0C1102EB0C131098505099
S31508000900119A5A6000249C605D7372466946604677
S3150800091001F044FF204605B0F0BD0C9A002AA0D18C
S315080009202D48F8E72B4F4FEA4C1607EB4C120020E0
S31508000930B85150609060D060907840F01000907088
S31508000940D07840F00300D0700029B7D107EB4C12DD
S31508000950C1B241F03001D170B0E70E460A7B42F0D1
S3150800096001020A73D2B242F002020A73CA6804216B
S3150800097061F39F02F26006F1100796E80F0087E818
S315080009800F00F2696FF0030161F39F02F2610C9B9D
S315080009907361012CAAD10B9AB2610C9A7260A5E711
S315080009A0002DA6D10B4B03EB4C139A786FF3041268
S315080009B09A709EE70948AEE70748ACE70648AAE7F3
S315080009C00548A8E70448A6E70548A4E75F160020F7
S315080009D0D40E0020D40D0020018000F0028000F023
S315080009E0078000F0134B1B78FBB110B50446F0B135
S315080009F009F0C0FB0023072B13D80F4A02EB03129A
S31508000A00127B0AB10133F6E723600B4A190102EBA0
S31508000A10031301241C730024545009F0B1FB20462B
S31508000A2002E009F0ADFB054810BD054870470548CA
S31508000A30FAE700BF5F160020D40E0020048000F0FD
S31508000A40028000F0018000F038B509F093FB0446F7
S31508000A500023072B06DC0C4A02EB0312127B12B9A1
S31508000A600133F6E7002222B1204609F089FB074840
S31508000A7038BD01F035FE0025054B1D70204609F0EE
S31508000A807FFB2846F4E700BFD40E0020058000F05F
S31508000A905F1600200F4B1B78BBB110B5044607281C
S31508000AA015D809F067FB0C4B03EB04131B7B1BB92A
S31508000AB009F066FB09480BE0074B03EB0413002417
S31508000AC01C7309F05DFB204602E00548704705489F
S31508000AD010BD00BF5F160020D40E0020068000F06F
S31508000AE0028000F0018000F000B583B0134B1B684C
S31508000AF0019300238DF8043009F03CFB104B1B785A
S31508000B0033B90F4B01221A7009F03AFB002309E0AA
S31508000B1009F036FB0B480EE00B4A02EB03120021E4
S31508000B2011730133072BF7DD08238DF8073001A869
S31508000B3001F002FE002003B05DF804FBD4B80008FB
S31508000B405F160020038000F0D40E002008B50A4B7B
S31508000B501B785BB107280BD8084B03EB00131B7BEC
S31508000B6043B1002101F0DAFD002008BD0448FCE786
S31508000B700448FAE70448F8E75F160020D40E002078
S31508000B80028000F0018000F0078000F008B50A4BEB
S31508000B901B785BB107280BD8084B03EB00131B7BAC
S31508000BA043B1012101F0BAFD002008BD0448FCE765
S31508000BB00448FAE70448F8E75F160020D40E002038
S31508000BC0028000F0018000F0078000F008B50A4BAB
S31508000BD01B7853B107280AD8084B03EB00131B7B75
S31508000BE03BB101F025FE002008BD0548FCE7054895
S31508000BF0FAE70548F8E700BF5F160020D40E002084
S31508000C00028000F0018000F0078000F0114B1B788D
S31508000C10BBB1072817D8C1B10F4B03EB00131B7BD9
S31508000C20ABB11F280AD80D4BDB6AC0B2C34013F01C
S31508000C30010F03D001230B700020704700200870B5
S31508000C407047074870470748704706487047064880
S31508000C50704700BF5F160020D40E00200000045025
S31508000C60028000F0018000F0078000F0104B1B782E
S31508000C70ABB1072815D8B1B10E4B03EB00131B7B9C
S31508000C809BB10D4B1B6D0122824013EA020003D073
S31508000C9001230B700020704700230B70704707482C
S31508000CA0704707487047064870470648704700BFB0
S31508000CB05F160020D40E002000000450028000F0C9
S31508000CC0018000F0078000F00C4B1B7873B110B55B
S31508000CD00C4607280CD869B1094B03EB00131B7B9C
S31508000CE053B101F0B7FD2070002010BD05487047CC
S31508000CF00548FAE70448F8E70448F6E75F160020CF
S31508000D00D40E0020028000F0018000F0078000F079
S31508000D10F8B5194B1F6D5B6D1F4002D401250024E1
S31508000D2002E0FEE701346D00072C24D83D42F9D0D5
S31508000D30124B1D652301124AD358002BF2D002EB41
S31508000D400416B1680131B16072682046984780F090
S31508000D500100C0B2737B012BE4D10028E2D0094B15
S31508000D6003EB44131A7B6FF341021A731A7F6FF36E
S31508000D7041021A77D6E7F8BD000004500020045057
S31508000D80D40E0020D40D002010B5044602E0202021
S31508000D9007E09047DCB194FAA4F00028F7D0B0FA3F
S31508000DA080F00123834024EA0304094B03EB001374
S31508000DB05A68002AEED0064B03EB00131B7B002B68
S31508000DC0E7D0034B03EB001399689047E2E710BDA1
S31508000DD0540F002008B51A2001F05EF828B1084B18
S31508000DE04FF08062C3F880211A601B2001F054F886
S31508000DF028B1034B4FF00062C3F880211A6008BD82
S31508000E0000E100E038B505460C4609F0B3F9044B95
S31508000E1003EB05135C6000221A7309F0B1F938BDBB
S31508000E20540F002008B5084BD3F82404D3F820241F
S31508000E30104000F0553020F0502003F50053C3F859
S31508000E402004FFF7A1FF08BD00C0035008B5084BF2
S31508000E50D3F82404D3F82024104000F0AA3020F058
S31508000E60A02003F50053C3F82004FFF78DFF08BD43
S31508000E7000C0035001460023032B08D8054A52F840
S31508000E80230090F821208A4202D00133F4E700209B
S31508000E90704700BF5411002090F83530022B01D05E
S31508000EA000207047437F90F8212003EB43031B0182
S31508000EB0143303495858D04000F00100704700BF6A
S31508000EC030C0035030B139B142B1B2F5006F07D81E
S31508000ED00020704703487047034870470248704728
S31508000EE001487047027000F0037000F0154B1B783C
S31508000EF053B9032B05D8144A002142F823100133AD
S31508000F00F7E7104B01221A700023032B06D80E4A66
S31508000F1052F82320824212D00133F6E7002300E07C
S31508000F200133032B09D8084A52F82320002AF7D19F
S31508000F30054A42F8230000207047044870470020FD
S31508000F40704700BF6016002054110020027000F0A0
S31508000F5010B50446FFF7C8FD002104F10800FFF7A5
S31508000F6041FD30B9002104F10C00FFF73BFD10B933
S31508000F7010BD0248FCE70148FAE700BF0E7000F012
S31508000F80A0B110B5044690F832303BB194F832302F
S31508000F900133DBB284F83230002010BDFFF77CFF46
S31508000FA00028F3D1A068FFF7D1FDEFE700487047A6
S31508000FB0027000F0C8B110B5044690F83230B3B1EB
S31508000FC090F83230DBB2012B07D094F83230013B6F
S31508000FD0DBB284F83230002010BDFFF75DFF002831
S31508000FE0F3D1A068FFF7D2FDEFE702487047024841
S31508000FF0F2E700BF027000F0057000F010B582B08D
S31508001000044690F83530022B04D0012B34D000204A
S3150800101002B010BD437E53B9837F90F82220012188
S31508001020914003EB43031B01234AD150EFE7012B01
S315080010300CD0037EABB9837F90F822200121914022
S3150800104003EB43031B011C4AD150E0E7837F90F86A
S3150800105022200121914003EB43031B01174AD1507B
S31508001060D5E7837F90F822200121914003EB4303C3
S315080010701B01124AD150CAE7037E73B911238DF8B2
S315080010800730FFF77DFF01220DF10701204608F022
S31508001090E3FD2046FFF78EFFB9E713238DF80730E7
S315080010A0FFF76EFF01220DF10701204608F0D4FD77
S315080010B02046FFF77FFFAAE740E0035040D00350E1
S315080010C010B50446074990F82100FFF79BFEFFF785
S315080010D081FE0023A3762376022363762046FFF754
S315080010E08DFF10BD3B9B0008F0B58FB006460C4639
S315080010F00DF1180C804D0FCDACE80F0095E80F00E8
S315080011008CE80F0000230093019302930393049342
S315080011100593002E00F0EA803546002C00F0E880A2
S3150800112060221946304609F0A5FF2368336002237A
S3150800113086F83630237C33713046FFF7D7FE0646ED
S31508001140002859D1237F85F8353023686B4A9342A6
S315080011500ED06B4A934252D06A4A934240F0CA80F4
S3150800116058236B62684B2B614FF490136B6106E052
S3150800117056236B62654B2B614FF480136B6100231A
S3150800118085F8313085F83030A26A616A284608F059
S3150800119043FC01213A2000F05BFB0121686A00F05C
S315080011A057FB2379002B32D1594AD2F8203223F043
S315080011B0070343F00103C2F82032227C554B26323E
S315080011C003EB421210215160217BA07B227C41EA6D
S315080011D0004103EB4212C2F8DC14627BE07B217CFF
S315080011E042EA004203EB4113C3F8D42421462846B9
S315080011F008F0FCFB0646C0B130460FB0F0BD5723D9
S315080012006B62454B2B614FF488136B61B7E701217D
S31508001210362000F01DFB3E4AD2F8203223F00703A1
S3150800122043F00303C2F82032C7E70121284608F035
S3150800123007FC06460028DFD102238DF82530A3686F
S315080012400893638AADF82830A38AADF82630A37DC3
S315080012508DF82430A3690B9301238DF806300023FB
S315080012608DF80730CDF834D008F084FF0746237F81
S31508001270032B12D0022B30D006238DF81830237991
S315080012807BB306A9206808F0CFFF2846FFF760FE63
S315080012900646384608F074FFAEE7227C1D4BA63298
S315080012A003EB421202215160E17F94F82000227C70
S315080012B041EA004103EB421241F2D0401150627FED
S315080012C0A07F217C42EA004203EB411341F2CC4164
S315080012D05A5003238DF80030CEE72846FFF7F0FE74
S315080012E0CAE706A9206808F099FFCEE70B4E83E700
S315080012F00B4E81E70A4E7FE7F4B800080000015B51
S3150800130000000A5000400A500100120001001000B7
S315080013100080005000C0035001001100027000F068
S31508001320037000F0024B4FF480321A67704700BF13
S315080013300090005038B505460C46174BD3F82001E7
S3150800134000F00700062823D8DFE800F0040A0E1686
S31508001350121A1E00012305B1286004B1236038BDA6
S31508001360FFF7B2F90523F6E7FFF7E4F90323F2E7F7
S31508001370FFF7FCF90723EEE7FFF7F4F90223EAE79C
S31508001380FFF7A2F90623E6E7FFF7D4F90423E2E715
S3150800139000231846DFE700BF0080005038B5054631
S315080013A00C46164BD3F8283103F00703013B052BEF
S315080013B020D8DFE803F003131B0F0B17FFF784F998
S315080013C0052305B1286004B1236038BDFFF77CF911
S315080013D00623F6E7FFF7CAF90723F2E7FFF7AAF9A4
S315080013E00323EEE7FFF7A6F90423EAE7FFF7BAF9BE
S315080013F00223E6E700231846E3E700BF0080005013
S3150800140070B582B006460D4600230193104BD3F8FB
S31508001410804104F00304022C16D0032C0FD0012CB3
S3150800142007D000240EB1019B336005B12C6002B0D1
S3150800143070BD002101A8FFF77DFF0F24F2E7FFF733
S3150800144095F901900724EDE7FFF78CF90190E9E794
S315080014500080005038B505460C460C4BD3F8903240
S3150800146003F00303012B05D0022B07D1FFF77EF902
S31508001470072305E0FFF776F9022301E00023184663
S3150800148005B1286004B1236038BD00BF0080005054
S3150800149030B583B005460C4600230193154BD3F8A7
S315080014A0203203F00703042B21D8DFE803F0030BEF
S315080014B011161B0001230DB1019A2A6004B123609D
S315080014C003B030BD002101A8FFF768FF1123F2E73A
S315080014D0FFF74CF901900723EDE708F066FA01904B
S315080014E00A23E8E7FFF786F901900923E3E70023D3
S315080014F0E1E700BF0080005038B505460C46104BA2
S31508001500D3F8400100F00300032815D8DFE800F0FF
S3150800151002080C10012305B1286004B1236038BD08
S3150800152008F043FA0A23F6E7FFF764F90923F2E716
S3150800153008F03EFA0B23EEE700231846EBE700BF58
S315080015400080005030B583B005460C460023019351
S31508001550144BD3F8603203F00703013B032B1FD863
S31508001560DFE803F0020E1914002101A8FFF7E2FED6
S315080015700F230DB1019A2A6004B1236003B030BD70
S31508001580002101A8FFF7B8FF1023F2E7FFF7EEF8EE
S3150800159001900723EDE7FFF7E5F801900223E8E756
S315080015A00023E6E70080005030B583B005460C46B8
S315080015B0002301930C4BD3F8703203F00303012B7D
S315080015C009D0022B0DD114230DB1019A2A6004B15A
S315080015D0236003B030BD002101A8FFF78DFF10235B
S315080015E0F2E70023F0E700BF0080005038B5054653
S315080015F00C46134BD3F8000200F0070004281BD84A
S31508001600DFE800F003090D111500012305B1286074
S3150800161004B1236038BD08F0C8F90A23F6E7FFF7D6
S31508001620E9F80923F2E708F0C3F90B23EEE7FFF719
S315080016306BF8800A0E23E9E700231846E6E700BFA1
S315080016400080005038B505460C46134BD3F80802FF
S3150800165000F0070004281BD8DFE800F003090D1185
S315080016601500012305B1286004B1236038BD08F0D0
S315080016709CF90A23F6E7FFF7BDF80923F2E708F015
S3150800168097F90B23EEE7FFF73FF8800A0E23E9E701
S3150800169000231846E6E700BF0080005038B5054627
S315080016A00C46104BD3F8400200F00300032815D867
S315080016B0DFE800F002080C10012305B1286004B128
S315080016C0236038BD08F071F90A23F6E7FFF792F8A8
S315080016D00923F2E708F06CF90B23EEE70023184616
S315080016E0EBE700BF0080005038B505460C46104BA6
S315080016F0D3F8600100F00300032815D8DFE800F0EE
S3150800170002080C10012305B1286004B1236038BD16
S3150800171008F04BF90A23F6E7FFF76CF80923F2E716
S3150800172008F046F90B23EEE700231846EBE700BF5F
S315080017300080005038B505460C46104BD3F800011A
S3150800174000F00300032815D8DFE800F002080C10A3
S31508001750012305B1286004B1236038BDFEF7EAFF0E
S315080017600323F6E7FFF746F80923F2E708F01BF923
S315080017700823EEE700231846EBE700BF0080005079
S31508001780B0F5207F20D00ED8B0F5007F16D020D82F
S3150800179010B1B0F5C07F04D10F4B186FC0F30330FA
S315080017A018E0002016E0B0F5607F05D10A4BD3F8A3
S315080017B08000C0F301100DE000200BE0064BD3F8C3
S315080017C09000C0F3046005E0034B186FC0F3802057
S315080017D000E00020013070470080005038B505460B
S315080017E00C46174B4FF480329A660020FFF7C8FF65
S315080017F005FB00F0134BDA6902F4803241F67131C9
S31508001800D9635B6823F440136CB90F49884207D83B
S3150800181000210B430B494B600AB10022CA6338BD4D
S315080018204FF48011F5E7002C07DD0849884201D8F6
S315080018300021EEE74FF48011EBE74FF44011E8E79B
S315080018400090005000000350005A6202002D31013A
S31508001850430905D0012B0DD0022B0DD0002200E044
S31508001860002200F01F0049B102F58052012383408F
S3150800187013607047034AF4E7034AF2E702F5005299
S31508001880F4E700BF648000506880005008B58020E7
S3150800189008F080FA034B984203D8034B4FF4803282
S315080018A01A6708BD005A620200A0005000B583B04E
S315080018B000230193B0F5807F00F0398118D9B0F57F
S315080018C0086F00F03E8140F2DB80B0F5306F00F023
S315080018D04C8140F20281B0F5386F00F02D81B0F5E9
S315080018E0406F40F0E68001A90020FFF757FDE0E0D1
S315080018F0802800F2DE802428C0F0DB8024385C28AB
S3150800190000F2D78001A353F820F000BFC11A0008DF
S31508001910C11A0008C11A0008C11A0008C11A00082D
S31508001920B31A0008AB1A0008B31A0008391B0008D6
S31508001930D11A0008B31A0008B31A0008B31A000827
S31508001940B31A0008B31A0008B31A0008B31A000835
S31508001950B31A0008B31A0008B31A0008B31A000825
S31508001960391B0008B31A0008B31A0008B31A00088E
S31508001970951A0008571B0008B31A0008B31A00087E
S31508001980B31A0008B31A0008B31A0008B31A0008F5
S31508001990B31A0008B31A0008B31A0008B31A0008E5
S315080019A0B31A0008B31A0008B31A0008B31A0008D5
S315080019B0C11A0008B31A0008B31A0008B31A0008B7
S315080019C0F71A0008B31A0008B31A0008611B0008C2
S315080019D0E71A00084D1B0008E7180008E718000872
S315080019E0B31A0008B31A0008B31A0008B31A000895
S315080019F0B31A0008B31A0008B31A0008B31A000885
S31508001A00B31A0008B31A0008B31A0008B31A000874
S31508001A10B31A0008B31A0008B31A0008B31A000864
S31508001A20B31A0008B31A0008B31A0008B31A000854
S31508001A30B31A0008B31A0008B31A0008B31A000844
S31508001A40B31A0008B31A0008B31A0008B31A000834
S31508001A50B31A0008B31A0008B31A0008B31A000824
S31508001A60B31A0008B31A0008B31A0008B31A000814
S31508001A70B31A0008B31A0008B31A0008011B0008B5
S31508001A80B0F5C06F58D00AD9B0F5E06F63D0B0F59D
S31508001A90F06F1AD101A90020FFF726FE09E0B0F57C
S31508001AA0A06F53D0B0F5B06F07D101A90020FFF79A
S31508001AB0A7FC019803B05DF804FBB0F5806FF8D178
S31508001AC001A90020FFF736FCF3E7B0F5D06FF0D197
S31508001AD001A90020FFF78AFDEBE7B0F5206F3FD09C
S31508001AE0B0F5286F04D101A90020FFF75DFDE0E7F6
S31508001AF0B0F5106FDDD101A90020FFF7A3FDD8E7E7
S31508001B001C4B1B6F03F00703013B032BD1D8DFE8FF
S31508001B1003F00B02050805230193CAE70323019383
S31508001B20C7E708230193C4E702230193C1E701A984
S31508001B30002008F0FCF8BCE701A90020FFF7DCFC50
S31508001B40B7E701A90020FFF7F5FDB2E701A90020D4
S31508001B50FFF79EFCADE701A90020FFF79FFDA8E768
S31508001B6001A90020FFF7EEFCA3E701A90020FFF773
S31508001B7071FC9EE700800050044B4FF480125A66B1
S31508001B80034B4FF480329A62704700BF00900050B2
S31508001B900050005A38B504468020FFF787FE032810
S31508001BA000F0B580604B4FF480125A665F4B45F6DD
S31508001BB00E02C3F8802003F580524FF0A0619162AF
S31508001BC003F500534FF480329A62584B9B6D13F419
S31508001BD0803FFAD1554B9B6D13F0804FFAD122689E
S31508001BE063681B0543EA0263227B43EA0243627B7E
S31508001BF043EA0233A27B43EA8213E27B13434B4D4B
S31508001C002B61AB6903F00043226943EA8263626988
S31508001C1043EA0263227E43EA0243627E43EA0223E0
S31508001C20A27E1343AB614FF400624FF44061404813
S31508001C3008F09BF82B6A23F00F03E269002A46D1C5
S31508001C4011460B43E17E43EA81031A43374B1A6276
S31508001C50E369002B3DD1354A916A364B0B4094F81F
S31508001C60201043EA411394F8211043EA011394F82B
S31508001C70241043EAC10343F4803393622B4B9A6DD5
S31508001C802D4B9343FAD1294A02F580514FF08073C0
S31508001C908B62136923F47003A06843EA0053136147
S31508001CA04FF000438B6194F822301BB9234B4FF059
S31508001CB080729A6294F8233013BB204B4FF480321B
S31508001CC09A621A4B9B6D13F0804FFAD118E00821DF
S31508001CD0B7E7022B1CD0154A916A164B0B4094F8AD
S31508001CE0201043EA411394F8221043EA016394F85A
S31508001CF0241043EAC10394F8231043EA014393628C
S31508001D0094F825301BB1094B0D4AC3F8802038BD1D
S31508001D10064B00221A619A614FF408524FF47F412C
S31508001D20084808F022F8D6E7009000500040005A0C
S31508001D303840005AC7FFFEFE030001000060005A43
S31508001D40F1A7FFFF3440005A014B93F90000704792
S31508001D50780A0020014B1880704700BF6C0A0020E3
S31508001D60B0F5207F48D02DD8B0F5007F39D04CD8B3
S31508001D7010B1B0F5C07F24D110B54C1E08F003F899
S31508001D8008F0DEF9FFF7CEFA204A136F23F4704302
S31508001D9043EA04331367FEF7B7FC1D4BD3F88430C8
S31508001DA013F0100FF9D11A4BD3F88410C1F381112F
S31508001DB0C1F1020108F0B9F900F02CF8FFF766FD49
S31508001DC010BD7047B0F5607F0AD101390F4AD2F8C5
S31508001DD0803023F0300343EA0113C2F8803070479D
S31508001DE070470139094AD2F8903023F0F85343EA8C
S31508001DF00163C2F8903070470139044A136F23F41F
S31508001E00806343EA81231367704770470080005058
S31508001E100040005008B54FF4C07007F0BBFF054BF3
S31508001E20984205D902214FF42070FFF799FF08BDA3
S31508001E300121F8E780F0FA0208B5FEF765FC0C4BBD
S31508001E40D3F8843013F0100FF9D1094BD3F8841066
S31508001E50C1F38111C1F1020108F067F901210020DF
S31508001E6000F0A4F8FFF7D6FFFFF710FD08BD00BF86
S31508001E7000400050002807DB00F1604000F5614093
S31508001E8090F800030009704700F00F00014B185C3A
S31508001E900009704714ED00E04209064B53F822305A
S31508001EA000F01F0023FA00F080F0010000F00100A6
S31508001EB0704700BF00E100E038B5EFF3108313F078
S31508001EC0010F1BD10446FFF7E7FF0546B8B92046C0
S31508001ED0FFF7D0FF0446EFF3118313B1B0EB131FDE
S31508001EE00FD2094B5B68C3F3080343B1103B58B2E2
S31508001EF0FFF7C0FFA04202D8012500E001252846C9
S31508001F0038BD0125FBE700BF00ED00E0034AD36EAC
S31508001F1023F0300301790B43D36670470040005025
S31508001F20F8B50446204BD3F8843013F0100FF9D1D6
S31508001F301D4BD3F88430C3F381139C422DD0FEF792
S31508001F40C9FB0646012C11D008F00DF90546164FB7
S31508001F5007F500534FF000725A66204608F013F949
S31508001F60621E4FF4806393403B6706E0012108F048
S31508001F70DCF8E9E70C4BD3F884300B4B5B6E13F0B7
S31508001F80007F05D1084BD3F8843013F0200FF1D029
S31508001F90284608F0ECF8022C00D0F8BD002130469F
S31508001FA008F0C3F8F9E700BF0040005010B50C462A
S31508001FB0034650B1094A127812B1094A934208D920
S31508001FC021460220FFF7ACFF10BDFEF783FB034650
S31508001FD0F0E721460120FFF7A3FFF5E7641100208B
S31508001FE0005A620238B52F4B4FF000425A6603F585
S31508001FF00B235C6C04F001044AF6CD321A64E8B986
S31508002000294B5B6B13F00103FAD1274A556815F083
S31508002010010539D002F50052012151601A462249BC
S31508002020096B11F0010F04D120498A4201D8013207
S31508002030F5E71E498A422FD81D4625E000231A4A8D
S31508002040126B12F0080F04D0184A934201D80133D4
S31508002050F5E7164A934221D8134B03F5005220217F
S31508002060916203F5805301225A60002300E0013390
S315080020700D4A926A12F0200F02D10C4A9342F6D901
S315080020800A4A93420CD8002514B1074B084A1A6429
S3150800209008F0F6FC284638BD0725F5E70725F3E7D7
S315080020A00725F1E700900050004009503F420F0015
S315080020B03254FFFF10B51A4B4FF000425A6603F52B
S315080020C00B235C6C04F001044AF6CD321A6443789B
S315080020D05B0043F00103134AD363134B5B6B13F0A6
S315080020E00B0FFAD1104A536823F4F873817843EA40
S315080020F001135360C178437943EA01239360017958
S31508002100837943EA012313610078FFF76BFF14B163
S31508002110054B064A1A6408F0B3FC012010BD00BF3F
S315080021200090005000400050004009503254FFFF14
S3150800213010B50F2800D90F20124B5C6E03F580539B
S315080021404FF000425A6603F50B235A6C02F001025F
S315080021504AF6CD3119640C4B5B6B13F0800FFAD13C
S3150800216009490B6A23F00F0303430B620AB1074AB6
S315080021700A64002C03DB064B4FF000425A6608F04F
S315080021807FFC10BD00800050004009503254FFFF0C
S3150800219000A0005010B5134B5C6E03F580534FF04A
S315080021A000425A6603F50B235A6C02F001024AF6FE
S315080021B0CD3119640C4B5B6B13F0800FFAD10A49C9
S315080021C00B6A23F4F85343EA00230B620AB1074A61
S315080021D00A64002C03DB064B4FF000425A6608F0EF
S315080021E04FFC10BD00800050004009503254FFFFDC
S315080021F000A00050084B98420AD0084B984209D0D4
S3150800220003F58043984201D0002070475820704754
S3150800221056207047572070470000015B00000A509F
S3150800222010B5044607F0B0FF042307E004F5805311
S3150800223004221A6104F500531A610B46591E002B35
S31508002240F4D1202323610023E360A36041F2020254
S315080022506261A3614FF4A0226262E3612362A36212
S31508002260E3626363236504F500520249D16423637C
S3150800227010BD00BFFF3F0D03F8B5044615460846D6
S31508002280E1B1A36813F0010F34D06668B0FBF5F02E
S31508002290451E16F001062BD0636D13F0280FFBD1EF
S315080022A0A36C13F0030F0FD1A36C13F0010F1BD10E
S315080022B0A36C13F0020F19D1002706E02046FFF79A
S315080022C099FF07F067FDDCE70527204607F05CFF66
S315080022D0236923F07F4343EA0563236146B33946FE
S315080022E0204607F070FF23E00927EEE70627ECE70C
S315080022F00027EDE76368A36803F0E003402B1DD0D1
S3150800230017D9602B1ED0802B12D10123400105FB63
S3150800231003F3B0FBF3F020380B4A02EAC002636D00
S3150800232013F0010FFBD12263636D13F0010FFBD18C
S31508002330F8BD2BB1202BFBD10823E7E70623E5E7F9
S315080023401023E3E70423E1E7F8FF7F0070B50446AE
S315080023500D461646436823B1636DC3F30B03002B82
S31508002360FAD12046FFF75CFF636923F44C5323F048
S315080023700F036A7B1343EA8913432A8A134363616B
S31508002380A36823F0804323F0E2032A7B13432A7EC3
S3150800239013436A691343A360AB681BB9A36843F088
S315080023A00043A360EA69002A70D0A168694B0B4014
S315080023B0117A43EA8153917A43EA4143918801F4B9
S315080023C0C0410B43517843EA8103517B43EAC10379
S315080023D0917B43EA0113927843EA8223A360E26879
S315080023E05D4B1340EA6911690B4351690B439179B7
S315080023F043EA8123D27943EA4223E360EB691B78F7
S31508002400012B01D0032B03D1E36843F00403E360F7
S31508002410EB691B78023BDBB2012B51D94F4B9C422F
S315080024206BD04F4B9C426AD003F580439C4262D0E6
S315080024304FF0FF3303F593735B0103F1A04303F5F4
S31508002440703302225A60EB695A7A04F580539A620D
S31508002450EB695B7A1BB1E36843F40063E360EB69FD
S31508002460DB7A63B1E36843F40043E3603B4B9C4289
S3150800247047D03B4B9C424BD03A4B9C424FD0636A69
S3150800248023F00303EA69D27B134363623EB196F8ED
S315080024902030002B4AD004F5805301221A62052108
S315080024A0204607F090FEAA68002A4ED129782046D1
S315080024B007F089FEA36CDB4313F4405FFAD170BDC5
S315080024C0264B9C4213D0264B9C4212D003F58043E0
S315080024D09C420AD04FF0FF33A6335B0103F1A043B9
S315080024E003F5703302225A60ADE70223F4E70023AE
S315080024F0F2E70123F0E702239CE700239AE701238A
S3150800250098E7EB691B7B03F00F03174A5366B0E79E
S31508002510EB691B7B03F00F03134A1367ACE7EB6900
S315080025201B7B03F00F03104AD367A8E7E36923F080
S31508002530090396F82220134396F82120134343F003
S31508002540010304F58052D361A9E769682046FFF7BD
S3150800255093FEABE7E39BBDFFFFF9F0870000015B45
S3150800256000000A5000400A50009003502DE9F84335
S315080025700D4614461E469DF820809DF82470072AAD
S3150800258029D8930000FA03F203219940214807F05D
S3150800259051FE4FF00009072C29D8A10005F00302C7
S315080025A08A40032303FA01F11B4807F043FE5EB392
S315080025B01A4A0123A3401360B8F1000F26D0184A1F
S315080025C013600122A2401749C1F8202407B3164A0E
S315080025D01360BDE8F883A2F108094FEA890300FAF7
S315080025E003F203219940114807F024FED3E74FEA86
S315080025F0890905F0030202FA09F2032101FA09F131
S315080026000B4807F017FED2E70A4AD2E70A4AD7E785
S315080026100A4ADDE700C4035008C4035010D4035027
S3150800262014D4035000E0035024D4035004C40350C8
S315080026300CC4035010E4035014E4035024E403507C
S31508002640F8B504460D461E4617463AB1FBB10122B7
S315080026508A4000EB400109011D4B5A50072D1ED830
S31508002660A90004EB44031B0107FA01F20F2000FA44
S3150800267001F11848184407F0DDFD3FB9FEB1012203
S31508002680AA4004EB44042401114B1A51F8BD012257
S315080026908A4000EB400109010F4B5A50DEE7A5F1CD
S315080026A008039B0004EB440C4FEA0C1C07FA03F2E0
S315080026B00F2199400948604407F0BCFDDDE7012277
S315080026C0AA4004EB44042401034B1A51DEE700BF79
S315080026D040D0035034C0035040E003503CC0035080
S315080026E010B50C4B4FF48002C3F88020BFF34F8F10
S315080026F0BFF36F8F084B00245C65FF229A625C600B
S3150800270021462020FFF7A4F821462120FFF7A0F84C
S3150800271010BD00BF00E100E00000045029B9044ADA
S31508002720012303FA00F010607047024AF8E700BF79
S31508002730401004504020045010B5044601212020C2
S31508002740FFF786F801212120FFF782F8114B0122B5
S315080027505A60227812069A606178A27842EA0142A3
S315080027609A61FF229A6200229A631A644FF0004225
S315080027705A6503F500534FF0FF321A65064A4FF4BF
S315080027808001C2F88011E3781B01DBB282F81633A8
S31508002790116010BD0000045000E100E070B50C4661
S315080027A0C3B201259D40204E06F500531D650968F4
S315080027B0830003F1A04303F588235960637B00EB8C
S315080027C0400106EB01110B6694F80AC0E37A1B0573
S315080027D043EA0C4394F80CC043EA4C53CB6522F009
S315080027E003020A6707F0C6FC736D2B437365237AE9
S315080027F00BB10E4B1D64637A0BB10C4B9D632379A9
S31508002800A27942EA0342084B03F500518A616679C8
S31508002810E27942EA064203F58054A2614D639D645B
S3150800282007F0AEFC70BD00BF000004500010045055
S3150800283010B5C0B20124844007F09CFC044B5A6DC5
S3150800284022EA04025A659C6207F09AFC10BD00BF92
S315080028500000045010B5C0B20124844007F08AFC79
S31508002860084BDB6A234205D1064B5B6B9C4306D0BB
S31508002870002400E0002407F083FC204610BD012454
S31508002880F9E700BF00000450074B4FF480325A6640
S3150800289003F5E6239B69C3F38512827003F03F02B2
S315080028A042701B0B0370704700900050074B9B68E3
S315080028B013F0020FFAD1054B5B6813F0020FF5D13E
S315080028C0024BDB69002BF1D1704700BF00800A502C
S315080028D0064B5B6813F0010F03D0044BDB69002B32
S315080028E0F6D1024B02221A61704700BF00800A50D7
S315080028F008B5FFF7DBFF034B03F5805101224A6059
S315080029001A6108BD00800A5008B5054B5B68012BA3
S3150800291000D008BDFFF7DCFF024B01225A60F8E73A
S3150800292000800A5000A00A5010B50446FFF7BEFF03
S31508002930084B5B68012B05D0237843B10122054B70
S31508002940DA6010BDFFF7E0FFFFF7B0FFF4E70022FB
S31508002950F5E700BF00800A50D8B90B78D3B1012338
S315080029604A6812B1127843EAC2034A78A2B102222F
S3150800297013438A6812B1127843EA82138A786AB1D5
S3150800298004221343CA6812B1127843EA4223044A5E
S31508002990936470470023E3E70022E9E70022F0E7A3
S315080029A000800A5008B9014B5964704700900A50D4
S315080029B008B9014B5964704700A00A5008B9014B81
S315080029C01964704700A00A5010B9024B186C70477A
S315080029D00020704700800A5048B911B1012903D078
S315080029E07047044BD86C7047024B186D704700202F
S315080029F0704700BF00800A5040B911B1012903D0C1
S31508002A007047034BDA647047014B1A65704700BF7D
S31508002A1000800A5038B5044608F045F8064DA44625
S31508002A20BCE80F000FC5BCE80F000FC59CE8030003
S31508002A3085E80300002038BD6811002047F6FF73BB
S31508002A409A427DD009297DD870B5414B13F801E02B
S31508002A50BEF1030F78D83F4B03EBCE0191F802C0C5
S31508002A60604613F83E30012B26D03A4B03EBCE03D3
S31508002A705C68002C6AD0B4F90030934204DBB4F9E0
S31508002A800230934200DC1346A288FF2A2CD000218C
S31508002A902826C8221D46D21A92FBF6F20A4412B21A
S31508002AA02C4B03EBCE0393F801E0964501DD002A93
S31508002AB02FDA0EF1FF322CE0CB78A3EB0C030024BF
S31508002AC09C420ED2191BA3EB5101224800EBCE0003
S31508002AD0406830F91100904201DC0C46F0E74B1EC5
S31508002AE0EEE76344D8B230E0B4F90620B4F90860DA
S31508002AF00121CFE75C331849A1FB03139B09013277
S31508002B0012B2164696450FDD04EBC2018988994232
S31508002B100AD304EBC2018B68B1F9061001FB053331
S31508002B20002BE7DA0023E5E7013E04EBC604A2889A
S31508002B309A4200D31A46624500D31046C0B204E052
S31508002B40FF20704700207047002070BD0020FCE77A
S31508002B5014B9000868110020D34D621009296FD8EE
S31508002B603A4B5B5C032B6DD8394911F833100129B0
S31508002B702AD010B4364901EBC3014C68002C63D047
S31508002B80201D334901EBC3018978914234D230497B
S31508002B9001EBC301C978914233D92D4901EBC3032F
S31508002BA093F801C00CF1FF3C5FFA8CFCA388FF2B5D
S31508002BB02AD00023634529D2591C30F83110914296
S31508002BC024D30133DBB2F5E7214901EBC301C97808
S31508002BD0914200D20A461E4800EBC3008078121ABA
S31508002BE0D2B2091A8A4200DD0022194901EBC30351
S31508002BF05B6833F912007047B4F902005DF8044BBC
S31508002C007047B4F90000F9E70123D3E74FF47A7166
S31508002C1001FB02F200EBC3004368D31AB0F90220A5
S31508002C2002EBD27103EB610393FBF2F3B4F90000F4
S31508002C309842E3DBB4F902009842DFDC18B2DDE71C
S31508002C4004487047034870470248D7E714B9000894
S31508002C50681100200080FFFF08B50348FFF7DAFE79
S31508002C60012007F043FF08BD20B9000830B583B03E
S31508002C70044607F03DFF08B103B030BD694620465B
S31508002C8007F013FF00B1FEE79DF80030124A1278EC
S31508002C909342F1D00E2B06D164250F49204607F042
S31508002CA0F1FE28B1FEE7204604F084FB0546F4E76A
S31508002CB02946204607F0FBFE00B1FEE7064B1B78C7
S31508002CC00A2BD9D16946204607F0EFFE9DF8002069
S31508002CD0014B1A70D0E700BF5809002070B58AB0BA
S31508002CE004460D4628220021684608F0C3F9032346
S31508002CF000934FF41653ADF8063002228DF80820DB
S31508002D0001238DF809308DF80A208DF80B306423DD
S31508002D1003934FF47A7306936946204604F09AFBA8
S31508002D200646C0B90C3D102D7CD8DFE805F0091B16
S31508002D3021272D33393F454B51575D63696F750020
S31508002D403949204607F006FF06462EB9FF212046D8
S31508002D5007F039FF064616B1204607F014FF30463D
S31508002D600AB070BD3149204607F0F4FE0646ECE786
S31508002D702F49204607F0EEFE0646E6E72D4920468F
S31508002D8007F0E8FE0646E0E72B49204607F0E2FE94
S31508002D900646DAE72949204607F0DCFE0646D4E768
S31508002DA02749204607F0D6FE0646CEE7254920469F
S31508002DB007F0D0FE0646C8E72349204607F0CAFEB4
S31508002DC00646C2E72149204607F0C4FE0646BCE788
S31508002DD01F49204607F0BEFE0646B6E71D492046AF
S31508002DE007F0B8FE0646B0E71B49204607F0B2FED4
S31508002DF00646AAE71949204607F0ACFE0646A4E7A8
S31508002E001749204607F0A6FE06469EE715492046BE
S31508002E1007F0A0FE064698E71349204607F09AFEF3
S31508002E20064692E7012697E768BC000868BB0008D3
S31508002E30A8BC000848BC000808BC0008A8BB0008D5
S31508002E40E8BB000888BB000828BC0008C8BB000807
S31508002E5088BC000848BB000828BB000808BB000857
S31508002E60E8BA0008C8BA0008A8BA000800B587B0CA
S31508002E70002301930293039304930593044B02934F
S31508002E8001A94FF0FF3007F05BFE07B05DF804FBC1
S31508002E90006A180000B583B0094B93E80300009058
S31508002EA0ADF80410090C8DF806106846FFF702F90C
S31508002EB00920FFF73DF9002003B05DF804FB00BFC9
S31508002EC078BA000810B582B0074A536F43F0010379
S31508002ED05367002400948DF804406846FFF716F8F7
S31508002EE0204602B010BD00BF0040005010B58AB0A1
S31508002EF0EC461B4C0FCCACE80F000FCCACE80F002F
S31508002F0094E803008CE80300164BD3F84C3113F40D
S31508002F10002F07D0144B1C884FF6FF739C4205D12F
S31508002F208C2403E00F4BD3F85041E4B28DF81940D6
S31508002F30FEF70AFF241803D4FF2C02DDFF2400E065
S31508002F4000248DF818400948FDF7FAFB6846FEF795
S31508002F5021FE3220FEF7FEFE00200AB010BD00BF9B
S31508002F6080BA00080080E00F0001E00FC017530286
S31508002F706FF0040307E003F00F010A4A0A445021E0
S31508002F80117601335BB24B2B09DC002BF3DB03F123
S31508002F90604202F56142502182F80013F1E70020F1
S31508002FA0704700BFFCEC00E010B5044607F0DBF8FC
S31508002FB0024B1C6007F0DBF8002010BD90110020C2
S31508002FC010B507F0D0F8034B1C6807F0D0F8204678
S31508002FD010BD00BF90110020F0B58DB016461C46F6
S31508002FE0129D002306930793089309930A930B935C
S31508002FF023790BB18DF8183001238DF81E3006ABF6
S31508003000F361637993B10123049303937A4B029393
S315080030107A4B019300230093794B0A46294600F020
S31508003020D3F9074620B138460DB0F0BD0223EBE7C9
S31508003030A368EB63E369EB64237E85F8483063692C
S315080030406B64237C85F84030636A6B6594F820309E
S3150800305085F85030E36AEB6594F8283085F85830DF
S315080030602368AB6301213A20FEF7F2FB0123042211
S315080030706169207CFFF7E4FA01230222E169207ED8
S31508003080FFF7DEFA0023337085F860300121A06867
S31508003090FEF7DEFB6379002B41D05A4AD2F8283175
S315080030A023F0070343F00103C2F82831A368562B1F
S315080030B002D0B3F5A06F08D1524AD2F8203223F0D5
S315080030C0070343F00103C2F820323146206807F0AF
S315080030D0A5F895F8603043F0040385F86030E26897
S315080030E0494B263203EB421210215160217C60695C
S315080030F0E26841EA004103EB4212C2F8DC14227E80
S31508003100E069E16842EA004203EB4113C3F8D424BC
S315080031102379032B6ED8DFE803F0511A41490121C0
S315080031203620FEF795FBA368562B02D0B3F5A06FA1
S3150800313008D1344AD2F8203223F0070343F00303B8
S31508003140C2F820323146206807F06EF8C7E795F8CE
S31508003150603043F0010385F8603000260023022220
S31508003160616A94F82000FFF76BFA94F82020616AE8
S31508003170E36842EA01425B0103F1A04303F57033B9
S3150800318041F2CC415A50DEB9AB6B03F580530422A9
S315080031901A650521206807F016F844E795F86030A7
S315080031A043F0020385F860300126ECE795F86030B5
S315080031B043F0030385F860300126CFE70026E2E7EF
S315080031C000230422E16A94F82800FFF739FAE36835
S315080031D00D4AA63302EB43130221596094F82830AE
S315080031E0E06AE16843EA004302EB411241F2D0414A
S315080031F05350C9E7232716E7FDA2000879A300085C
S31508003200ADA300080080005000C00350002807DB6B
S3150800321000F01F02400901239340024A42F8203079
S31508003220704700BF00E100E000280CDB00F01F0239
S315080032304009012393402030034A42F82030BFF367
S315080032404F8FBFF36F8F704700E100E010B586B06F
S315080032501446137A03EB43031B0103F1A04303F55A
S315080032608023DA6EE16823690B449A4216D06169B5
S31508003270914215D38B1AABB90123637694F82D3096
S315080032804BB1002384F83530E3691321204698476B
S31508003290636A20469847002006B010BD0A46E6E74E
S315080032A09B1AE8E7049406490391002102910193C9
S315080032B0012300936368216806F07DFBEBE700BFF6
S315080032C04D32000838B504460568FFF779FE844292
S315080032D022D095F93630002B08DB03F01F015B0975
S315080032E001228A4060330E4941F8232095F93600B9
S315080032F0FFF79AFF287AFDF769FC287AFDF7CAFBDB
S31508003300FDF7A2FB002323606360A360236163616A
S31508003310AB6A2846984738BD0020FFF745FED8E730
S3150800332000E100E030B589B0044600234376007A10
S31508003330FDF70CFC207A00EB40031B0103F1A043C8
S3150800334003F58023DA6EE56823692B449A4219D07F
S315080033506369934218D0012323760DF11F01FDF707
S31508003360B3FC9DF81F3043B30DF11E01207AFDF71B
S315080033707DFC9DF81E3003BB22460021207AFFF70C
S3150800338065FF1AE02A46E3E700232376656194F889
S315080033902D3003B12563636A204698472369049450
S315080033A0084A03920022029201930123009363685C
S315080033B02A462168207A06F0FEFA207AFDF7E6FB0F
S315080033C009B030BD4D320008F0B587B006460C4648
S315080033D015461F4638220021204607F04BFE95E881
S315080033E0030084E8030000232376EB68E3602A6978
S315080033F0226163612A7D84F82C20AA7D84F82D2019
S315080034002363012384F8343084F83530E7610C9B54
S3150800341023620D9B63620E9BA36295F9083084F8BC
S3150800342036303460214B7360214BB360214B3361D6
S31508003430214B7361214BF360FDF756FB10B1204A0F
S3150800344090422DD1002104F10800FDF7CBFA48BBC4
S31508003450236904941B4A03920022029201930123D2
S3150800346000936368E2682168207A06F0A4FA0446A5
S31508003470D0B995F90830002B08DB03F01F015B096A
S3150800348001228A406033104941F8232095F9080043
S31508003490FFF7BCFE3046FFF787FD204607B0F0BDB4
S315080034A01024FAE71024F8E71024F6E765A50008C3
S315080034B05BA600088DA4000893A40008C53200087E
S315080034C0038000F04D32000800E100E0BFF34F8FA3
S315080034D00549CA6802F4E062044B1343CB60BFF3A4
S315080034E04F8F00BFFDE700BF00ED00E00400FA05BE
S315080034F0BFF35F8F074B5A6A22F480325A62D3F8B9
S31508003500942022F00102C3F89420BFF34F8FBFF333
S315080035106F8F704700ED00E070B5FFF7E9FF234CA9
S31508003520234EB4423ED026F01F05203DA02200219E
S31508003530204807F0ABF8B5F1005F0DD31E490B68BC
S3150800354045F001051D4AC2F898301D48C2F89C008E
S31508003550C2F8A05001330B60B44210D01F3424F0D7
S315080035601F0444F0030414490B68144AC2F898303F
S31508003570C2F89C401348C2F8A00001330B60BFF3A1
S315080035805F8F0E4B0522C3F894205A6A42F48032A4
S315080035905A62BFF34F8FBFF36F8FBFF34F8FBFF3DF
S315080035A06F8F70BD4FF08045C0E700BF800A0020CE
S315080035B0800A002090ED00E09411002000ED00E064
S315080035C003000020E1FFFF3F4161114B1B68CBB1AF
S315080035D010B4002403E0891A41611C469B6823B194
S315080035E05A698A42F7D9002AF5D044B1A0608360A7
S315080035F013B15A69521A5A615DF8044B7047044A66
S315080036001060F4E7024B186000238360704700BF20
S31508003610A01100200E4B1B68002201E01A469B6889
S315080036200BB18342FAD183420ED14AB183689360C3
S3150800363083685BB15A6941690A445A610020704738
S315080036408268034B1A60F3E7022070470020704730
S31508003650A01100200A4B1B6800220A490A7005E0DF
S31508003660084B01221A70704759690A44012A06D87C
S31508003670D98811F0020FF3D19B68002BF4D170475B
S31508003680A01100206216002008B500F053F90B4B74
S315080036901B680B4A1268821A03E0521A0021596104
S315080036A09B683BB132B159699142F6D3891A59617F
S315080036B00022F5E7024B186008BD00BFA0110020E4
S315080036C09C11002010B50B4B1B685B695BB10A4A5D
S315080036D014681C44022006F0FFFF204600F038F963
S315080036E0FFF7B8FF10BD022006F0F6FF022000F033
S315080036F081F9F5E7A01100209C11002010B506F00D
S3150800370039FD0446144B1B78DBB9144A1360144A76
S315080037101360144A138000F0D1F8012006F0DCFF8C
S3150800372007F008F80246104B186078B100230F48D6
S3150800373040F2E73105F0A8FC0D4B1860064B012254
S315080037401A70204606F01CFD002010BD204606F023
S3150800375017FD2320F9E700BF63160020A0110020FB
S315080037609C11002040160020A411002018FCFFFF21
S31508003770981100202DE9F843044610F0010F04D1F2
S3150800378014F0020F10D1BDE8F883494A13889BB29A
S3150800379001339BB21380FFF777FF464B1B68002B5C
S315080037A0EED0FFF78FFFEBE706F0E4FC0546FFF7E0
S315080037B06BFF00273E4643E09B683BB15A692AB92E
S315080037C021791A799142F7D91C46F5E7284606F079
S315080037D0D7FC2569002D3AD10025A8462F46002D8D
S315080037E046D0236903B3FDB9B8EB0707A38B6BB1C2
S315080037F0E28B13449BB2E383B3F57A7F06D3A3F532
S315080038007A73E383013FA369013BA36106F0B2FC27
S31508003810054639462046FFF7D7FEA36922691344B1
S31508003820A361284606F0ACFCE7880136E36813B1C5
S3150800383021682046984706F09DFC0546FFF724FFB9
S315080038401C4B1C68F4B16369E3B92346B5E7A8467F
S3150800385000F070F8A369C71AFA17AF4272F10002AE
S3150800386004DB22691344A3610125B8E70025B6E7FE
S3150800387006F080FC81462046FFF7CCFE484606F057
S315080038807FFCAEE70C4B00221A70012E06D05CB105
S31508003890FFF718FF284606F073FC74E717F0020FC7
S315080038A0F5D001221A70F2E7022000F089F8F1E754
S315080038B040160020A01100206116002010B586B021
S315080038C000248DF8144001218DF804108DF8054068
S315080038D08DF806400294039404943E20FDF7B8FF41
S315080038E005A8FFF721F88DF8044001A92046FFF73F
S315080038F033F80F212046FFF75BF80F212046FFF724
S315080039005DF8FEF7F5FF094B5B6813F0010F03D06E
S31508003910064BDB69002BF6D1044B00229A61044B57
S315080039204022C3F888219A6006B010BD00800A506C
S3150800393000E100E0054B5B6813F0010F03D0034B71
S31508003940DB69002BF6D1014B9869704700800A5055
S31508003950F8B5044606F007FC0646FFF7EBFF0546F2
S3150800396006F0B4FE07460020FFF72EF810F0020F07
S3150800397004D17B1B032B01D8BD420FD1631B022B3D
S3150800398000D8EC1CB4F1FF3F2CBF2246621E002172
S315080039900846FFF731F8022006F09EFE304606F08C
S315080039A0E6FB054B1B782BB1044B01229A64024BAC
S315080039B000221A70F8BD00BF790A002000900A504C
S315080039C008B510F0010F0ED1002110F0020F06D035
S315080039D041F002010123054A1370054A9364002049
S315080039E0FEF7E6FF08BD0121EFE700BF790A0020D0
S315080039F000A00A5010F0020F02D0024B02221A64ED
S31508003A00704700BF00900A5010B50446FCF77CFECC
S31508003A100E4BA3FB0023B0F57A7F12D39B090C4A01
S31508003A20B2FBF3F20B4B98420BD84FF47A7304FBB4
S31508003A3003F3B3FBF2F30848A0FB03204008022B6C
S31508003A4000D810BDFCF794FBFBE700BFD34D62100E
S31508003A5040420F00E7CD9A3BABAAAAAA10B50A4680
S31508003A600446A1B10E4A0F490F4801F08BF94FF0F1
S31508003A7054320E4BC3F8D820552283F8DE20FF2295
S31508003A80A3F8DC20802283F8E3204FF401524FF498
S31508003A900151204603F000FA03F01CFA002010BD7D
S31508003AA090BD000898BD000860BD0008003E00B043
S31508003AB007B50C4AA2F8DC10437D0C3B052B4FF0EA
S31508003AC000030DD901938DF80410D2F8D830694651
S31508003AD01BBA0522009304F027FA03B05DF804FB2D
S31508003AE01846FAE7003E00B01FB50E4BC3F8D810CB
S31508003AF083F8DE20427D09BA0C3A052A89BF0022DE
S31508003B000422B3F8DC30CDE90212019185BF052203
S31508003B1002A90DEB02018DF80C3004F005FA05B088
S31508003B205DF804FB003E00B02DE9F04F894647F6E4
S31508003B30FF75097F89B0122928BF002103920190D9
S31508003B4003F01EFE4FF0000E99F81C30F34606935C
S31508003B50069A019BF0465A75874B884A1D8052691A
S31508003B60874B884C5A6109F1170305936FF01F03B9
S31508003B70A3EB0903CDF810E00793059B13F801AFF3
S31508003B80BAF1040F059304D059F82B300293013388
S31508003B905AD14FF0FF33E38123820023C4E900336F
S31508003BA023764FF0000363820BF1010BBBF1040F80
S31508003BB004F124040EF1240EDFD1B8F1000F01D070
S31508003BC06D4B1D80704B049A83F8E520069A83F89E
S31508003BD0DF2099F81D309B070DD56A4B6B4A19688B
S31508003BE091420BBF6A4A6B4A1A601A600CBF6A4A4E
S31508003BF06A4A52695A61039B61490198002B00F091
S31508003C00B48003F003FA604B019893F8DE20D3F8EA
S31508003C10D810B3F8DC50FFF767FF044620B92946E9
S31508003C200198FFF745FF044699F81D204FF4002137
S31508003C3012F0010218BF4FF40022019803F02CF984
S31508003C40204609B0BDE8F08F079B059A33F9127034
S31508003C50039B002B69D0BAF1020F1CD0BAF1030FEF
S31508003C6036D0BAF1010F49D1A446BD42C8BF3D4678
S31508003C704B4E039B7644C8BF98460FCEACE80F0060
S31508003C800FCEACE80F003368CCF80030029B678291
S31508003C906360102315E0A446424EBD4276440FCE1B
S31508003CA0ACE80F000FCEACE80F003368C8BF3D463E
S31508003CB0CCF80030029B67826360039BC8BF9846B6
S31508003CC00123049A03FA0BF31A43D3B204936BE75E
S31508003CD0A446354E039BBD427644C8BF98460FCED0
S31508003CE0ACE80F000FCEACE80F003368C8BF3D46FE
S31508003CF0CCF80030029B6782636055E7A4462B4BDD
S31508003D00BD4253F82A309E6876440FCEACE80F00C1
S31508003D100FCEACE80F003368CCF80030029B678200
S31508003D20636025DC2F463D463EE7A4461F4BBD4251
S31508003D3053F82A30C8BF3D469E68C8BF4FF00108F1
S31508003D4076440FCEACE80F000FCEACE80F00336810
S31508003D50BAF1020FCCF80030029B67826360AFD0DD
S31508003D60BAF1010F7FF420AF93E706F016FE4AE793
S31508003D70DDF80C80D7E700BF6E0A002070F4000853
S31508003D8060090020A8110020003E00B03007010895
S31508003D9078020108C0FD000880F60008A8F50008AA
S31508003DA018F50008F0F5000888F4000878090020DE
S31508003DB0FF28074B09BF0A6851F82020C3F8782264
S31508003DC04A6818BFC3F87822C3F87C22704700BF38
S31508003DD0004001B8144BFF281870144A144B09D137
S31508003DE01821C2F8FC131022C3F8FC23114BD3F890
S31508003DF074320DE0C0431821C00000F00800C2F874
S31508003E00FC13C3F8FC030028F0D10A4BD3F8783228
S31508003E1040F2FF31054AC3F30903C2F80C11A2F5B3
S31508003E208052C2F80C31704764160020002002B890
S31508003E30001002B80080E00F014B1878704700BFE9
S31508003E40641600204FF03A43D3F81421D2031ED546
S31508003E504FF480320E49C1F81421A1F58051C1F8FA
S31508003E6018215A6DD1B2C2F30722C3F8A410C3F8B9
S31508003E70A4200422C3F8A4200022C3F8A420C3F86F
S31508003E80A420C3F8A420C3F8A420C3F8A42070472C
S31508003E90002000BA054B012218604FF03A435A67D2
S31508003EA040F6FF72D96418651A6770473C120020FD
S31508003EB02DE9F04105460124006800F007000630A8
S31508003EC004FA00F3A868EC685E1EA04262D000EA15
S31508003ED0060E6C6810441E430640A3EB0E000EEB5C
S31508003EE0040C8242644618D9D31A0EEB030298B121
S31508003EF0431E052B04D94B1CACEB0303022B59D8E4
S31508003F000B460844ACEB010E03EB0E0113F8014B0C
S31508003F1083420C70F8D101466C688AB1531E052B92
S31508003F2001F1010302D9E01A022812D80A44611ED7
S31508003F3000E0013313F8010C934201F8010FF8D1A0
S31508003F4006F011F90223AE60AB62BDE8F04106F057
S31508003F500EB90B46204622F0030E8E4453F804CBC6
S31508003F60734540F804CBF9D122F00303D01A92071F
S31508003F7001EB030C04EB0307E2D0CA5C0128E25408
S31508003F80DED09CF8013002287B70D9D09CF802302C
S31508003F90BB70D5E7042A35D90878043AA861487869
S31508003FA00431A86111F8020CA86111F8010CA86186
S31508003FB0A8688CE70B4620F003070F44ACEB010E0C
S31508003FC01C684EF803400433BB42F9D120F00303C2
S31508003FD010F0030F01EB030EA0EB03040CEB030731
S31508003FE028D011F80380012C0CF8038022D09EF803
S31508003FF00130022C7B7018BF9EF80230084418BFA7
S31508004000BB7088E7013A032A12D8DFE802F00F15D9
S3150800401007020B4613F8012B1946AA610A4612F83D
S31508004020013BAB61114611F8013BAB610B78AB6103
S31508004030BDE8F08108446EE70A46F3E738B50B4653
S31508004040154601464FF03A4470B101221048C4F8AB
S31508004050F4201A46FFF72CFF25B14FF03A43042205
S31508004060C3F8F420002038BD73B1D4F8D8209A429A
S3150800407084BF0122C4F8F4204FF03A42C2F8D43083
S315080040800223C2F8F430E7E70123C4F8F430E3E783
S31508004090CC0000BA10B506F066F84FF03A43012294
S315080040A05A67C3F8B420C3F88C20154A1549C3F8D3
S315080040B090200722C3F8B020134B04461A80002329
S315080040C0124A13804FF4A022C1F81421A1F5805199
S315080040D0C1F818210E4A13600E4B5B6C5B020AD5B9
S315080040E04FF480020C4B18680C4BD8305A6450F8C1
S315080040F0A01C01F027F82046BDE8104006F037B8A6
S31508004100880A0020002000BA441600204216002023
S3150800411038120020000002B8A4120020002002B8BD
S3150800412007220D4B01211A8000220C4B1A804FF0F2
S315080041303A43C3F8F410C3F8CC204FF40052C3F83E
S31508004140D000C3F8F020F022054B9A64A022A3F50C
S3150800415080539A64FFF79EBF44160020421600203B
S31508004160006000B82DE9F041044688B105F0FBFF70
S315080041703D4E3E4A3388032C03F0780105463C4FF2
S3150800418003F07F0C11445DD13C6824B905F0EFFFBC
S315080041900320BDE8F08124F00104386820F001000E
S315080041A0A04254D100223A6022888C426FEA4242E9
S315080041B06FEA5242228040D12E4CDFF8D0C02788C1
S315080041C0ACF180083A46083A92B201F10800604517
S315080041D028BF4046082A04D9B0F900E0BEF1000F0E
S315080041E040DB228088780C884FF03A413B449B1A82
S315080041F0DBB2C4F30C048C653380C1F89830C1F87F
S31508004200B0204FF480221C4B00F00700C3F814219D
S3150800421001221A4BC3F88421FFF714FE04280CD197
S315080042204FF48002164B5B6C164B1868164BD83049
S315080042305A6450F8A01C00F085FF284605F097FF41
S315080042400020A6E7601E012898BF0C46A5E7094886
S3150800425062440088A21A48BF803208389042A3DC1C
S31508004260284693E70146AEE742160020880A002052
S315080042703812002044160020002000BA00E100E0B1
S31508004280000002B8A4120020002002B8080B002083
S315080042901249134B0A881B8812481344083292B2F3
S315080042A00A804FF03A41C1F8B0204FF480210E4AF7
S315080042B0073BC2F81411012103F0780303449878E8
S315080042C00A4A00F007000428C2F8841103D10849F5
S315080042D0CA681203FCD4074A1360704744160020C4
S315080042E042160020880A0020002000BA00E100E0FB
S315080042F0000002B83812002010B5054C206828B115
S31508004300C30701D4FFF72EFF0023236010BD00BFAB
S31508004310381200204FF48033084AC2F81831A2F543
S315080043208052C2F814314FF03A43D3F8AC30C3F395
S315080043300C03782B01D8FFF785BD7047002000BA1B
S31508004340034B1A6802609B8883800020704700BF71
S31508004350700A002010B5044600F06AFD063C074BBB
S31508004360032CD3F8F80706D800F4C020B0F5C0200F
S3150800437018BF012010BD0020FCE700BF000002B8EE
S3150800438008B50E4BD3F8FC37FF2B0ED0C3F34211FA
S3150800439003F01F03013303EB4112FE2A88BFFE23F5
S315080043A0074A98BF03EB4113137000F09DFD41F6D1
S315080043B06A03B0FBF3F0034B186008BD000002B8AF
S315080043C07D0A002040120020063803289ABF024BB7
S315080043D018780020704700BF7D0A0020334BD3F8B9
S315080043E0F827D3F8FC17324B1B68D3F8C83013B13B
S315080043F01A68032A2BD82F4BDB6BC3F3C20013F0C2
S31508004400380F03F0070218BF424313F4E07FC3F3E3
S31508004410821000D04243C1F34213022B234919D913
S31508004420062A37D9D1F8FC3313F0010335D14FF0FA
S31508004430E0702149092AC1F82C012048C0F82C311E
S315080044406FF0FF03C1F828311DD91D4B1DE09A6A8C
S31508004450520EE0E70023D1F8FC13C907E7D5032A73
S315080044601CD84FF47C71144A43F44C73C2F82C11CF
S315080044704FF0E071C2F82C111049C1F82C316FF0D9
S31508004480FF03C2F828314FF408530C4A0020C2F83B
S31508004490283170474FF40003DDE700234FF47C70A2
S315080044A0054943F43873C1F82C01C0E7000002B887
S315080044B0A4120020008001B8002002B8001002B83B
S315080044C0002DB00BF8B5834D04462978002950D144
S315080044D02C22814806F0CEFD2378804FFF223B70C0
S315080044E0638800247B807E4B4FF48150C3F8DC4000
S315080044F07C4B1A7007227C4BD3F8F817D3F8FC6765
S3150800450003F50053C3F8FC234FF47072C3F82C214B
S31508004510764A4903C3F830214FF00102C3F8342123
S31508004520C3F86C014FF40060A3F58053C3F86C011F
S3150800453026D4C3F8FC234FF4307216F0E00FC3F804
S315080045402C2108BF4FF480524FF0080008BFC3F86B
S315080045506C21FDF71FFE4FF4780420226449C1F848
S315080045606C213A78063A032A2BD8DFE802F0156B55
S315080045706E7300235F4AC2F8FC305F4A1370ABE7DC
S315080045800421C3F8FC1380210920C3F82C11C3F8B1
S315080045903421FDF7FFFDE0E716F0E00FC6F34212FF
S315080045A004D144F40C3444F440740AE0012A1BBFD5
S315080045B02020524A44F4C134C2F86C0118BF44F4AE
S315080045C08024C1F83041FFF709FF002839D14C4B48
S315080045D01A68B2F1406F474A5BD3D3F87C120131AF
S315080045E03BD0D3F87C12C9B2C2F8DC10D3F88032BB
S315080045F0404ADBB24249C2F8E430D1F8843201338A
S3150800460043F63F7332D0D1F884421C40C2F8D840F2
S31508004610D1F888120B40C2F8E030394BD3F88C1227
S3150800462001312CD0D3F88C1201F0FC01C2F8F0103D
S31508004630D3F8903203F0FC032E4AC2F8F430012373
S315080046402B70F8BD44F40834ADE744F4A73444F4B9
S315080046508074B6E744F4FE44B3E72349D1F8283119
S31508004660DBB2C2F8DC30D1F82831C1E71E4CD4F8E9
S3150800467024111940C2F8D810D4F82411CAE71A49E7
S31508004680D1F8343103F0FC03C2F8F030D1F83431F4
S31508004690D0E71549D1F8F847D3F83012C9B2C2F8AD
S315080046A0DC10D3F83432DBB2C2F8E430630357BF08
S315080046B043F62B3341F61B33C2F8D830C2F8E03044
S315080046C049BFC2F8D830FC23C2F8E030DC23C2F870
S315080046D0F030B1E766160020D43F00B0700A00201B
S315080046E0004001B87C0A0020000002B800FFFF0065
S315080046F0001002B8003F00B065160020002002B87E
S315080047000080E00F2DE9F04F846C4C22022C38BF54
S3150800471002248E49013CCB6CD1F8DC508C49C3F39A
S315080047208213DA400B688046A34290F804A1C77D3D
S31508004730884BDFF854B287B002F0010219D1187815
S31508004740904216D184480078504512D1D8F84C00CA
S3150800475078B1A8420DD18148D0F8F800860608D469
S315080047607F480078B84204D1BBF8040007B0BDE81A
S31508004770F08F9BF800000C601A70FFF725FEFF2FDC
S315080047808146764940D1AAF10603032BD1F8F810E1
S31508004790744B2FD88D064BD540F2FF310127C3F84D
S315080047A08810BB0843F438736F49C1F888306D4BDD
S315080047B00121C3F8E010002A4FD0D8F8C850002DC0
S315080047C044D02B6840F27126082B34D800F08CFBB5
S315080047D0B0FBF6F0192360430025B0FBF3F0294639
S315080047E0059005A806F022F80602059C46F0110673
S315080047F02D0461E088061CD540F2FF31C3F8881005
S31508004800FB0843F44073CFE7431EBB4228BF3B4631
S31508004810012B38BF0123D1F8F810DFB2890608D575
S3150800482040F2FF304F491B06C1F88800E8D4B8E7C4
S3150800483001274D4BBCE795F8385000F055FBB0FB07
S31508004840F6F019236043B0FBF3F0C8E700F04CFB21
S3150800485040F27123B0FBF3F0F3E700F045FB40F2BA
S315080048607123B0FBF3F619236643B6FBF3F63F4B09
S315080048709821A3FB062303A8039305F0D7FF039CFF
S315080048803B4A361BA2FB06120190342104A8049267
S3150800489005F0CCFF049D0090761B302105A80596EF
S315080048A005F0C4FF019B009A1E02059B2C4446EAAC
S315080048B00216304D06431C442F4B40F6C7021868B3
S315080048C02B21003818BF012002F0AEFDFA222A4B30
S315080048D002FB04F01B6840F6FF72B0FBF3F00A23F4
S315080048E05843204B00F57A74C3F8D820A3F58053B3
S315080048F0C3F8D860A3F58053C3F8DC501F4B204E8D
S315080049001B78C6F8D4700BB9C6F8FC7086F8FB900D
S3150800491000F58C50C8F84C501A4D14302C6000F035
S31508004920C9FF4FF47A72C6F89800C6F8EC002B68EF
S315080049300B49B3FBF2F3ABF80430074BB4FBF2F0C8
S3150800494083F800A098F817300B700FE7004001B8FD
S3150800495088090020671600207B0A0020004F00B057
S315080049607A0A0020006001B8005001B869C2F568EB
S31508004970B97A146E3064FC004012002065160020D7
S31508004980003F00B044120020700A002010B5104BFA
S31508004990024618780F4C0E2802D1FF20207010BD51
S315080049A0831F032B8CBFFF210121FFF70DFD9042CA
S315080049B028BF1046C0B2884238BF084623788342CB
S315080049C0EDD0054B20701868FFF79CFE2078E6E7C7
S315080049D0700A00207C0A0020A412002008B50E4B9D
S315080049E0024618780E2812D0FF2A13D0FFF7ECFCDF
S315080049F0904228BF1046C2B2012A38BF0122074B8F
S31508004A00C3F8FC200123064910460B7008BD002395
S31508004A10FF22F8E70023F6E7700A0020003F00B0FF
S31508004A20651600200020044B1870044BD3F8D420D8
S31508004A30C3F8FC20704700BF65160020003F00B091
S31508004A402DE9F0472D4B2E4C4FF47A76A36000F0F3
S31508004A504BFA4FF4FA73B0FBF6F673430746294848
S31508004A60190E1B021818284A4FF0000341F10001DD
S31508004A7004F00AFBA0F580730546236320B9662275
S31508004A802B2102F0D1FC01254FF47A724FF0000A6F
S31508004A906A4353465008310204F0F6FA1B4BB7F541
S31508004AA07A7F19601A4B4FEA0568894604461860EA
S31508004AB04FEA152505D276222B21504602F0B4FC82
S31508004AC001264FF47A73A8FB030103FB051173084B
S31508004AD0C01841F100010023324604F0D5FA0D4B07
S31508004AE0023419600C4B49F10009A408186044EA1D
S31508004AF08974034B013C9C63BDE8F08702110100F1
S31508004B0000C001B820A1070040420F00541200203F
S31508004B10501200204C120020481200201022044B8C
S31508004B20C3F884215A600122024BDA60704700BF3D
S31508004B3000E100E000C001B838B501250A4B0201C2
S31508004B409D504FF480730446084A8340536605F027
S31508004B500AFB074AA540137823EA05031370BDE844
S31508004B60384005F004BB00BF00E101B800E001B819
S31508004B7068160020044B01F0F071103041F0030173
S31508004B8000011950704700BF00C001B838B505F0DC
S31508004B90F1FA084B084A1D6A92F8C9405A6EE4B2FF
S31508004BA0520744BF1D6A013405F0EAFA284604F0A4
S31508004BB0030138BD00C001B8003E00B008B5222088
S31508004BC004F072F94FF48022014BDA6008BD00BF89
S31508004BD000C001B8064B1B68434303EB8171054BC4
S31508004BE01B68A3FB003013F1004341EB000070473C
S31508004BF04C120020481200200C4A20F0404301467F
S31508004C0010B5002014684FF00042E4FB0320084A60
S31508004C10890F126802FB0300064B9B6B984204D966
S31508004C2001330131C01A01F0030110BD50120020F2
S31508004C305412002000C001B8836833B10549C26820
S31508004C40096803F13043032A00D8704743F8041B68
S31508004C50043AF8E7A009002070B50C68651C15D061
S31508004C60C4F302669E42C4F3074530D1A4B2944207
S31508004C702DD804EB8506B24229D2141BA50824F0C8
S31508004C8003040E59340F04D0012C09D00022012345
S31508004C9003E06B1C51F8232000230260037170BDEA
S31508004CA00D4C34F8133042EA03431A686B1C51F86A
S31508004CB0234001EB83014B6822405E4036F0704486
S31508004CC0EAD11B0F032B04BF8B681A43E4E70135AF
S31508004CD001EB8501C1E700BF14BD000870B5164693
S31508004CE0054610B90124204670BD0029FAD042684D
S31508004CF0104B006803321B68920800F13040984751
S31508004D0004460028EFD1002EECD0EA68A8680332E2
S31508004D103146920800F1304005F0C7FD04460028E8
S31508004D20E1D1D5E90402214600F1304006F0A2F9A6
S31508004D30D9E700BF8C09002007B501A8FDF7A4FD37
S31508004D4042F201020C4B0D49C3F870224FF4FC7273
S31508004D50C3F8E0205822A3F58053C3F8E020084A98
S31508004D60A3F61C7352F8040B43F8040B8B42F9D1D3
S31508004D7003B05DF804FB00BF006001B8104101B83C
S31508004D80E8BC0008836810B4074C03F13043246874
S31508004D901B689C4203D15DF8044BFFF79FBF0020B8
S31508004DA05DF8044B704700BFA0090020002310B52A
S31508004DB0174C012163643A20A364E364FCF748FDB9
S31508004DC00122144B5A6102229A62E368C3F3036311
S31508004DD00D2B01D0002BF8D111230F4AE3630F499D
S31508004DE00F48FFF77BFF00F071FE0E48FFF724FF20
S31508004DF00D48FFF721FF0D48FFF71EFF4FF08062B1
S31508004E00044B5A61012203F580535A6110BD00BF55
S31508004E10000002B8001002B894BD000850C200088D
S31508004E2078BD000848BD000860BD000830BD000810
S31508004E3001230D4A0D49C2F8803291660C4A536027
S31508004E400C4A53600C4A5360A2F580425360A2F59F
S31508004E504042536002F5C032536002F58042536007
S31508004E60A2F500425360704700900050FF0B0016F1
S31508004E7000D000B8001000BA005001B838B50324B5
S31508004E80FFF7D6FF124A134B134D1A6500F0FCFCC8
S31508004E90FFF752FF114BC3F8104101232B6500F0B1
S31508004EA04BFC4FF460736B614FF400732B65FEF790
S31508004EB0C3FF0021FEF78EFF8022094B1C64A3F571
S31508004EC080535C64074BC3F884215A6038BD00BF21
S31508004ED00048F000000002B8001002B8005001B8FF
S31508004EE000A0095000E100E008B5FBF7F3FB044B0E
S31508004EF01B6FC3F300430133B0FBF3F008BD00BFDB
S31508004F000080005070B5044690B1A9B13A4A52F8EB
S31508004F10043B834212D10023384A116CC907FCD4DA
S31508004F209B0003F5804340331360354B01221A6416
S31508004F3070BD01330C2B02D1324D2CE0012352F8FF
S31508004F40041BA142F5D1304A32F81330E4E7C2F324
S31508004F50016335F81300110C93B211F0FE0F43EA02
S31508004F600043606820D00434CAB2022A216808D9EE
S31508004F70D4E90160033AC3E9001698600C340C338F
S31508004F80F3E704D16268C3E90012083403E0012A92
S31508004F9001D1043419602268531CD8D10022174B5A
S31508004FA01A6003F58053C1E7120F072AEDD8DFE828
S31508004FB002F00704090D1013181DC04303F500532A
S31508004FC01860E2E71A6842401A60DEE703F5805384
S31508004FD0F6E705F05FFCD8E7012203F58053824027
S31508004FE0F2E7012203F500538240EDE71A6830EA3A
S31508004FF00202FBD1C9E700BF5812002000C002B860
S3150800500000D002B814BD0008441600200122014B46
S315080050101A657047001002B80122014B1A657047DD
S31508005020002002B84022014B1A657047002002B8DA
S315080050304022014B1A657047001002B8064BDB6820
S31508005040C3F30363984206D1044A936F23F0F0032F
S3150800505043EA011191677047000002B8003F00B0AB
S315080050602DE9F0470E4605F00EFC00248046DFF8D1
S31508005070B4A0DFF8B49005F076F8DAF80C300746F5
S31508005080C3F30363012B0BD1711C35D005F0FBFB71
S31508005090A0EB0804384605F06AF8A642EBD80DE0FE
S315080050A0052BF1D00B2BEFD0023B012B09D901368A
S315080050B002D005F0E8FB384605F059F81848BDE86F
S315080050C0F087D9F80C3013F4603FDDD0D9F81830E2
S315080050D01A04C3F3891512D4013602D005F0D3FB9E
S315080050E0384605F044F82DB26FF4FF73A5F1C800F1
S315080050F09842B8BF1846E2E705F039F8BBE7731CD3
S3150800510003D005F0C0FBA0EB08046FEA85556FEAEB
S315080051109555384605F02BF815F5007FBDD0E3E721
S3150800512000FEFFFF000002B800C000B8044BD3F829
S31508005130B03010B1C3F30332027003F00F007047AA
S31508005140000002B8064B01F080015B6C03F4800393
S315080051500B4302BF4FF40012024BDA64704700BFDC
S31508005160000002B8006001B870B52C4B0C461A78DE
S315080051701AB92B4AD2F86C221A702A4A126D5205AD
S315080051804AD51D78284B05F00F06B0FBF3F04043CF
S315080051904FEA151505D140F299622B2102F044F920
S315080051A00120224A0A217243B2FBF0F34843B3FBBB
S315080051B0F1F602EB5002B2FBF0F201FB1633042BB8
S315080051C0D2B207D8C3EB8310C3EB80035BB283B9B3
S315080051D06DB217E0C3F10B0303EB8303DBB2B3FB3A
S315080051E0F1F32B44DDB20F2DF2D9013AD2B2053DC7
S315080051F0EEE7053B5BB293FBF1F31D44EBB26DB2F0
S31508005200002D04DB002042EA0512226070BD01323F
S315080052100533D2B25DB2F5E70220F7E77116002032
S315080052200080E00F000002B8403B250080969800F9
S31508005230F8B50B46002213F8044B944225D91D688D
S31508005240854224D106245A791D79124B88181E687E
S3150800525004FB0503104F33F8063C7B43B3420ED9D3
S3150800526000238A5A7A43964202D804FB0300F8BD03
S315080052709D42FAD9013304FB03F2825AF2E740F25F
S315080052805F423D21002002F0CFF80020EFE7083307
S315080052900132D2E78812002040420F0000202DE993
S315080052A0F04FA2FB016AB94FDFF824C3F7191D4670
S315080052B06AF10003BC4570EB030383B008D240F2E1
S315080052C059220E2102F0B0F8022003B0BDE8F08F93
S315080052D0D5F828908B461446B9F1000F04D0D9F8B2
S315080052E00030032B00F29381A94BAA4A9B6BD2F894
S315080052F0FC90C3F31408A84B1B6F59074EBF4FF415
S3150800530040039B0503F0E07348EA0308A34BD3F870
S31508005310EC305A0048BF48F0807848EA4468FBF702
S3150800532009FA0746002CCFD00028CDD09C4B6E62D8
S31508005330C3F800B09B4B984200F0B18103F51223E5
S3150800534003F5F863984200F07381974B984200F092
S31508005350B1810246002300204FF0007103F094FE4D
S315080053600023013006FB03F300FB0A33A6FB000209
S315080053701344203389499B092B60D1F8ECB3D1F843
S31508005380F033D1F878A1D1F8A01000930846584018
S3150800539030F47F630CBF0120002040F2BB2201914C
S315080053A0102102F041F88BEA0A0232F47F634FF0CB
S315080053B0100140F2C1220CBF0120002002F034F88F
S315080053C07A4A009BD2F86012C9B2FF291CBF2AF498
S315080053D07F6242EA0112764908BF5A468E4207D9C9
S315080053E0211F012940F2278172498E4200F223814A
S315080053F0B7FBF4F7C8F31301A1FB0717AB61684BBA
S31508005400C90C41EA473118F4801F1F686A4B08BF68
S3150800541049421960694B0F44C5E907B21F60B9F1E3
S31508005420000F00F0328100236B60AB60D9F81C6076
S31508005430D9F800A0002E49D0BAF10F0F97BF574BE5
S31508005440B9F818B0D3F88C31C3F3832B524B98BFF5
S315080054500BF1080BD3F83C31B7FBFBF2DB0216D590
S31508005460002381EAE17EAEEBE17E5549C8F3815817
S3150800547011F808C0194650084FEACC5CCCFB0E015F
S31508005480009203F001FE009AC0F3130068605F45BE
S3150800549004D3B2FA82F10D2940F30481334691030D
S315080054A0B1FBF3F14B004FEAC23E0133520C01E067
S315080054B002330131A3FB06C0E64572EB0000F7D2C2
S315080054C0C1F30E01090341F00061A960BAF1050FA5
S315080054D040F2DF80D9F82C60002E00F0B6803078D4
S315080054E004FB07F7A0F10400B0FA80F040F2265258
S315080054F03D21400901F098FF324B9F4240F201815D
S31508005500314B9F4240F20181304A974294BF0222B2
S31508005510032244F21421FF0B07EBC70307EB4303EF
S315080055209B0B013B5B0232446B61567801FB07F229
S31508005530B6EBD25F4FEAD25380F0E5802644B342F9
S3150800554040F2D7802644B34240F2E1802644B34273
S3150800555040F2DF802644B34240F2DD802644B3425F
S3150800556098BF052040F2C680002040F241523D21F6
S3150800557001F05AFF44F6776307FB03F3DB0D013BA3
S31508005580B34280F0BC80002026E000BF006CCA88C9
S31508005590008001B8004F00B0004001B8000002B812
S315080055A09012002000F04902005A62020080E00FC3
S315080055B000BBEEA000AE5EA78C1200208812002069
S315080055C01CBD000820D4CB8F00DAF89AE0DF25A6A8
S315080055D0807C814A042804D8361BB34200F10100B6
S315080055E0F8D303288CBF0020012040F24D523D21FC
S315080055F001F01AFF01216B69A6F1140242EA8642FC
S315080056001343D9F800A06B6185F82C101FE0042B12
S31508005610D9F828807FF483AE18F0807F14BF4FF442
S31508005620400308F0E07328F0E07848EA030876E6D5
S3150800563000233A4896E6019B2AF47F6A23F47F639F
S3150800564043F42A634AF4CC6BD2E685F82C6000232F
S31508005650BAF1060FEB6018D9D9F83030ABB1FBF7C1
S3150800566069F8D9F83010FFF7E3FD044608B18378E6
S315080056701BBBFBF729F8D9F83010FFF7D9FD20B185
S31508005680837813B1C3781B042B61002003B0BDE8EF
S31508005690F08F0023002085F82C30EB60F6E7002316
S315080056A01F485FE6C1F10E0326FA03F302FA01F179
S315080056B00133F5E600231B4854E640794FF4AE6201
S315080056C0003818BF01203D2101F0AEFE207940F2D6
S315080056D07152003818BF01203D2101F0A5FE23793B
S315080056E062791B0243EA0213EB60E3781B042B6121
S315080056F0BFE7012003288CBF0020012035E70120E1
S3150800570073E7002205E701202FE7012201E70220BF
S31508005710F0E70320EEE70420ECE700BF313641DC72
S315080057200A3BB2DFD694BFD64FF40022014B0020C5
S315080057301A657047002002B80E4BD3F88022D207AC
S3150800574014D55B6E002B13DA0B4B9B6813F00C0F0A
S315080057500ED10A4B4FF480021A65064B5B6E002B7E
S315080057604FF48043B4BF054A054A136500207047C5
S31508005770034BEFE70080005000400950002002B8B4
S31508005780001002B830B505460C468DB059B9334BF2
S31508005790827AD3F8FC30416831480A9300686B4630
S315080057A0FFF77CFD6C462F4B22685A632B4BD3F8C8
S315080057B0FC30002B3BD0636843B12B4B2B4AC3F814
S315080057C03C216268A3F58053C3F83C21A36843B122
S315080057D0254B274AC3F81C21A268A3F58053C3F8B2
S315080057E01C21244AE168D2F8983194F82C0023F455
S315080057F0EE630B43C2F898316FF078421E4B1F498F
S315080058009A606269A3F580539A604FF44033C1F8F1
S315080058108C3122691A4BC3F88C214FF40012D0B18F
S315080058200A65FFF789FF1749606AFFF79DFC0020A4
S31508005830A269104BC3F8A020E269C3F87821226A4E
S31508005840C3F8F8232A89A3F5E0339A6203F5A0334F
S3150800585018640DB030BD1A65E3E700BF004F00B00D
S31508005860A4120020008001B8006001B8FFFF0F00F5
S3150800587000F0FF0F000002B800600C50002002B8CC
S31508005880001002B8588001B84FF48062014B1A65BF
S31508005890704700BF001002B840B10368012B05D954
S315080058A00069034B002808BF184670470048704730
S315080058B024BD0008084BC1171A68A2FB000302FBA7
S315080058C0013310F1807043F10003400E40EAC31023
S315080058D0803820EAE0707047981200200722194B9A
S315080058E070B51A64FFF700FB174BC408010B054691
S315080058F0E005C018154A41F10001002303F0C4FB76
S31508005900134B144E18601448FFF7D4FF4042C6F8EC
S31508005910D00049F65800FFF7CDFFC6F89C000F489F
S31508005920FFF76AF9024660B1E301500818184FEA12
S3150800593015714FF0000341F1000103F0A5FBC6F80D
S31508005940A80070BD000002B8B2E60E0065CD1D00C5
S3150800595098120020003F00B07011010040420F006D
S315080059602DE9F047064608469846FFF795FF15467F
S31508005970074616B308F0020918F004081FD1B9F152
S31508005980000F1AD04FF47A7073685843002B40F012
S315080059908680FFF78FFF28637369002B00F08580E8
S315080059A04FF47A72B86802FB0300A0F5FA50FFF7C5
S315080059B081FFE862B8F1000F53D1BDE8F08730697E
S315080059C0002863D04FF47A735843BB68A0F57A6011
S315080059D0C01AFFF76FFFA862B08B002859D04FF4A2
S315080059E07A735843BB68A0F57A60C01AFFF762FF5E
S315080059F0E861324BF468D3F800A0002C4CD04FF481
S31508005A007A735C43BB68A4F57A64E41A7B68E41A83
S31508005A102B4BE1171A68A2FB044302FB013314F16E
S31508005A20807443F10003640E44EAC314803C254B9A
S31508005A302C62D3F8B830244C6B6223684BB15046BD
S31508005A4005F07CF928B12A4639462368DAF87C003D
S31508005A509847B069002104F070FF6863B9F1000F38
S31508005A6090D1B06820BB47F23050FFF723FF68613A
S31508005A704FF47A703368584323B13B6803F51C53D7
S31508005A8010331844FFF716FFA86196E74CF250301A
S31508005A909FE74CF25030A9E74CF25034B8E73B6820
S31508005AA003F51C531033184473E747F230507EE76A
S31508005AB04FF47A735843A0F5FA50D6E7A41200209B
S31508005AC098120020003F00B09412002070B5154CC3
S31508005AD08CB001AD0FCC0FC50FCC0FC594E80700ED
S31508005AE085E80700A02200210F4805F0C3FA202206
S31508005AF000210E4805F0BEFAAC2200210C4805F03C
S31508005B00B9FA05F07FF90B4B1B784BB1054E01AD81
S31508005B100FCD0FC60FCD0FC695E8070084E807001E
S31508005B200CB070BDD43F00B0603F00B0E04F00B08D
S31508005B30B43E00B06616002010B50B4B0B4A586AE7
S31508005B4014789A6A20F4706122F0E052C0F30320B8
S31508005B50844241EA042142EA846235BF9A62596264
S31508005B6059629A6210BD00BF00C000B87C160020BA
S31508005B700A4B197801F0FF0229B10021197008496A
S31508005B809202C1F80821597801F0FF0229B10021D3
S31508005B9059709302024AC2F80C31704772160020F7
S31508005BA0005000B8084BD3F8FC0E084B9A6C11014C
S31508005BB007D4074A926E920705D5D3F8F4339B07A4
S31508005BC001D500F580707047003000B0000002B8BB
S31508005BD0004000B808B504F0C6FA0E4B1A78A2B908
S31508005BE00D4A126812F4843F0FD10C4A1021116530
S31508005BF01B7863B9084B1B68DB0508D4074B2022C2
S31508005C001A65BDE8084004F0B2BA054AEEE7044B47
S31508005C10F5E700BF76160020080B0020002002B822
S31508005C20001002B810B504F09EFA0E2104460320AF
S31508005C30FFF704FA40F20122034B2046BDE8104064
S31508005C40DA6204F094BA00BF004000B80022044BA0
S31508005C501A70044B197811B11A70FFF7BBBF704759
S31508005C60751600207616002008B504F07CFA4FF069
S31508005C700042264BC3F88020BFF34F8FBFF36F8FC8
S31508005C800122C3F88420BFF34F8FBFF36F8F022220
S31508005C90C3F88420BFF34F8FBFF36F8F0422C3F876
S31508005CA08420BFF34F8FBFF36F8F0822C3F8842079
S31508005CB0BFF34F8FBFF36F8F4FF08042C3F880203A
S31508005CC0BFF34F8FBFF36F8F1022C3F88420BFF343
S31508005CD04F8FBFF36F8F2022C3F88420BFF34F8FF7
S31508005CE0BFF36F8F4022C3F88420BFF34F8FBFF3F3
S31508005CF06F8F4FF48072C3F88420BFF34F8FBFF3C2
S31508005D006F8FBDE8084004F032BA00BF00E100E03A
S31508005D1008B504F028FA4FF000420C4B1A6001222D
S31508005D205A6004225A6008225A604FF080421A606C
S31508005D3010225A6020225A6040225A604FF480721C
S31508005D405A60BDE8084004F012BA00BF00E100E05E
S31508005D50012370B5074C2370074B1E68074B32406A
S31508005D60D3E900531940284001F0F8FB00232370BB
S31508005D7070BD00BF74160020A0120020080B00207A
S31508005D802DE9F047DDF8209003EA0108099B06464D
S31508005D900D4602EA000703EA090AB9F1000F40F0C6
S31508005DA07581031F0B4300F02481052871F1000358
S31508005DB080F0F08050EA010300F0C081431E0B43D7
S31508005DC000F03A81FFF750FFC04AD2E9004323EAC0
S31508005DD0050324EA06043C4343EA0807BC4BC2E928
S31508005DE000471E6826EA090646EA0A061E60FFF705
S31508005DF0F1FE16F0020F42F2020308BF0223B54A6B
S31508005E00B548D26E83EA020122EA0302C266B34AA1
S31508005E100B408166D366C4F380421203230348BF4E
S31508005E2042F48072E50648BF42F40052A00648BF15
S31508005E3042F40072610648BF42F480622306A84B0A
S31508005E4048BF42F40062DB68A64882EA030123EAF7
S31508005E500203C360A44B0A40BD058160DA6007F4FB
S31508005E60007300F16781A14A1D46D2F8A41002F515
S31508005E700052C2F8A410C2F8A0104FF05022C2F87F
S31508005E80A4309B4AE00448BF45F48035A10348BFC7
S31508005E9045F4801582F89430A20748BF45F480057A
S31508005EA014F4001FDFF8888206D0D8F8000004F042
S31508005EB067FF08B945F40025E3028E4B48BF45F451
S31508005EC00035F8061A6A48BF45F40005610248BF5E
S31508005ED045F4001585EA020323F0010386491A40B2
S31508005EE00A621D40CB61854A854B16F0010F1D627B
S31508005EF0844B18BF13467A07834A48BF43F00063AA
S31508005F00126F824883EA020122EA03020267804A84
S31508005F100B40416613677F4A04F00103D26C3D04C7
S31508005F2048BF43F480637C4883EA020122EA0302FD
S31508005F30C2647A4A0B408164D364D8F800202002F0
S31508005F4048BF774B92F8292158BF764B610748BF5F
S31508005F5043F4806322B114F4C06F18BF43F480730E
S31508005F6032074FF03A42BDE8F047D2F8181148BF59
S31508005F7043F0004383EA010222F4A0226A48114052
S31508005F80C0F818111340C0F81421684AC2F818312D
S31508005F90FFF7BEBE4FF40043994208BF48454B4C35
S31508005FA063D081458B41FFF40DAFA0F580630B43A9
S31508005FB006D020F48063A3F500730B437FF402AF89
S31508005FC004F0D1F8D4E9003223EA060322EA0502EE
S31508005FD042EA08023B43C4E90032554A126892F87D
S31508005FE02911514A09B313F4C06F1ED04FF48073B8
S31508005FF011E004F0B8F8354AD2E9003123F0040379
S315080060003B4341EA080157EA0807C2E900314FF461
S315080060108063454A0BD0C2F81431A2F58052C2F803
S315080060201831BDE8F04704F0A2B84FF48073C2F8FF
S315080060301831C2F81431F4E704F095F8234AD2E986
S31508006040003123F001033B4341EA0801C2E900316C
S315080060500123314A57EA08071BBF9364A2F5805209
S31508006060D364D36408BF9364DBE704F07CF8D4E90F
S31508006070002323F400433A4343EA0803C4E9002310
S3150800608057EA08074FF48063234AE5E750EA010315
S315080060907FF498AEB9F1010F7FF494AE04F063F87B
S315080060A00B4A136823F0010343EA0A0313604FF40B
S315080060B08063164ABAF1000F04D05366A2F58052DF
S315080060C01367AEE713675366ABE700BF080B0020FC
S315080060D0A0120020004000B8006000B8005000B8C8
S315080060E0004001B8006001B8005001B800400050F7
S315080060F0003F00B0000002B8002002B8041C0003EC
S31508006100001002B80418000300C001B800E001B886
S3150800611000D001B800C000B800E000B800D000B850
S315080061200D0A0A09090A0A09002000BA001000BA6D
S31508006130A412002001234FF48025A2E6BDE8F087CB
S31508006140024B5868C0F3C000704700BF080B002018
S31508006150024B186800F00100704700BF080B0020CA
S31508006160024B5868C0F3C030704700BF080B0020C8
S31508006170034B1B6813F4C06F14BF0120002070473F
S31508006180080B002010B50446FEF778FEFFF76CFDF5
S3150800619004F18000FDF7C4FFFEF708FEFEF750FC89
S315080061A0FEF7BCFCFFF79AFB13490723134AD1F8FD
S315080061B0FC1004F1D800FFF7D3FB4FF080710020E4
S315080061C0FEF7D8FC4FF000720D4B4FF4001101207A
S315080061D0C3F80021FEF7CEFC02F072FE20B940F2A9
S315080061E0E722142101F020F9FFF79EFABDE81040D6
S315080061F0012002F07BBD00BF004F00B0983F00B001
S3150800620000D001B8F8B5084C084D636C0423084F54
S315080062106B64636C5B0300D4F8BD042602207E64BD
S3150800622004F038FB6E64F4E7000002B8001002B808
S31508006230002002B8A82238B51B4B5D6C03F5005345
S315080062405A6410229A60A3F5804302F100521A6735
S315080062505A66FFF78DFC154B1B7813B90320FEF71A
S315080062606BFC0024124B9C67FFF7CCFF114A124BBC
S31508006270D2F8FC1E0B40C2F8FC3E04220F4B5A64AF
S315080062800F4BC3F8D440FFF757FCAB0608D50D4BA8
S31508006290D3F88830B3F5817F22BF8022024B1A617A
S315080062A0BDE8384002F018B9000002B87916002097
S315080062B000C001B8003000B0DF0000FF002002B8BF
S315080062C0003E00B0003F00B010B551B920B3154BE1
S315080062D0DB681B0E13F00E0F1ED1134B1B6CD90770
S315080062E01AD4FFF79FFC0F4C0020FEF71FFF032868
S315080062F001D0092805D1A36ADA07F5D4A36CDB0314
S31508006300F2D4FFF77FFF0122084B5A6102229A62F4
S31508006310042203F580535A644FF4C062044B9A650D
S3150800632010BD00BF000002B800C002B8001002B8D5
S31508006330006001B808B503210920FEF77FFE202278
S31508006340014B1A6108BD00BF000002B80D4A10B51E
S31508006350D2F8A030D2F8A4100B40B3F1804F0CD37A
S315080063604FF040400849094CC1F8A400D467C1F869
S31508006370A0004FF48021064AD161034AC2F8A03032
S3150800638010BD00BF00400050006000500000FF0133
S31508006390001002B838B5054603F0E5FE0446FDF7D9
S315080063A079FE35B1FFF752FC2046BDE8384003F0C8
S315080063B0DEBE084B1B78002BF6D0074B1D78002D48
S315080063C0F2D1FFF743FC2A464FF480400021FFF73D
S315080063D0BFFCE9E775160020741600202DE9F84F72
S315080063E05B4B06460D4614465B6C002A40F0AC80B3
S315080063F013F0A00F14BF4FF001094FF0000902F087
S315080064006BF8FFF799FBA0234FF0000ADFF85C81D1
S315080064100320C8F84430FEF78FFB0420FEF78CFBF8
S315080064204C4FFFF713FC4C4B4FF0040B7B67C7F838
S3150800643078A0FFF7E7FE494B4FF48071D3F8CC2ECE
S3150800644042F02002C3F8CC2EFF22C8F80820404AA2
S315080064501161D3F8FC2E42491140C3F8FC1EC8F856
S3150800646044B0C3F8D4AE7B6913F0060F04D0FEF728
S31508006470A5FB5846FEF760FBB9F1000F09D04FF4AB
S315080064800063384A53640223C2F8F433A2F5E032B3
S31508006490936666B1344BDB6C180701D4FFF7C2FB71
S315080064A0FFF748FF0420FEF747FBFFF761FB284B81
S315080064B05A69D10746D5DA6812F0706FFBD12B4BB3
S315080064C02B4A5A642B4A936F23F0F003936715B14E
S315080064D02046FFF75FFF284BD3F84C315A1C01D0F2
S315080064E05B0002D50122214B5A615CB31E4BDA6E62
S315080064F003F500539A6603F5D0331B6A1B4A23F04B
S315080065000103D3611D4BD96803F50053996003F560
S315080065100053D3F8841003F5005399674FF03A43B4
S31508006520D3F8181103F50053C3F81411144BD96C9A
S3150800653003F500539964134903F5803359664FF6FA
S3150800654008435364BDE8F88F4FF0000957E700BFCA
S31508006550000002B800C001B800000101003000B018
S31508006560DF0000FF001002B8004000B8002002B8A3
S3150800657010003000003F00B00080E00F004001B876
S3150800658000C000B85000002FA64B2DE9F04F9A6EB8
S31508006590DB6E87B002EA0308A34BC3F868804FF0A6
S315080065A03A43D3F81461D3F818311E409F4BC3F809
S315080065B014619F4B9A68DB6802EA030A9D4BC3F88D
S315080065C008A003F52043DA691B6A02EA03099A4B15
S315080065D09A4A09EA0303D361994BD3F80422D706EA
S315080065E006D4D3F80431DD06C3F3001740F1F5806D
S315080065F003F0B9FD934B5A695F6E12F0060F14BF8C
S31508006600012200221B6F01921F408F4A27F0007358
S3150800661023F400637C07536606D58C4A92F8C93082
S315080066200133DBB282F8C93003F0A1FDB8F1000FDF
S3150800663000F0F48018F0020400F0EE80844B002588
S31508006640D3F8F4B303F500530BF00702CBF3800439
S315080066501BF0020FC3F8F4234FEA44542BD003F07F
S3150800666082FD0290FFF79EFA0346764A106A116A7F
S315080066708842FCD0106A8142FCD00393FFF792FA55
S31508006680039B704A984240F0AA80029803F06FFD77
S31508006690704A039B13606E4A526C12F4E05140F044
S315080066A0A08023F07F4323F0DF030BB9FFF7C2FD79
S315080066B04FF080731C431BF0010F13D0644B5F49E6
S315080066C05B6C03F460424A64002A00F09F801A0457
S315080066D000F19F8013F4005F0CBF4FF000534FF09A
S315080066E000631C43C8F340384FEA48085A4B334006
S315080066F0002B4BD016F4206F0AD040F60F02062165
S31508006700002000F091FE0020FFF744FE26F48026C4
S31508006710F00506D5FF22494B44F4C0649A60FFF79A
S3150800672081FA16F0090F0BD040F624020821002042
S3150800673000F07AFEFFF7FEFD4FF03A4301225A6356
S3150800674016F0106F0CD040F62D020921002000F03B
S315080067506BFEFFF7EFFD002211461046FDF76EFCB3
S3150800676016F4202F0AD040F635020721002000F043
S315080067705BFE0020FFF70EFE26F48026F10301D506
S31508006780FDF7C8FD002EB8BF48F0080872070ED5F9
S315080067904FF03A431B6B13F4005F4FF4005317BFD7
S315080067A0224A2E4A136344F4000408BF1363730590
S315080067B048BF44F0040416F4802B00F0B580FDF7BA
S315080067C067FD013806284BD8DFE810F030013301A1
S315080067D03001360139013C013C01019726E70346A1
S315080067E044E7CDE90221FFF725FD0399134B029AE9
S315080067F05964D10407D412F4806F0CBF4FF080534C
S315080068004FF0806356E74FF0804353E74FF000732D
S3150800681067E74FF0004364E7254663E74446454685
S3150800682064E700BF004000B8006000B8002000BA66
S31508006830004001B8006001B80000F7FF002002B868
S3150800684000E100E000C001B800E001B8003E00B079
S31508006850000002B89C120020090B0B89001000BA30
S3150800686040F666020321002000F0DEFD4FF03A42B2
S315080068700121D2F88C30D2F8AC0003F007030633B6
S3150800688001FA03F3C0F30C001B1A9BB2072B12D9AB
S31508006890764B5B6C58020ED47548D36CD26E406D3D
S315080068A058B103F0070306339940C2F30C03C91A1B
S315080068B089B2072901D844F400746E4B1B78002B63
S315080068C032D04FF03A43D3F8143113F4A02F2BD11A
S315080068D0694B6A4A1B7893B9FB0410D4137873B1D1
S315080068E0E308674943EA457383F00103D1F8FC1EC0
S315080068F003F001035B0021FA03F3980714D104207F
S31508006900FEF71AF95F4B60495967FFF79FF95B4A2B
S3150800691013782BB95D4B5E4A1B682340134201D19D
S3150800692044F4804427F48057BAF1000F1DD01AF4B6
S31508006930805F18BF44F480241AF4807F18BF44F49B
S3150800694000241AF4005F18BF44F010041AF4007FFC
S3150800695018BF44F020041AF4806F18BF44F04004AE
S315080069601AF4006F18BF44F08004B9F1000F3FD045
S3150800697019F4802F18BF45F4007519F4803F18BF25
S3150800698044F4805419F4801F18BF44F4003419F4F1
S31508006990800F18BF44F0020419F4003F18BF44F4EE
S315080069A0801419F4000F18BF45F0100519F4002FCC
S315080069B019D0334BD3F8CC3E13F0C00F13D02B4A63
S315080069C0D368C3F30363032B01D0072B05D1936C5C
S315080069D0D90602D4D36C1A0737D54FF400222D4BAB
S315080069E029F40029DA6119F4001F18BF44F4800459
S315080069F0002F00F016813B0540F186802649DFF816
S31508006A0084A0CB78254A002B4ED04FF40060013B7A
S31508006A10DBB25066CB7033B9214B1B78C3B140F655
S31508006A200142204B5A67002300226BE044F480346D
S31508006A301CE744F4006419E744F4806416E744F458
S31508006A40807413E744F0080410E744F40014CAE716
S31508006A50DAF8783013F4A05F15BF4FF4807340F668
S31508006A600143CAF85830CAF87830DCE7000002B8A3
S31508006A70004000B87616002075160020771600200C
S31508006A80003000B000C001B800000101080B00206A
S31508006A90088D0100002002B86916002000E001B840
S31508006AA07916002000D001B80320FEF745F8DAF879
S31508006AB01430A24813F0060F04BF41F61F73A04A0C
S31508006AC0A04908BF53674FF400629D4B5A66DAF82F
S31508006AD0143013F0060308BFCAF87830B0F8CA3085
S31508006AE013F400625CD023F40063A0F8CA300B7874
S31508006AF003F0FF0A002B57D1FEF760F8FFF79AFB61
S31508006B00534620221C431543B80009D52E2002F00F
S31508006B10CBF94FF000528A4B45F008051A675A66BA
S31508006B20F90606D52B2002F0BFF91022844B1A6706
S31508006B305A6617F0306F05D1FA045FD5019B002B12
S31508006B4000F0AA803B0111D5292002F0ADF9FFF724
S31508006B50F7FA48B17C4B7D49794A53660B6701F5CC
S31508006B604051C968480422D445F0040517F000735B
S31508006B7028D00420FDF7E0FF272002F095F9FFF75B
S31508006B8059FB4FF000726E4B5A66714BD3F8FC2EC8
S31508006B9052067BD46F4B02229A6045F002052AE022
S31508006BA00B784FF40053ADE74FF400433CE7136707
S31508006BB02020536602F078F92D2045F00C0502F0E6
S31508006BC073F9D3E717F0807FDFF88CA149D004204A
S31508006BD00193FDF7B1FF282002F066F9DAF878206C
S31508006BE0019B002A3AD1FFF725FB554B564A45F03B
S31508006BF001051A675A660022574B9A653A0404D566
S31508006C00564B1B68984704430D437B0509D5544AE0
S31508006C109378002B00F08C80013B9370002348EAA0
S31508006C200308424620462946FFF792F8BBF1000FB3
S31508006C3001D0FDF761FB01224A4B06F00436C3F882
S31508006C401461494B19F4002FC3F884211EBF4FF471
S31508006C500022404BDA6107B0BDE8F08FCAF87830F9
S31508006C60C3E7F904C7D50420FDF766FF3F4BCAF80A
S31508006C707430FDF7A3FFDAF8643013F0407FBAD119
S31508006C802A2002F011F9FFF7D5FA7EE7D3F8CC3EB1
S31508006C909B0682D4364B7EE7314A13794BB1013BCA
S31508006CA0DBB2137113B9294B324A5A6700231C43C6
S31508006CB0A4E70420FDF740FF0320FDF73DFF264B20
S31508006CC02A4A5A6703F04FFA82460DF11700FEF773
S31508006CD02DFA294B1B781BB10190FEF7A3FF0198EB
S31508006CE003280BD10020FEF721FA032806D1234BEF
S31508006CF09A6AD007F6D49A6CD103F3D49DF8173064
S31508006D00032B06D101221E4B50461A7003F02FFAA8
S31508006D10CCE74FF03A43D3F8143113F4A02FF1D14E
S31508006D20FEF794FF504603F022FA4FF48043BEE77D
S31508006D300220FDF701FF012371E700BF003E00B006
S31508006D4000E001B8791600201000002000D001B834
S31508006D50003000B0002002B800C001B80C0A0020BC
S31508006D6069160020002000BA00E100E000000101D9
S31508006D70001002B80000010D78160020000002B8C5
S31508006D80751600200122024B1A62DA61704700BFAD
S31508006D90002002B8074A08B5D369116A0B400649AC
S31508006DA098B2DB07C86104D5D068C0F30360FFF763
S31508006DB0E9FF08BD000002B8002002B8154B10B55F
S31508006DC09C6CDB6C1C40144BE2079C640DD5134B82
S31508006DD040F6AC221878122100F0010000F024FBDE
S31508006DE0002201200021FEF7B3FF630510D50B4BE7
S31508006DF040F6B32258684D21C0F3C03000F014FBAA
S31508006E00BDE81040002200204FF40041FEF7A0BF65
S31508006E1010BD00BF00C000B800E000B8080B002095
S31508006E200C4B10B51C6C5A6C14400B4A24F002012A
S31508006E301164E20705D540F6F3220020196800F030
S31508006E40F3FAA30705D50222034B1A64A3F50053E8
S31508006E505B6810BD0080095000A0095070B58026F7
S31508006E600A4C0B4DD4F88430DB070AD4A36FD4F848
S31508006E7084201340074A936770BDFFF7D1FFC5F812
S31508006E808461D5F804311A06F7D4EBE7008001B817
S31508006E9000E100E000A001B870B514460D4603F005
S31508006EA062F9064BD3F8CC6E74402C407440C3F894
S31508006EB0CC4E03F05CF906EA050070BD003000B060
S31508006EC0034BD3F8CC3E99430CBF012000207047F2
S31508006ED0003000B0184BD3F8CC2E12F0010312D0B4
S31508006EE0164B93F85830164A43F08073C2F8D030E0
S31508006EF04FF4801302F50052C2F8B430A2F580525E
S31508006F00C2F8B830704712F0C00FECD10B4B93F8AB
S31508006F10571021B1D20602D593F85430E3E74FF45F
S31508006F2080120020074B0649C3F8B820C1F8D000E4
S31508006F30C3F8B420704700BF003000B0003F00B06F
S31508006F40004000B8006000B8F8B50D4610B9002436
S31508006F502046F8BD0E4F3E68002EF8D100F030F8F6
S31508006F6004460028F3D0386000F076F8204603F08F
S31508006F7008FD38B130463E6000F06EF8204603F052
S31508006F80FBFCE4E7002DE3D02046A847E0E700BF76
S31508006F90A4120020024B1868003818BF0120704759
S31508006FA0A4120020431E033306D8044B984228BF78
S31508006FB01846642838BF6420704700BF40420F0057
S31508006FC0F8B5054603F0CFF807460F4B1E6826B9F5
S31508006FD0384603F0CCF8344611E0B4688CB194F81E
S31508006FE010C01CF0010F0CD14CF0010C95E80F00F5
S31508006FF084F810C084E80F00384603F0B8F8204635
S31508007000F8BD3668E3E700BFF009002038B5054645
S315080070100C4641B10B6833B11B68013303D0CB680A
S315080070200BB18B684BB903F0BFFEBDE838404FF48F
S3150800703092724121002000F0F7B9084601F0F8FDE8
S315080070400023044A85F81031C5E93043C2E9003304
S3150800705038BD00BF100B002010B5044618B9054B03
S31508007060054A136010BD00F053FBD4F8CC30002B52
S31508007070F6D1F4E765A90008EC09002010B50C461E
S3150800708000F084FB054B002103205B6898471CB180
S3150800709001F070FA0128FBD110BD00BFF8090020E5
S315080070A008B502460868FFF77DFF08604868FFF7DD
S315080070B079FF48608868FFF775FF8860C868FFF73A
S315080070C071FF0B69C860581C03D00B48834228BF60
S315080070D003460B614B69581C03D00748834228BFF7
S315080070E0034688694B61FFF75DFFBDE80840886184
S315080070F0104601F091B900BF40420F002DE9F84F44
S31508007100D0F8C43006460F4613B1438B8B4244D0A1
S31508007110D6F8C0B0BBF1000F42D0DBF80830002B20
S315080071203ED0DBF80C1000293AD0D6F8D4A0BAF134
S31508007130000F38D04FF000094D46C84601E0DBF88D
S31508007140083005EBC50203EB8204E3890135BB422F
S3150800715014D8238ABB4211D3B4F91220B6F92630C3
S31508007160934250DD304696F80411FBF767FCB37D71
S3150800717081468342A04606D9DBF80C108D42DED341
S31508007180B8F1000F39D00023424630461946D04799
S315080071907783C6F8C48086F80D910020BDE8F88F7D
S315080071A00320BDE8F88FD14647F6FF755446524688
S315080071B004EBC40803EB8808B8F80E30BB4216D8AF
S315080071C0B8F81030BB4212D3B8F91220AA4202D13D
S315080071D04FF0FF09DCE7304696F80411FBF72EFC62
S315080071E0B37D81468342D3D94246DBF80C1001347D
S315080071F0A14204D9DBF80830DAE70120CEE7002AF5
S31508007200FBD09046C4E7A046BDE700BF2DE9F0478E
S3150800721082B004468946164601F096F9002850D1F0
S31508007220404D2B68D4F8C0A0D4F8C4700BB15345B0
S3150800723058D04FF00008C5F8089001F09BF90128CE
S3150800724043D12B68DAF800103A6813B118688842F7
S3150800725053D0204603F040FD637CC5E900A713F030
S31508007260010F0CBF32460122D4F8D45062F3000352
S3150800727063748DF80760002D46D00022204611461B
S315080072800DF10703A847204600F02AFD0546B8F188
S31508007290000F00D08EB1B5FA85F040F2DE32332108
S315080072A0400900F0C1F83146204600F0B9FF1E4BF0
S315080072B00546394620461B689847284602B0BDE869
S315080072C0F0870023174D6B60ABE7012000F05EFAEC
S315080072D0164B002103205B68984701F04BF90128FB
S315080072E0FBD1AEE76B68002BA3D0BB42A1D1AB683C
S315080072F0994514D04FF001089DE7696811B10968EE
S315080073009142A9D05968A4E7A17D94F80D31324677
S31508007310994228BF1946204600F068FCB3E70025C5
S31508007320CBE700BF100B0020EC090020F80900206D
S31508007330F8B50E46054602F016FF314607462846BA
S31508007340FFF7DCFE044620B1384602F010FF20465F
S31508007350F8BD01F0E1F8224631462846FFF756FF08
S3150800736004460028F0D195F91030002BECDA2846AF
S3150800737003F0FBF90028E7D022462846297E03F0C9
S31508007380BBFC0446E0E700BF084B10B4002A14BF54
S3150800739014461C46064B1C6019B15DF8044B03F0F5
S315080073A0FCBA08465DF8044B704700BF65A900089B
S315080073B0EC09002013B50446694603F076FB20461F
S315080073C003F035FCFF28024606D020469DF800103B
S315080073D0FBF7C4FB02B010BD0048FBE70080FFFFC7
S315080073E008B50B460249194003F088FB002008BD82
S315080073F0070011004FF4007307B50A490DF106029C
S31508007400ADF8063003F09AFBBDF80630B3F5007FF9
S3150800741005D1022808BF002003B05DF804FB01204F
S31508007420FAE700BFA812002008B550B90548064B70
S3150800743001601A60054B1A68054B1A60186802F055
S3150800744089FA08BDF4090020AC140020A412002013
S31508007450A8140020F0B50F468BB001210546FCF7AD
S31508007460FDFA044670BBEB7D03AC2B7607F10C06E0
S315080074700FCE0FC496E8070084E80700284603A93C
S31508007480FFF70EFE0446E8B9D7E9010101AB83E828
S3150800749003001946284603F0B6FC044690B94FF097
S315080074A0FF3128463A6803F067F9044650B90246A0
S315080074B006492846FCF738FB044618B9062128462B
S315080074C000F03EF920460BB0F0BD00BFC8BC00086E
S315080074D0431C07D06FF0FF02034B10405A62A3F516
S315080074E080535862704700BF00E000B810B5042307
S315080074F04FF03A4101240A4AD1F81801C2F8183166
S31508007500C2F814314C634FF400511163410742BF6E
S31508007510C2F81431A2F58052C2F8183110BD00BF66
S31508007520002000BAD0F8C83013B11A68032A10D858
S31508007530094BDB6BC3F3C20213F0380F03F00700E5
S3150800754018BF504313F4E07FC3F3821203D05043AD
S315080075507047986A400E7047008001B8424B2DE983
S31508007560F7431E6801F4007900F00103174653EA51
S31508007570090205460C463CD04FF0000873B30022BA
S31508007580002301200021CDE90088FEF7F9FB4146DA
S315080075903046FDF765FD4146B0830120FFF76EFDD5
S315080075A0B16B06F1D800FDF7CDFD30490868FFF745
S315080075B08FFF4FF0FF330B602D4B1A68511C06D016
S315080075C06FF07E402B49C863A1F58051CA634FF01E
S315080075D0FF321A60337C43F004033374B9F1000FA9
S315080075E007D00121304603F095FA24F400740543C8
S315080075F00C43D6E94E232A40234052EA030104F4F9
S31508007600004803D01C49304609688847B8F1000F7E
S3150800761009D000230022CDE90033002000234FF4CF
S315080076200041FEF7ADFBFB070FD51449144A08685D
S315080076300021136811600121124A117003B198479D
S31508007640114B002102205B68984717F00E0F08D0EF
S3150800765040F2F3123B21002003B0BDE8F043FFF7E8
S31508007660E3BE03B0BDE8F083A4120020040A00209C
S31508007670000A002000E000B8080A0020BC14002018
S31508007680C01400207D160020F8090020F7B504462E
S315080076901046D4E94EC7DDE908268CEA020587EAD2
S315080076A006010540194085EA0C057940C4E94E51A2
S315080076B0002523F4004106EA010320F0010043F403
S315080076C00073024043F00203CDE90055FEF758FB6C
S315080076D0237C9A0717D5D4F83C319B0513D54FF46C
S315080076E08811204603F016FA237C65F341032374B8
S315080076F0D4E94E2302400B4052EA030103D0034962
S31508007700204609688847002003B0F0BD080A002013
S3150800771038B10368044A002B08BF1346034A1360AE
S315080077207047014BFAE700BFEBAB0008080A0020D8
S31508007730024B986F00F00F00704700BF003F00B083
S315080077400F2938B505460C460ED800F013FF012858
S315080077500CD1074A2846936F23F00F0323439367F8
S3150800776003F0EFFA002038BD0120FCE70220FAE713
S31508007770003F00B0014BD86F704700BF003F00B014
S31508007780014B0020D9677047003F00B003282DE958
S31508007790F7435BD82F4B13F800802F4B1E5C2F4BFB
S315080077A013F8009002F0DFFC0746FEF7D1FC054609
S315080077B040B100230022CDE9003301200023002137
S315080077C0FEF7DEFAFEF7CCFC48B100230022CDE92D
S315080077D00033002000234FF40041FEF7D1FA002EB3
S315080077E032D01F4BDC6C04F008041E4B3146DC64B7
S315080077F04046FEF769FD4A4631464046FEF7EEFD2D
S31508007800194BDC64D5B1194B1868816BD830FDF774
S3150800781099FC17490868FFF75BFE4FF0FF330B60CA
S31508007820144B1A68511C06D06FF07E401249C86383
S31508007830A1F58051CA634FF0FF321A60384603B08B
S31508007840BDE8F04302F093BC3446CEE703B0BDE88A
S31508007850F08300BF24130108201301081C13010834
S31508007860004000B8006000B8005000B8A41200201C
S31508007870040A0020000A002000E000B870B50D4692
S31508007880064620B9194B1B68A3B1032011E000F086
S3150800789071FE012828D1164B93F90040C4F127043C
S315080078A0641BC4F11C03002BB8BF5B42232B0CDD01
S315080078B0012070BDA1F10B03002BB8BF5B42232B3F
S315080078C0F6DC0B4B19700020F3E7F57402F04BFC5D
S315080078D0084AE402136A04F4FF2423F4FF231C4332
S315080078E0146202F044FCEEE70220E2E7A41200204C
S315080078F07A16002000C000B80B4B08461A6D920293
S315080079000FD4D3F84021D1070CD4D3F83823D207A3
S3150800791008D4D3F8803013F4706F14BF0120002008
S3150800792070470120704700BF004001B8F8B50D4602
S31508007930836B02EA010423EA0103234383633B4A78
S3150800794001F00B0323EA0401D1642340A2F5805217
S315080079506F070646D36410D50121FFF7CDFF60B146
S31508007960FEF750FC4FF4007314F0040F14BF304AAE
S31508007970304A13650422304B5A64E90606D514F0DA
S31508007980100F14BF00221B222C4B5A652A0618D545
S31508007990230611D54FF40012254BDA6402F0E3FBF7
S315080079A00E2107460320FDF749FB40F20122234B2F
S315080079B03846DA6202F0DBFB214606F1D800FDF70D
S315080079C0C1FBEF0503D5E0052AD5FDF725FBA9057B
S315080079D003D5A20527D5FDF72BFB15F0600F0AD0B6
S315080079E0D6F8C810304603F001F98022144BC3F8C4
S315080079F08800144B1A612B0510D5FEF703FC124AB2
S31508007A0014F4006FD2F8FC3E14BF43F0006323F071
S31508007A100063C2F8FC3E0422074B5A640020F8BDF6
S31508007A20FDF7F4FAD3E7FDF7FDFAD6E7006000B8EC
S31508007A30005001B8006001B8002002B8004000B844
S31508007A40003F00B0000002B8003000B070B50E4626
S31508007A5002F089FB054600F0B1FD044620B1284630
S31508007A6002F085FB204670BDFEF7CCFB104B327842
S31508007A70D3F8FC3E022A23F0F00315D0101F424229
S31508007A804241520043EA02137278022A0ED0111FAD
S31508007A904A424A41520043EA8213054AC2F8FC3E6A
S31508007AA00422044B5A64DAE70122EBE70122F2E7E3
S31508007AB0003000B0002002B870B50E4602F053FB45
S31508007AC0054600F091FD044620B1284602F04FFB1A
S31508007AD0204670BDFEF796FB104B3278D3F8FC3E75
S31508007AE0022A23F00F0314D0101F424242415200CB
S31508007AF013437278022A0ED0111F4A424A41520095
S31508007B0043EA8203054AC2F8FC3E0422044B5A643F
S31508007B10DBE70122ECE70122F2E700BF003000B004
S31508007B20002002B8F8B50D7804460A2D0E4690F8DE
S31508007B30047108D106252846FCF70CFC18B901354E
S31508007B40EDB20A2DF7D12846FCF704FC002844D0EC
S31508007B5094F80431AB4208D1B288A36C9A4204D196
S31508007B607288B4F806319A4235D084F80451B3883D
S31508007B702846A4F80831738804F58275A4F80631F6
S31508007B80B388A364FF23E37502F074FEA075284644
S31508007B90FCF798FC10BB2846FCF7D2FBF0B9D4F8E2
S31508007BA0C43053B194F80411B94206D02046B3F94B
S31508007BB01220FAF743FF84F80D012046FCF7A2FDD0
S31508007BC00849A4F808010123074AD1F8FC1004F172
S31508007BD0D800FDF7C5FE0020F8BD01200E2384F865
S31508007BE00431F9E7004F00B0983F00B070B505467C
S31508007BF090F804010C460E281DD0FF291DD01AB195
S31508007C004FF0FF320E4B1A6002F034FE064695F826
S31508007C100401FCF7D9FB844228BF0446E4B2B44207
S31508007C2038BF3446E0B2E875FCF7B0FEA0F1FF03B2
S31508007C305842584170BD0220FCE70120FAE700BF10
S31508007C408809002010B590F8043104460E2B3ED062
S31508007C50D0F8C4308175BBB3D0F8D420DAB990F81F
S31508007C600D318B421DD300222046FFF7BFFF88B98E
S31508007C70184B1B78063B032B0BD82046FCF742FD16
S31508007C8015490123154AD1F8FC1004F1D800FDF76F
S31508007C9067FE002010BDB0F92620B3F912309A42CB
S31508007CA0E1DD0022204694F80D11FFF79FFF00281A
S31508007CB0F0D1C4F8C400204602F0B0FE01462046C2
S31508007CC0BDE81040FFF734BBFF23C375E1E7022088
S31508007CD0E0E700BF700A0020004F00B0983F00B0F0
S31508007CE0F0B5036C95B0012B03D10025284615B0D5
S31508007CF0F0BD0446774902F0E1FDD4F8C4600146B8
S31508007D00658BC4F8C80026B1336813B15B68002BCD
S31508007D1058D102F028FA01462046FFF703FC074629
S31508007D20084602F024FAD4F8C810B3898DF80E7004
S31508007D30EB1A9BB2D6E9012000FB03226648ADF890
S31508007D400C3003680292994208D0204602F04EFF92
S31508007D5080226249624BC1F888001A61614D604E03
S31508007D6000F008FC0128FBD12B6CD807F8D4736CFB
S31508007D70D901F5D4637CDA070CD5D6F878215A4BA5
S31508007D80C6F8EC23D3F8F830D6F8A0209B06C6F838
S31508007D90F02355D4637CD4F8C8106FF300036374DA
S31508007DA0204612919DF80E20029908ABFDF776FA47
S31508007DB020B908A901A8FDF7E5FC48B1022528461F
S31508007DC015B0F0BD1A68032AA3D99F6A7F0EACE7DF
S31508007DD0628B464B5A64FCF701FB0546002885D1A1
S31508007DE0237C60F341032374FCF726F8D4F8C430E7
S31508007DF0411E5B69C9B21E68FD290246049623D94D
S31508007E00F71C34D93A490136096818BF0126C81C37
S31508007E1045D85B68FF2A0491059347D1DF1C1ED815
S31508007E20204604A902F0DCFC002E7FF45EAFD4F8ED
S31508007E303C31980521D4237C43F00203237454E78C
S31508007E402046FCF75FFCA5E75B680128059304D08C
S31508007E50204604A902F0C4FC47E70126DEE7013301
S31508007E60234B5B6824D0D91C1ED80593D8E75B68DA
S31508007E70FF280593F1D02A46EAE74FF480312046D9
S31508007E8002F048FED4E94E2302400B4052EA0301B1
S31508007E903FF42BAF174920460968884725E7FF2A8C
S31508007EA05B680DD00593BFE7FF2ABDD10022B7E76F
S31508007EB0DD1C08D8204604A9059302F091FCB6E714
S31508007EC001220593AAE7FF2AB1D10022204604A978
S31508007ED0F3E700BFFC4F00B0B0140020003F00B02D
S31508007EE0000002B800C002B8004F00B0008001B818
S31508007EF090090020080A002038B505460C4641B10D
S31508007F0002F01CFF28B14FF400312846FEF7D8FFCF
S31508007F1004342046FCF770FE024B4042C3F8EC0ED0
S31508007F20002038BD003000B070B58030814214BFE3
S31508007F300C460024164602F016F94FF49C530C49D9
S31508007F400546CA68C2F30362D340DA0702D54B6C0A
S31508007F509B030AD4204601223146FCF76FF80446F3
S31508007F60284602F004F9204670BD0324F8E700BF4E
S31508007F70000002B82DE9F0418B780646012B0F4622
S31508007F80A6B003D9012026B0BDE8F081CA78012A37
S31508007F90F8D80B78012BF5D849780529F2D809B114
S31508007FA0012AEFD1012B58D1304602F0DEFB00281A
S31508007FB0E8D1304602F0C2FE0028E3D1B37C002B9C
S31508007FC0E0D1304602F0E2FE0028DBD03868C6F879
S31508007FD028017D78002D48D100F0E6FD4FF060526B
S31508007FE0804BC3F88C5003F59033DA647E4B1B78CC
S31508007FF013B106227D4B9A674FF080527C4B06F1EF
S31508008000D8001A65B16BFDF79DF84FF48072794B6D
S31508008010C3F81821C3F81421BB78002B40F0D98087
S315080080204FF03A4341F6FF721A633B78012B02D1AF
S31508008030304602F0B1FEFB78002B40F0CD804FF0C1
S315080080403A4341F6FF721A6760226B4BDA6403F50E
S31508008050E833402200205A6495E796F82831012B28
S31508008060B4D1304600F0EEFAB0E74FF03A431C6D53
S315080080705B6D1C4414F00304CED11822214608A8CF
S315080080800DF1100802F0F6FF013D10222146404688
S31508008090CDE90144039402F0EDFF042DBCD8DFE8D6
S315080080A005F02F031B818400544B554CD3F8383305
S315080080B013F0010F02D14FF40013E36400F074FDCE
S315080080C04FF060524F4BDA644FF0C1530422E36419
S315080080D0444BC3F88C204BE04B4D19AC0FCD0FC465
S315080080E00FCD0FC40FCD0FC42B682C2200210EA86C
S315080080F0236002F0BFFF07238DF83830022313E010
S31508008100424D19AC0FCD0FC40FCD0FC40FCD0FC400
S315080081102B682C2200210EA8236002F0ABFF072350
S315080081208DF838304FF400730F93344BD3F8383347
S31508008130DB075EBF4FF40012314BDA64344B08227A
S315080081401A930023CDE90423ADF8663020930693ED
S3150800815019AB08930EAB099301ABCDE90A3800F0C9
S3150800816023FD08A800F082FA00F0C2FC00F0A8FC83
S315080081701C4A936F23F0060343F0040393674FF0FA
S315080081808052244B1A65FDF7F3FF00283FF444AFED
S315080081904FF48073174AC2F81431A2F58052C2F818
S315080081A0183139E71C4D19AC98E71C4D19AC0FCDA1
S315080081B00FC40FCD0FC40FCD0FC42B682C2200217E
S315080081C00EA8236002F056FF06238DF838300123E7
S315080081D0AAE7FFF78BF928E76022044BDA6403F570
S315080081E0D83336E7004000B87B160020006000B898
S315080081F0002002B8002000BA005000B8004001B8BC
S31508008200005001B8006001B8281301085C13010882
S31508008210800000BA001002B890130108C4130108C0
S31508008220F8B504460E4611B9037C5A0647D43B4BAB
S315080082303B4A5B6AE18BC3F3032313704FF6FF7364
S315080082409942D4F8C87004D0364B1B680BB1204647
S315080082509847354D2B68BB4255D0344B1B683BB10C
S315080082601FB13A68002A50D0BF6839462046984759
S3150800827007272046FCF746FA002E3AD006202C4B54
S3150800828094F9132093F900302449C3F127039B1A64
S315080082900A6ADB0222F4FF2203F4FF2313430B626C
S315080082A0D4F8C820234B2A60986700F00DFD0122F8
S315080082B0214B20461A7002F044FD0020F8BD4FF607
S315080082C0FF7C66F38613154A0374536A164D1449E0
S315080082D0C3F30323D0F8C8700B702B68A0F81EC030
S315080082E0BB4217D0114B1B68002BB9D1FCF70AFA11
S315080082F0072712493B46124AD1F8FC1004F1D80068
S31508008300FDF72EFBBAE70127B3E71746204639469D
S315080083109847ADE7FCF7F6F90127EAE700C000B889
S315080083207C160020B8140020B0140020B4140020D5
S315080083307A160020006000B87B160020004F00B0B7
S31508008340983F00B008B558220021064802F092FE70
S315080083501022FF21044802F08DFEBDE80840FEF712
S31508008360B9BD00BF003F00B0443F00B0002373B55D
S31508008370C3747D23C0F8E0308123A0F8F430642369
S315080083804FF0FF350E26C0E93933C0E93B334FF6C7
S31508008390FF7304460376C38380F804618564C58247
S315080083A005628584FDF7EEFE2046FFF7CBFF012226
S315080083B0154B2046C3F8382294F91310FFF75EFAD6
S315080083C06023124A41F6FF71D3644FF03A421163B3
S315080083D011670F4A2946D36440220E4B20465A6439
S315080083E0A26BFFF7A3FA002240F2022310461946B1
S315080083F0CDE90066FDF7C4FCFBF7C2FF204602B0D4
S31508008400BDE87040FEF7F6BF005001B8004000B85E
S31508008410005000B8002002B8034670B50C68B0F8E2
S315080084200821013408BFD3F8E0408D6808BF0C6006
S315080084304C68D830013404BFD3F8EC404C606E1C4D
S3150800844038D1D3F8E840CE688C60751C38D1D3F89B
S31508008450E4500E69CD60013604BFD3F8D8600E61CA
S315080084604E69013604BFD3F8DC604E618E69013669
S3150800847004BFD3F8F0608E618E693EB37D32B24296
S3150800848038BF32460E688A61C3F8E8404C68C3E9CB
S315080084903865C3E93B420A69C3F8D8204A690C49DA
S315080084A0C3F8DC20D1F8FC1007230A4AFDF758FA6E
S315080084B0002070BD02F17D04AC4238BF2C46C2E7ED
S315080084C002F18105B54238BF3546C2E76422D9E7CD
S315080084D0004F00B0983F00B038B501F044FE4FF6A3
S315080084E0FF710A4A13888B4203D101F040FE03202C
S315080084F038BD074C074D1B046567A4F580546367B0
S31508008500118001F034FE0020F2E700BF760A002051
S31508008510006001B80000FFFF08B5094BD3F84C31DD
S315080085205A1C0CD05B000AD40320FFF72FF94FF032
S315080085308062044B1A6501225A6102229A6208BDBA
S315080085400080E00F001002B84FF40022034B586C6D
S3150800855003F500535A64C0F3C0407047000002B8E0
S31508008560034BDB6913F4401F0CBF01200020704742
S315080085700080E00F0F4BDB68C3F30363013B0B2B53
S315080085800FD8DFE803F006060C06060606080A08F2
S31508008590080802207047042070470520704703200A
S315080085A07047054B5B6913F0060F0CBF01200420CA
S315080085B0704700BF000002B800C001B8094AD36876
S315080085C0C3F303630B2B08D06FF49050184100F0E7
S315080085D0010080F0010040007047506C10F48030B4
S315080085E0EDD17047000002B80C4AD368C3F30363A1
S315080085F0062B07D8042BD8B20BD8C31E58425841AD
S3150800860040007047072B06D1D2F868010028ECD144
S315080086107047022070470020704700BF000002B86C
S31508008620D0F81C31064AC2F8D830D0F82031C2F842
S31508008630DC30D0F82431013B9B00C2F8E0307047AB
S31508008640003E00B003224FF44061064BC3F88C206D
S31508008650054A51654FF40042C3F8B820C3F8B42060
S31508008660704700BF006000B8006001B84FF0B05214
S315080086702DE9F04FB74B00269A660368B64A1C7870
S315080086805D68072C94BF002101211170B34AB449D3
S3150800869014700269002A08BF8022072C0A605A88CB
S315080086A000F21481AF490E6102260E61AE4E756264
S315080086B0002A40F01E814FF0010CAC4DAC4E9200E2
S315080086C0AE620CFA04FC8A621D6AD3E906273A43AD
S315080086D093F824702A4342EAC72293F82970197D31
S315080086E042EA476293F826704CEA012C42EA87521E
S315080086F093F82770072C42EAC75293F828701E6928
S3150800870042EA076242EA0C0222F000424FF0FF37C3
S31508008710D3F80CE022F4002200F2EF80DFF848C21A
S31508008720CCF870208F4A0CF5005CCCF87470C2F84F
S3150800873074E0CCF878709667002D40F030814FF6DB
S31508008740FF769D68CCF87C60ADB2D567D3E906277D
S31508008750B2F5803F40F07E814268072CD2F80C8043
S31508008760D2F80490D2F814E0D2F81CC049EA0805F9
S3150800877045EA0E05DF69D2F824A04FF0070392F800
S3150800878000B045EA0C0500F21281784EB7F5802F45
S315080087903364744BC3F840B04FF0080BC3F840B0CD
S315080087A04FF0FF3BC6F84CB0C3F84C90C6F850B033
S315080087B0C3F85080C6F854B0C3F854E0C6F858B0A9
S315080087C0C3F858C0C6F848B09D64C3F840A040F046
S315080087D0498155780723654E4FF0FF377364614B1F
S315080087E05D6408255D64D2F808803766C3F8608042
S315080087F0156977665D66D2F818E0B766C3F868E06B
S31508008800D2F820C045EA080545EA0E0545EA0C05F2
S31508008810F766C3F86CC0F765DD65926A5A648268C4
S31508008820D2E900532B4343EA81014F4B01F01F0164
S315080088304FF6FF75C3F88010926803F5005192B29F
S3150800884003F58053C1F88450C168C3F88420444BAB
S31508008850072C1A68D1E9003543EA05038D684FF0FD
S31508008860FF3443EA050303F01F03CD6800F20981CC
S315080088703D49C1F888303B4B01F50051C1F88C40A1
S31508008880C3F88C508A61DA614A230122394903F018
S315080088900B0302FA03F3C1F888318B60364B416942
S315080088A019602E4B1B78082B04BF344B5A602A4B91
S315080088B01B78002B00F0F380012B40F0F280304B40
S315080088C0012203F580535A60BDE8F08F2D490E61E9
S315080088D002260E612A4E75626AB94FF0010C2A4DBE
S315080088E0234E92000CFA04FCAE624FEA2C2C8A62E4
S315080088F0EAE6013ADFE6013AEFE7DFF884C0CCF8AA
S315080089007020204A0CF5005CCCF87470C2F874E04C
S31508008910CCF87870966735B94FF6FF769D68CCF82F
S315080089207C60ADB2D567082C0DD0A4F10B02012AE4
S3150800893035D893F825504FF40042002D35D0134D05
S31508008940C5F870222BE0DE6A0C4A114D16BB0126CB
S31508008950AE6020E0009000507F1600207E160020B2
S31508008960C8140020001003B8000003B8002003B89C
S31508008970FCFF070000E100E0C4140020009003B8E3
S31508008980004003B8005003B8006003B8005001B8AF
S3150800899000A003B8966006271E6BAF6096601A6A39
S315080089A0B2F5801F7FF4D2AED6E6404DC8E7404EFA
S315080089B0B7F5802F33643F4BC3F840B04FF0080B30
S315080089C0C3F840B04FF0FF3BC6F84CB0C3F84C9024
S315080089D0C6F850B0C3F85080C6F854B0C3F854E08F
S315080089E0C6F858B0C3F858C0C6F848B09D64C3F86E
S315080089F040A037D1557807232D4E4FF0FF377364C3
S31508008A002C4B5D6408255D64D2F808803766C3F888
S31508008A106080156977665D66D2F818E0B766C3F8B0
S31508008A2068E0D2F820C045EA080545EA0E0545EA99
S31508008A300C05F766C3F86CC0F765DD65926A5A647B
S31508008A408268D2E900352B4343EA81011A4B01F0CB
S31508008A501F01EDE6B7F5802F04D14268072C55783B
S31508008A60C9D8B7E68268B7F5C02FD2E9005343EAFA
S31508008A7005034FEA8105F0D0072C45EA0301E5D83E
S31508008A80D3E60D49C1F888300A4B01F50051C1F803
S31508008A908C40C3F88C508A61DA614B23F5E6074BA4
S31508008AA00EE700224FF480535A60FFDE006001B8DB
S31508008AB0006003B8005003B8004003B8000003B8CC
S31508008AC0084B1B783BB1012B07D1074B022203F554
S31508008AD08053DA607047054BF8E700224FF480535D
S31508008AE0DA60FFDE7F160020004003B8000003B8F6
S31508008AF0084B1B783BB1012B07D1074B042203F522
S31508008B008053DA607047054BF8E700224FF480532C
S31508008B10DA60FFDE7F160020004003B8000003B8C5
S31508008B200F4B1B788BB1012B11D10E4A012102F58F
S31508008B3080528B4291600FD80A4A0B49002B08BF16
S31508008B400A4693689B07FCD47047074AEEE700225B
S31508008B504FF480539A60FFDE00239B68FBE700BF53
S31508008B607F160020004003B8000003B838B50B4B49
S31508008B700B4C002818BF1C46A569E3691D4007D0A1
S31508008B80084B1B682BB12846984704F50054A56185
S31508008B9038BD6B05F9D5FFF7C3FFF6E7004003B804
S31508008BA0000003B8C41400201B4B9B6E03F0B0539F
S31508008BB0B3F1B05F2ED1194B19491B78E3B1012BDC
S31508008BC04FF0000201D0D261FFDE1648C2610A7872
S31508008BD0082A04BF144A5360124A012102F50052BA
S31508008BE08B42516013D80F4A1049002B08BF0A461A
S31508008BF053689B07FCD470470C4AD3610A78082A45
S31508008C0001D00A4AE9E70121074A5160F9E700233A
S31508008C105B68D9E7704700BF008000507F160020C8
S31508008C207E160020004003B800A003B8000003B871
S31508008C30054BA622D3F84C013121431C0CBF012059
S31508008C40C0F38070FEF7F0BB0080E00F10B5044655
S31508008C50FEF7A0F978B1154B1B786BB964B1144BC4
S31508008C601B784BB1134B1B78013B012B04D84FF4EF
S31508008C700042114B1A6510BD104B1B6D1B04FAD42C
S31508008C8001F071FA0446FDF7BDFA4FF400420C4BA9
S31508008C902046BDE810401A6502220A4BC3F824256F
S31508008CA00422054B5A6401F062BA00BF8016002000
S31508008CB081160020CC140020002002B8000002B85B
S31508008CC0001002B800D00350054BD3F8843013F0D7
S31508008CD0030F4FF4802314BF024A034A9364704774
S31508008CE0004000B8005000B8006000B870B50546EE
S31508008CF0FCF79EF801213A20F8F7AAFD3C4C3D4BBB
S31508008D0000201D70FFF7A2FF2378013B012B07D82F
S31508008D100122237CE17B9A4030235943364B5A5033
S31508008D200022364BC3F824259DB94FF6FF71344A05
S31508008D30C2F88410F821A2F58052C2F88410C3F84C
S31508008D402455304B4FF080421A65FFF7BDFF0020CF
S31508008D5070BD63685BB3FCF7C7F8626800EB520343
S31508008D60B3FBF2F3013B1B0243F0F80326782449D0
S31508008D70022E254A1DD0032E4FF6FF751F4825D013
S31508008D80012E2ED143F00203C1F88450C2F8843074
S31508008D900723C0F8243530230120E17B227C594380
S31508008DA01A4B00FA02F25A50FFF750FF17E0F82361
S31508008DB0DCE74FF6FF7043F00103C1F88400C2F800
S31508008DC0843006220D4BC3F82425E4E743F0050357
S31508008DD0C1F88450C2F884300423C0F824350C4BFB
S31508008DE0B0E7C1F88450C2F884300023F5E700BF25
S31508008DF0CC1400208116002040E0035000C0035028
S31508008E00006000B8002002B8005000B840D00350F7
S31508008E10001002B8F8B5214F06463D4604460FCE67
S31508008E200FC533682B60FCF703F801213A20F8F7E1
S31508008E300FFD00221A4BC3F82425A17A627A42EA6A
S31508008E400142C3F83025217CE27B42EA0142C3F89D
S31508008E502C25207B617B40EA0142C3F828253B7814
S31508008E60032B19D8DFE803F01202060C00230422AC
S31508008E70F9F7E6FB00230422217CE07BF9F7E0FB07
S31508008E8001230422A17A607AF9F7DAFB054B1878F0
S31508008E90BDE8F840FFF72ABF0120F8BDCC14002032
S31508008EA000C0035081160020034B1B6D002BBCBF6E
S31508008EB0024BC3F888007047000002B8004000B8AB
S31508008EC04FF604014FF60502044B01201B6C9BB2BA
S31508008ED08B4208BF1346024A136670470080E00FAC
S31508008EE000C001B8034B1A6E596E03F500530A40C9
S31508008EF01A66704700800A50124A10B5D2F84C31EB
S31508008F005468D269104912F4401F0FD15A1C0DD16A
S31508008F1024F0404424F44004240C24040B4801F0B3
S31508008F204BFF2146BDE8104001F046BF084A1940EC
S31508008F309442F3D103F4FE43B3F5807F08BF41F4AE
S31508008F40A061EBE70080E00FE0FFF01FCF13468B30
S31508008F50140015012DE9F0470C4681B1B1F1006FF7
S31508008F600DD31C4BCA1C9A4209D84FF0000844F688
S31508008F70FC7654F828104FEA88094B1C01D1BDE845
S31508008F80F08701F019FFC1F30263032B844608F149
S31508008F900107C1F3074514D18BB2F31AB5EB930F4A
S31508008FA04FEA930A0DD909F104015246214401F00A
S31508008FB01EFF844608F10208013D08EB0A07A5EBE7
S31508008FC00A052A46604604EB870101F010FF07EB05
S31508008FD00508CEE7FFFF07082DE9F041044668B10A
S31508008FE0B0F1006F0AD3254B00F117029A4205D853
S31508008FF0234B244A19780023994224D8002524278C
S31508009000FFF77AFF2168FFF7A5FF6168FFF7A2FF60
S31508009010E668AE4221D12269111A4B424B41B4F19E
S31508009020006F15D3154904F117058D4210D88242F1
S3150800903022D1134A1378052B09D8124941F823403F
S315080090400133137003E052F8040BA04203D1012345
S315080090501846BDE8F0810133CEE707FB05F3A268A1
S315080090600135D15802EB0308FFF774FF042208EB19
S31508009070020101F0BCFECCE70023E9E7FFFF070881
S3150800908082160020E014002053B94AB9002908BF07
S3150800909000281CBF4FF0FF314FF0FF3000F082B9B7
S315080090A0ADF1080C6DE904CE00F006F8DDF804E031
S315080090B0DDE9022304B070472DE9F04F099D0C46FF
S315080090C0002B4DD18A420F4684469646B2FA82F361
S315080090D060D94BB102FA03FEC3F120029F4000FAA1
S315080090E003FC20FA02F217434FEA1E461FFA8EF4D3
S315080090F04FEA1C42B7FBF6F106FB117701FB04F0B9
S3150800910042EA0742904208D91EEB020201F1FF37F4
S3150800911002D2904200F231813946121A1FFA8CFCAB
S31508009120B2FBF6F006FB102200FB04F44CEA024CF4
S31508009130644508D91EEB0C0C00F1FF3202D26445D7
S3150800914000F21E81104640EA0140ACEB040C0021F7
S3150800915025B12CFA03F30022C5E90032BDE8F08FE9
S315080091608B4205D90DB1C5E9000100210846F5E78E
S31508009170B3FA83F100294DD1A342C0F0F38090429F
S3150800918080F0F080064623460846002DE6D0C5E95D
S315080091900063E3E7002B40F0A3808A1A4FEA1E47D4
S315080091A01FFA8EF60121B2FBF7F407FB14204FEAEB
S315080091B01C4242EA004206FB04F090420FD91EEB1D
S315080091C0020204F1FF382CBF4FF001094FF00009E5
S315080091D0904203D9B9F1000F00F0CC804446121A28
S315080091E01FFA8CFCB2FBF7F007FB102200FB06F611
S315080091F04CEA024C664508D91EEB0C0C00F1FF320E
S3150800920002D2664500F2B3801046ACEB060C40EA83
S3150800921004409DE7C1F120068B4004FA01FE22FABC
S3150800922006F720FA06FCF4408A401F434EEA0C0370
S3150800923000FA01FE4FEA17484FEA13491FFA87FC5E
S31508009240B4FBF8F008FB104449EA044400FB0CF9A7
S31508009250A1450ED93C1900F1FF3A2CBF4FF0010B7E
S315080092604FF0000BA14503D9BBF1000F00F08B802E
S315080092705046A4EB09041FFA83F9B4FBF8F308FB7C
S31508009280134403FB0CFC49EA0444A44506D93C19DB
S3150800929003F1FF3801D2A4457BD8434643EA004090
S315080092A0A4EB0C04A0FB02984445CC46434602D3E3
S315080092B006D1CE4504D20138B9EB020C68EB070398
S315080092C0002D6CD0BEEB0C0264EB030422FA01F30A
S315080092D004FA06F6CC4000211E43C5E900643DE7C2
S315080092E002FA03FEC3F1200104FA03F200FA03FCB2
S315080092F0CC404FEA1E4720FA01F11FFA8EF6B4FB5E
S31508009300F7F00A4307FB1044110C41EA044100FB3D
S3150800931006F48C420ED91EEB010100F1FF382CBF72
S315080093204FF001094FF000098C4202D9B9F1000F3C
S315080093302CD04046091B92B2B1FBF7F407FB141177
S3150800934042EA014204FB06F1914207D91EEB0202EA
S3150800935004F1FF3801D291421ED84446521A44EA13
S31508009360004120E7861A64EB030301200DE7F44465
S3150800937002384AE7023C724431E702397244CCE6C5
S31508009380F4440238DFE602383C4472E70238714496
S31508009390D0E7023B3C4481E7023C7244DEE72946BB
S315080093A0DCE600BF704700BF08B5064B044613B19C
S315080093B00021AFF30080044B1B6803B19847204691
S315080093C001F044F80000000030160020002310B514
S315080093D004468360818119464366C28108228361F7
S315080093E0C0E90033C0E904335C3001F043FE0D4B9D
S315080093F0246263620C4BA3620C4BE3620C4B23633F
S315080094000C4B9C4206D003F16802944202D0D0333A
S315080094109C4205D104F15800BDE8104001F032BE67
S3150800942010BD00BF73AF000895AF0008CDAF0008A8
S31508009430F1AF0008F8140020024A0349034801F076
S3150800944025BD00BF100A0020ABB10008200A002085
S3150800945041680C4B994210B5044601D001F0A5FEAF
S31508009460A168094B994202D0204601F09EFEE168A8
S31508009470064B994204D02046BDE8104001F095BE3F
S3150800948010BD00BFF814002060150020C815002084
S3150800949010B50B4B04210B4C0B4A20461A600022D0
S315080094A0FFF794FF04F1680001220921FFF78EFFF8
S315080094B004F1D00002221221BDE81040FFF786BF52
S315080094C030160020F814002039940008014801F0ED
S315080094D0DABD00BF84160020014801F0D5BD00BFE3
S315080094E08416002010B50446FFF7F0FF236A1BB167
S315080094F0BDE81040FFF7F0BF044B2362044B1B681E
S31508009500002BF5D1FFF7C4FFF2E700BF519400081E
S3150800951030160020024B0146186801F0D5BC00BF82
S315080095201C0A002038B5294B05460C46186818B1A0
S31508009530036A0BB9FFF7D6FFB4F90C30190722D422
S31508009540DA0607D409222A6043F040034FF0FF30B9
S31508009550A38133E0580712D5616B41B104F1440386
S31508009560994202D0284600F09DF800236363A38938
S3150800957023F02403A3810023636023692360A3895E
S3150800958043F00803A38123694BB9A38903F4207325
S31508009590B3F5007F03D02146284601F053FEB4F9FF
S315080095A00C3013F001020AD00022A260626952420E
S315080095B0A261226942B913F08000C5D138BD990766
S315080095C058BF6269A260F4E70020F7E71C0A00208A
S315080095D038B50023054D044608462B6000F034FFD5
S315080095E0431C02D12B6803B1236038BD3416002012
S315080095F038B50446064D0846114600222A601A4622
S3150800960000F02CFF431C02D12B6803B1236038BD40
S315080096103416002038B50446064D08461146002281
S315080096202A601A4600F01CFF431C02D12B6803B1BE
S31508009630236038BD3416002038B50446064D084662
S31508009640114600222A601A4600F019FF431C02D16F
S315080096502B6803B1236038BD3416002070B50D4D54
S3150800966000260D4C641BA410A64209D10B4D0026FA
S315080096700B4C01F025FE641BA410A64205D170BD53
S3150800968055F8043B01369847EEE755F8043B013692
S315080096909847F2E7800A0020800A0020800A002006
S315080096A0840A002038B50546002941D051F8043C03
S315080096B00C1F002BB8BFE41800F0D8F81D4A136831
S315080096C033B9636014602846BDE8384000F0D4B862
S315080096D0A34208D9206821188B4201BF19685B6824
S315080096E009182160EDE71A465B680BB1A342FAD95F
S315080096F011685018A0420BD1206801445018116017
S315080097008342E0D118685B68084453601060DAE762
S3150800971002D90C232B60D6E7206821188B4202BF9A
S3150800972019685B680918636008BF21605460CAE756
S3150800973038BD00BF3C16002070B50F4E0C460546D6
S31508009740316811B900F0C0F830602146284600F0AB
S31508009750BBF8431C03D14FF0FF34204670BDC41C30
S3150800976024F00304A042F8D0211A284600F0ACF8E9
S315080097700130F2D1EFE700BF381600202DE9F0419D
S31508009780CD1C064625F0030508350C2D38BF0C25DB
S31508009790002D01DBA94204D90C2333600020BDE863
S315080097A0F081314F00F062F83B681C4644BB2946FD
S315080097B03046FFF7C1FF431C044650D13C6821469A
S315080097C0002941D1002C44D02368304604EB030815
S315080097D000F07AF880453CD1216830466D1A294652
S315080097E0FFF7AAFF013034D023682B4423603B6877
S315080097F0002B36D05A68A24229D100225A600EE0C0
S315080098002268521B1DD40B2A16D96119A34225605A
S3150800981018BF5960636808BF396062514B603046AB
S3150800982000F02AF804F10B00231D20F00700C21AE5
S31508009830B5D01B1AA350B2E7A3426268DED13A60DC
S31508009840EDE723466468B1E70C464968B8E713466E
S31508009850CEE70C233046336000F00EF89EE705602D
S31508009860DDE75B60FFDE00BF3C160020014801F023
S315080098700ABC00BF83160020014801F005BC00BFE2
S315080098808316002038B50023064D044608461146BF
S315080098902B6000F0DCFD431C02D12B6803B123606A
S315080098A038BD00BF3416002038B50023054D0446E0
S315080098B008462B6000F0D0FD431C02D12B6803B18B
S315080098C0236038BD3416002038B50023054D0446FC
S315080098D008462B60F6F794FF431C02D12B6803B1A8
S315080098E0236038BD341600207047704708B5F6F770
S315080098F049FDF9F73DFBF9F7CDFAF9F7F7FAF6F767
S31508009900E9FCF9F7DFFA08BD08B5F7F763FAF6F7E1
S3150800991055FE08BD08B5F9F79FF9F9F7A7FA00F05B
S31508009920B2FC00F02FF808BD7047704770477047C3
S31508009930704708B500F009F808BD08B5F9F7DEFE66
S31508009940F9F7EAFDFFF7F5FF08BD08B5F6F758FD84
S3150800995008BDFEE708B5FFF7FCFF08BD704708B568
S31508009960FFF7FCFF08BD704738B504460D46F9F702
S315080099707DF929462046FFF7F6FF38BD08B5FFF7FB
S31508009980B3FF08BD08B5F6F7A1FD08BDFEE7134607
S315080099902AB9704750F8043B41F8043B13465A1E4F
S315080099A0002BF7D17047002070474FF400407047EE
S315080099B04FF47A70704700B589B084460E980790C0
S315080099C00D9806909DF8300005900B9804909DF828
S315080099D02800039000200290019300920B466246ED
S315080099E00121F6F71FFF09B05DF804FB0B7BC37670
S315080099F08B7BC3774B7B0377CB7B80F820304B7F01
S31508009A0043778B7F80F82130CB7F837791F820309E
S31508009A1080F8223000207047816200230B80816A1B
S31508009A204B80816A8B8080F83030C2621380C26AAC
S31508009A305380C26A938080F8313080F8333070479B
S31508009A4010B582B0044600293CD001230422C17F08
S31508009A50C07EF8F7F5FD0123022294F82010207F36
S31508009A60F8F7EEFD94F83530022B04D0032B1AD004
S31508009A70002002B010BD0023012294F82110607F57
S31508009A80F8F7DEFD0023042294F82210A07FF8F7E9
S31508009A90D7FD94F821100123019300930A46607FAD
S31508009AA0F8F764FDE4E70023012294F82110607FAB
S31508009AB0F8F7C6FD0023042294F82210A07FF8F7D1
S31508009AC0BFFDD5E700231A46C17FC07EF8F7B8FD6B
S31508009AD000231A4694F82010207FF8F7B1FD94F871
S31508009AE03530022B10D0032BC2D100231A4694F826
S31508009AF02110607FF8F7A4FD00231A4694F8221077
S31508009B00A07FF8F79DFDB3E700231A4694F82110C5
S31508009B10607FF8F795FD00231A4694F82210A07F77
S31508009B20F8F78EFD94F82110002301930123009382
S31508009B300A46607FF8F71AFD9AE710B582B0F7F77C
S31508009B4099F920B1044690F83530022B01D002B0BD
S31508009B5010BDF7F7A1F92076637E022BF7D194F8AA
S31508009B603230002BF3D18DF807300DF10701A068CC
S31508009B70F7F74CF8237E13B194F8333033B100234A
S31508009B8084F83330A068F7F701F8E0E70028DED15B
S31508009B909DF80730002BDAD0A068F6F7D7FFD6E78E
S31508009BA010B5044690F8363093B9036804225A6112
S31508009BB023689B6913F0020FFAD023795B0103F13E
S31508009BC0A04303F5703341F298721021995010BDE5
S31508009BD0022BFCD10068836C13F0010F0CD0052111
S31508009BE000F0F1FA2379A6335B0103F1A04303F5EC
S31508009BF0703310225A60EAE7062100F0E4FAF1E72A
S31508009C0010B5044690F836306BB903795B0103F159
S31508009C10A04303F5703342F29872102199500368F5
S31508009C2008225A6110BD022BFCD10068836C13F020
S31508009C30010F0DD0092100F0C6FA237903F59373B5
S31508009C405B0103F1A04303F5703310225A60E9E77C
S31508009C50002100F0B8FAF0E72DE9F84304460D466E
S31508009C601646F7F72FF9804610B14046BDE8F88347
S31508009C701620F8F721F90746E36A9B889BB23BB1A1
S31508009C8094F8323023B9002FF6D0F7F741F8F3E706
S31508009C9094F8363083B923689F6907F0020717B925
S31508009CA02046FFF77DFF012384F8343094F83630D8
S31508009CB08BB1022B18D124E0022B01D04746EFE7DF
S31508009CC023689F6C07F00207E9E715F8011B20686F
S31508009CD000F0BEFA4E4606F1FF39002EF5D123688C
S31508009CE09B6913F0200FFAD0002FBED12046FFF74C
S31508009CF087FFB846B9E715F8011B206800F088FA0F
S31508009D004E4606F1FF39002EF5D123689A6C42F2C9
S31508009D1020039343F9D1E7E738B505460C46F6F72D
S31508009D20D9FC05B128600CB10D23236038BD30B5C8
S31508009D3083B005460C46002301934FF0E0231B69C8
S31508009D4013F0040F0CD0F6F7DFFC01900C230093F8
S31508009D500DB1019B2B600CB1009B236003B030BD95
S31508009D60694601A8F7F7C8FBF2E770B505460E463F
S31508009D70144600F0F8F92B685C4034405C402C60CF
S31508009D8000F0F5F970BD08B5F6F7D0FC0021F7F735
S31508009D9025FD08BD10B582B0002301930093B0F5E8
S31508009DA0807F00F20781B0F5807F00F27681DFE8D8
S31508009DB010F048017401740174017401740174018E
S31508009DC074017401740174017401740174017401DD
S31508009DD074017401740174017401740174017401CD
S31508009DE074017401740174017401740174017401BD
S31508009DF0740148018601480186014F014F014F0150
S31508009E004F014F0186011F0139015701A801390188
S31508009E108601860186017401740174017401740156
S31508009E207401740157018601860186016E01B2012B
S31508009E30860174017401740174017401740174015A
S31508009E407401740174017401740174014F014801AD
S31508009E5048014801AD01390139016301B7019E0185
S31508009E607D017D017401740174017401740174012A
S31508009E70740174017401740174017401740174012C
S31508009E80740174017401740174017401740174011C
S31508009E90740174017401740174017401740174010C
S31508009EA074017401740174017401740174017401FC
S31508009EB074018201740174017401740174017401DE
S31508009EC074017401740174017401740174017401DC
S31508009ED074017401740174017401740174017401CC
S31508009EE074017401740174017401740174017401BC
S31508009EF074017401740174017401740174017401AC
S31508009F00740174017401740174017401740174019B
S31508009F10740174017401740174017401740174018B
S31508009F20740174017401740174017401740174017B
S31508009F30740174017401740174017401740174016B
S31508009F40740174017401740174017401740174015B
S31508009F50740174017401740174017401740174014B
S31508009F60740174017401740174017401740174013B
S31508009F70740174017401740174017401740174012B
S31508009F80740174017401740174017401740174011B
S31508009F90740174017401740174017401740174010B
S31508009FA074017401740174017401740174017401FB
S31508009FB07401A301B0F5D06F00F0A3800CD9B0F5F9
S31508009FC0286F00F0AD8050D9B0F5306F64D100210C
S31508009FD001A8F7F73FFA60E0B0F5607F7AD00CD9B0
S31508009FE0B0F5A06F00F083802FD9B0F5B06F34D1EB
S31508009FF0002101A8F7F704FA4FE0B0F5007F0AD16F
S3150800A000F6F768FB04464FF40070F7F7B9FBB4FBA4
S3150800A010F0F4019441E011D9B0F5207F4FD0B0F5A6
S3150800A020407F3AD1F6F770FB04464FF42070F7F7F5
S3150800A030A7FBB4FBF0F4640801942EE0B0F5C07FEA
S3150800A0402BD1F6F761FB019027E0B0F5806F24D19C
S3150800A050002101A8F7F76EF91FE0B0F5C06F1CD113
S3150800A060002101A8F7F748FA17E0B0F5106F4DD0B0
S3150800A07007D9B0F5206F10D1002101A8F7F762FAC9
S3150800A0800BE0B0F5E06F46D0B0F5F06F05D10021D2
S3150800A09001A8F7F729FB00E002D2019802B010BD2B
S3150800A0A0B0F5386FDCD0B0F5406FF6D1002101A8C5
S3150800A0B0F7F774F9F1E7F6F70DFB0190EDE7F6F718
S3150800A0C023FB04464FF42070F7F75AFBB4FBF0F471
S3150800A0D00194E2E700216846FFF71EFE009C4FF454
S3150800A0E06070F7F74DFBB4FBF0F40194D5E7002157
S3150800A0F001A8F7F7CDF9D0E7002101A8FFF717FE69
S3150800A100CBE7002101A8F7F771FAC6E7002101A8F5
S3150800A110F7F798FAC1E7002101A8F7F7BFFABCE7F5
S3150800A120002101A8F7F740FAB7E708B5002903DDCB
S3150800A1300121F7F753FB08BD0021F7F74FFBFAE7B4
S3150800A14008B502214FF42070F7F70AFE08BD08B5D6
S3150800A15001210220F7F7E4FEFFF715FEFFF7F0FFEF
S3150800A160F7F7E0F808BDEFF3108072B6704700B94C
S3150800A17062B67047EFF31180302383F31188704776
S3150800A18080F3118870477047436813F0010F19D0A0
S3150800A190836813F0010F03D0036913F0010F09D088
S3150800A1A00A238363436D13F0500FFBD1836C13F0BE
S3150800A1B0030FFBD100F5005301225A60436813F0E0
S3150800A1C0020FFBD1704708B5F9B10A4600F580536E
S3150800A1D00121596002F00F01436DC3F30B03002BF5
S3150800A1E0FAD18163436D13F07803FBD112F0010FA6
S3150800A1F000D0012312F0040F01D043F00203826C51
S3150800A20002F003029A42FAD108BDFFF7BDFFFBE749
S3150800A210836C13F0400FFBD04164704708B50023E8
S3150800A2201A46F8F793F808BD08B500231A46F8F752
S3150800A2308DF808BD70B505460E461446FFF793FF20
S3150800A2402B685C4034405C402C60FFF790FF70BD83
S3150800A250836913F0400FFBD0C163704708B500212E
S3150800A26000F099FB002008BD08B539B1A1F10C032F
S3150800A270DBB2102B05D8F8F731FD01E0FFF7EEFF4A
S3150800A28008BD0120FCE708B500214FF0FF3000F0BB
S3150800A2905AFC08BD70B50C461546034630B15E68D3
S3150800A2A04EB12A4621461868B04770BDF8F788FEB1
S3150800A2B003460028F3D12320F7E72DE9F04182B0C1
S3150800A2C00E4617461C46054670B18CB195B1D5F8B1
S3150800A2D00880B8F1000F0FD023463A463146286861
S3150800A2E0C04702B0BDE8F081F8F76AFE0546ECE71C
S3150800A2F001ACEBE72320F4E72320F2E710B5044688
S3150800A300A36B9B6C13F0400FFAD000231A46616CBE
S3150800A31094F84000F8F794F900231A46E16C94F88B
S3150800A3204800F8F78DF994F8603013F0010F13D14F
S3150800A33094F8603013F0020F16D1A36B03F500539F
S3150800A34004221A650021A06BFFF73DFF0021E06B90
S3150800A350F7F77EFA002010BD00231A46616D94F8BF
S3150800A3605000F8F76DF9E3E700231A46E16D94F813
S3150800A3705800F8F765F9E0E710B50446FFF7F3FE6D
S3150800A380A36B9A6C12F0800F0BD003F5805304224E
S3150800A390DA64A36B03F5805304221A65FFF7E7FE18
S3150800A3A010BD03F500530422DA64F2E708B5806BA2
S3150800A3B0FFF72EFF002008BD10B50468A36BDA6C02
S3150800A3C012F0040F16D003F500530422DA64237E34
S3150800A3D053B1637E73B194F82D3063B9A36B03F55B
S3150800A3E0005304221A6505E0A36B03F500531A65AA
S3150800A3F00123237610BD002384F835301321A06B82
S3150800A400FFF706FFA36B03F5805304221A65A36BB7
S3150800A410DB6BDBB2112B04D0132B11D0132BE9D134
S3150800A42002E0012384F83430237A03EB43031B014B
S3150800A43003F1A04303F58023DB6E013B2363D9E7D1
S3150800A440002284F83420E9E700207047FEE74FF43D
S3150800A45000534B600020704701207047002070476A
S3150800A46000B583B00020019001ABFFF726FF0198E5
S3150800A47010B103B05DF804FB4FF0FF30F9E710B5F3
S3150800A48014460020FFF706FF204610BD80F82C1062
S3150800A490704790F82C007047037E6BB330B4037A8C
S3150800A4A003EB43031B0103F1A04303F58023DC6E92
S3150800A4B0C16805694B199C4213D0013C8C4201D2F4
S3150800A4C06C1E0C442346026B9A4212D01A78112A43
S3150800A4D009D0132A07D0013B8B42F4D26B1E0B44DA
S3150800A4E0F1E70C46E9E7112A14BF0022012280F899
S3150800A4F03420046330BC704770472DE9F0470446A2
S3150800A5000F46154690F82C9000264FF0010802E0F9
S3150800A51094F834307BB9AE4221D294F82D30002B12
S3150800A520F6D0FFF727FE82462046FFF7B5FF5046CE
S3150800A530FFF726FEECE7B9F1000F02D03B780A2BAD
S3150800A54008D0E369397820469847804638B90137F4
S3150800A5500136E0E7E3690D2120469847F1E74046D2
S3150800A560BDE8F08708B5FFF7C8FF002008BD2DE94C
S3150800A570F0411646002A5DD004460D46037E002BA0
S3150800A58069D0037A03EB43031B0103F1A04303F5E8
S3150800A5908023DB6EC16802690A44934212D0676958
S3150800A5A09F4211D09F4211D2DF1BB74228BF3746C0
S3150800A5B0FFF7E0FD804694F82D30002B3FD03E464D
S3150800A5C0002210E00B46EAE7617EEBE7D71BECE7D3
S3150800A5D0206B814212D0013E6369216B8B4214D0F5
S3150800A5E0013363610132BA4212D261690B78112BC9
S3150800A5F0EED0132BECD005F8013BEDE7112B14BF79
S3150800A6000023012384F83430E5E701312163E7E7C5
S3150800A610216BE2682369134499420ED06169E268A6
S3150800A62023691344994214D02046F8F77BFE404626
S3150800A630FFF7A6FD3046BDE8F0812263EEE73A460D
S3150800A6406169284600F021FD63693B4463613E4623
S3150800A650E4E76261E8E70026ECE72DE9F041064603
S3150800A6600F4690461C46FFF785FD05464246394685
S3150800A6703046FFF77CFF20602846FFF781FD2368F8
S3150800A68013B10020BDE8F0811B20FBE701F00303AE
S3150800A690DB004FF0FF0C0CFA03FC07290ED810B5A7
S3150800A6A04FEA910E0EF10C0150F821409A40624093
S3150800A6B002EA0C02624040F8212010BD704708B536
S3150800A6C0F8F704FF08B5FFF7FAFF08BD08B500213B
S3150800A6D00846F8F781F908BD08B510F0010F09D149
S3150800A6E0002110F0020F01D041F002010020F8F716
S3150800A6F059F908BD0121F4E738B5FFF73BFD0446D3
S3150800A7000020F8F761F910F0010F11D1002510F0BB
S3150800A710020F01D045F0020500F003010020F8F70A
S3150800A7204DF92846F9F726F82046FFF729FD38BDE2
S3150800A7300125ECE708B53E20FFF72CFB08BD08B558
S3150800A740FFF7D4F8FFF7E0F8FFF7F7F8FFF7E2F8B6
S3150800A750FFF7EAF808BD08B5FFF7E7F8FFF7E6F8E8
S3150800A760FFF7E5F8FFF7E4F808BD4021FCF7A8BBBA
S3150800A7700022114600F084B870B50C4611F00101AC
S3150800A78018BF02F0010315461ABF4FF480311A04A8
S3150800A7900A4604F0040604F00803A4070BD5AC0720
S3150800A7A041F4003148BF42F400322EB963B9FCF7D0
S3150800A7B073FB002070BD36B16C0741F4802148BF99
S3150800A7C042F48022F2E733B12B0741F48011EED52B
S3150800A7D042F48012EBE70029EBD04FF48031E6E72C
S3150800A7E038B5054610460C46F9F7E2FAD5B1D5F85C
S3150800A7F0C430BBB15B69ABB1421ED2B2FD2A13D9D4
S3150800A8000A68013204BF6FF001020A600A68FF286D
S3150800A8101A6007D16268013202D16FF001026260E4
S3150800A82062685A60002038BD0128F2E710B504684E
S3150800A8300246090494B9D9B1B1FA81F3C3F12003E8
S3150800A840C3F10F00012838BF012003F01F03D940C8
S3150800A8508C4201D201384908116010BDB4FA84F35C
S3150800A86031B1B1FA81F01B1A002BE9DC0F20EFE7B2
S3150800A8700F20F1E7063803288CBFFF200120704718
S3150800A88000207047704708B5FAF780F9BDE8084018
S3150800A890FAF7A0B938B50446FFF7F5FF0546FFF7FE
S3150800A8A0F2FF431BA342FAD338BD08B521B1920083
S3150800A8B000F0EBFB002008BD0120FCE70B0CB3F50C
S3150800A8C0384FF7B506460D468FB216D04BF601023D
S3150800A8D0934214D04BF60202934212D0B3F5304F8E
S3150800A8E014BF04240324D6F8C4300BB1196851B92F
S3150800A8F0D6F8C0309BB928680FE00024F3E7012496
S3150800A900F1E70224EFE7234668463A46FAF7A4F940
S3150800A9109DF804300098002BEAD103B0F0BD196801
S3150800A9200029E8D0234668463A46FAF795F99DF88D
S3150800A93004300098002BDED1EFE730B14FF47A737C
S3150800A9405843A0F57A60FAF7B5BF4CF25030FAE7EB
S3150800A950FBF71ABEFBF718BEFBF716BEFBF714BECD
S3150800A960FBF712BE7047431E012B03D9031F58423B
S3150800A97058417047012070474FF4CC72002100F00F
S3150800A98079BB10B504460021FEF7AFFF2046BDE8A7
S3150800A9901040FDF7EBBCFCF7D3BEF8B505460E46EE
S3150800A9A0FDF7DEFD38B13046FEF716FB4FF4A6720A
S3150800A9B04121FCF739FD31462846FCF727FBD5F837
S3150800A9C0C03073B15B6963B1FAF78EFAD5F8C03057
S3150800A9D040F26B125B6942211B1A58425841FCF738
S3150800A9E023FD00224FF6FF734FF0240CF768D0B210
S3150800A9F0B84208D31C4621462846FCF799FC00F0C5
S3150800AA00D7F92046F8BDB1680CFB0011CC899C42E9
S3150800AA1002D2002CEFD023460132E8E7408B70477C
S3150800AA200A7838B505461046FFF79DFF60B14C78A1
S3150800AA302046FFF798FF38B12243530704D4284627
S3150800AA40BDE83840FDF702B8012038BDFFF7E8BF7A
S3150800AA5010B504460878FFF786FF58B14A781046BD
S3150800AA60FFF781FF30B1042A04D02046BDE8104024
S3150800AA70FDF722B8012010BDFFF7EABFFCF706BEB6
S3150800AA80FAF75ABE38B5044648880D4600F08EF9DE
S3150800AA90D4F8D4302BB929462046BDE83840FDF70E
S3150800AAA041B8022038BD00F082B900F0B7B873B5D6
S3150800AAB0044600200D4600F079F9D4F8D4606946BA
S3150800AAC02046FFF7F2FF5EB99DF800102A46204699
S3150800AAD0F7F7B4FF01462046FDF7B4F802B070BD9B
S3150800AAE0002329461A462046B047F7E7FFF7CABEAD
S3150800AAF0D0F8D400003818BF0120704738B504468E
S3150800AB000D46FFF730FB002365632363BDE8384035
S3150800AB10FFF72DBB38B505460C46FFF724FB6B6BD4
S3150800AB201C402B6B23432B63FFF721FB211E18BF09
S3150800AB3001210020490238BDFDF71CBA00F0ACB867
S3150800AB400846FEF767B9431C08BF0020FCF796BE07
S3150800AB50FFF70BBE38B505460C46FFF7F9FF80B17F
S3150800AB60FDF708FDC3070AD5214600222846F8F74F
S3150800AB70DBFF04462846FFF7FBFD204638BD0224C6
S3150800AB80FBE70324F9E737B50446FFF7E1FFB0B161
S3150800AB90FDF7F0FC012814D100212046FCF7D0FD72
S3150800ABA000254FF0013369462046CDE9005300F0F1
S3150800ABB02AF929462046F8F751FF03B030BD03208D
S3150800ABC0FBE70220F9E738B504460D46FFF7C0FF54
S3150800ABD028B129462046BDE83840F8F769BF032062
S3150800ABE038BD00207047002070477047836B03F01C
S3150800ABF06003402B0DD0602B03D0203B58425841B0
S3150800AC00704749B10B68012B06D9486940F0010025
S3150800AC10704740F201107047002070470346D0F88D
S3150800AC2004010860B3F8083100208B80704790F85B
S3150800AC3004310E2B14BFC07DFF207047F8B50C46B3
S3150800AC4040210546FCF73CF94FF4006107460646E5
S3150800AC502846FCF735F930B17CB195F8FE3073B16A
S3150800AC606FB93046F8BD22024FF480712846FCF7CA
S3150800AC7013F9061E18BF0126F3E72246F4E74FF438
S3150800AC808072F1E74A024FF40071FCF705B98A02AF
S3150800AC904FF48061FCF700B9084611F0030110B5BE
S3150800ACA018D113883F2B15D9B3FA83F3C3F11904C6
S3150800ACB0E4B2062C01D8192B03D0062C214628BF4E
S3150800ACC0062101238C1DE4B2A3401380F9F7E2F8AC
S3150800ACD0002010BD0120FCE738B515460446084695
S3150800ACE00121FAF70FF901212846FAF70BF9637CD7
S3150800ACF043F00103637438BD38B50446154601763A
S3150800AD004AB1FFF732FD08B9002016E0237C43F06C
S3150800AD1080032374F8E70846F9F760FEFF282076D3
S3150800AD2008D02046FFF721FD0028EDD0237C65F3E7
S3150800AD30C713EEE7F9F776FE012038BD8021FCF748
S3150800AD40BFB838B50546FCF715FD04462846FCF796
S3150800AD50EFFC072811D1D5F8C43024F47F41DB690C
S3150800AD6021F0080103B15B7841EA032141F0200193
S3150800AD702846BDE83840FCF703BD24F02001F7E774
S3150800AD8090F82801431E584258417047D0F81C01D4
S3150800AD90003818BF01207047FDF742BC0020FDF7B8
S3150800ADA0E5BE0120FDF7E2BEFDF7B6BB704770476A
S3150800ADB0704700200021704700EB8023C0EB831307
S3150800ADC053FA81F303EB8322C3EB8213C1F3072201
S3150800ADD0134403EB8322C3EB8213C1F307421344E4
S3150800ADE003EB8322C3EB821303EB1160704738B57C
S3150800ADF00D46144604B938BD55F8041BFFF7DCFFA9
S3150800AE00013CF7E7704773B50D7806460C4635B32F
S3150800AE1004238DF804302379304601A98DF80530CE
S3150800AE20FFF716FE0546B8B92278A37952BB8DF806
S3150800AE300430E379304601A98DF80530FFF7F0FDB7
S3150800AE40054648B923783BB161883046FDF754F882
S3150800AE5001213046FFF7F2FE284602B070BD2946AA
S3150800AE60FFF7ECFE29463046FFF70CFF2946304629
S3150800AE70FFF70DFF2378002BCAD123798DF804300C
S3150800AE806379C9E702228DF80420D3E72DE9F84350
S3150800AE900746884614460026D4E90195B9F1010902
S3150800AEA005D52468002CF7D13046BDE8F883AB8970
S3150800AEB0012B07D9B5F90E30013303D02946384698
S3150800AEC0C04706436835E9E7036A70B505460E4686
S3150800AED084680BB9FEF706FB636EDB0705D4A38906
S3150800AEE0980502D4A06D00F0CEF8A389190702D5FB
S3150800AEF02369002B35D121462846FEF713FB80B37C
S3150800AF004FF0FF35636EDA0705D4A3899B0502D493
S3150800AF10A06D00F0B9F8284670BD002B15DB236834
S3150800AF205A1C22601970A36816F8011F013BA3601A
S3150800AF300029F2D1002B16DA22460A21284600F00B
S3150800AF405BF80130DCD00A25DCE7A2699A4201DC0D
S3150800AF500A29E4D12246284600F04EF80130E2D10B
S3150800AF60CEE7013EDFE723685A1C22600A221A70E0
S3150800AF70E9E710B50C46B1F90E10FEF74BFB0028B1
S3150800AF80ABBF636DA3891B1823F48053ACBF6365FD
S3150800AF90A38110BD2DE9F0411F468B8905460C4655
S3150800AFA0DB05164605D502230022B1F90E10FEF779
S3150800AFB01FFBA3893246B4F90E10284623F48053A2
S3150800AFC0A3813B46BDE8F041FEF736BB10B50C46FB
S3150800AFD0B1F90E10FEF70CFB431CA38915BF60657B
S3150800AFE023F4805343F48053A38118BFA38110BD73
S3150800AFF0B1F90E10FEF7ECBAF8B50E46144605463A
S3150800B00018B1036A0BB9FEF76DFAA369A360A389A1
S3150800B0101A0701D5236943B921462846FEF782FA5D
S3150800B02018B14FF0FF373846F8BD2368F6B22269E3
S3150800B0303746981A6369834205DC2146284600F09C
S3150800B040B4F80028EDD1A368013BA36023685A1C15
S3150800B05022601E70431C62699A4204D0A389DB07EA
S3150800B060E1D50A2EDFD12146284600F09EF80028B1
S3150800B070D9D0D6E702440346934200D1704703F875
S3150800B080011BF9E77047704770470A44431E91420F
S3150800B09000D1704710B511F8014B914203F8014FE2
S3150800B0A0F9D110BDB1F90C202DE9F0411707054675
S3150800B0B00C4656D44B68002B02DC0B6C002B3DDD8E
S3150800B0C0E66A002E3AD0002312F480522F68216ACD
S3150800B0D02B6025D0626DA389580705D56368D21AF7
S3150800B0E0636B0BB1236CD21A216A0023E66A2846E1
S3150800B0F0B047411C24D00023636023692360A389D9
S3150800B100DA0400D56065616B2F60B9B104F14403B8
S3150800B110994202D02846FEF7C5FA002363630DE07C
S3150800B12001232846B047461C0246D4D12B68002B7B
S3150800B130D1D01D2B01D0162B2AD12F6000202EE04E
S3150800B1402A68B4F90C3042B11D2A01D0162A21D139
S3150800B1500023636023692360D5E762602269226061
S3150800B160CEE70F69002FE9D093070E680F600CBF72
S3150800B1704B690023A6EB07088B60B8F1000FDDDDED
S3150800B18043463A46216A2846A66AB047002808DC9C
S3150800B190B4F90C3043F040034FF0FF30A381BDE80B
S3150800B1A0F0810744A8EB0008E7E738B50B690546C0
S3150800B1B00C4613B90025284638BD18B1036A0BB9E1
S3150800B1C0FEF790F9B4F90C30002BF3D0626ED00775
S3150800B1D004D4990502D4A06DFFF755FF28462146E9
S3150800B1E0FFF760FF636E0546DA07E4D4A3899B057B
S3150800B1F0E1D4A06DFFF748FFDDE770B50C46B1F95D
S3150800B2000E1096B0154600291E460CDAA3890021B1
S3150800B21013F0800F14BF40234FF480630020316081
S3150800B2202B6016B070BD6A46FEF72CFB0028EDDBD6
S3150800B230019901F47041A1F50053594259414FF45F
S3150800B2408063EBE78B89F7B59D0706460C4607D55D
S3150800B25004F14703236023610123636103B0F0BD52
S3150800B26001AB6A46FFF7C9FF009F054630463946D7
S3150800B270FEF784FA48B9B4F90C309A05EED423F0EF
S3150800B280030343F00203A381E2E7A389206043F0A6
S3150800B2908003A381019BC4E904075BB1B4F90E10CE
S3150800B2A03046FEF701FB28B1A38923F0030343F0D8
S3150800B2B00103A381A3891D43A581CFE700000000F0
S3150800B2C0F8B500BFF8BC08BC9E467047F8B500BF85
S3150800B2D0F8BC08BC9E46704700000000000000004D
S3150800B2E00000000000000000000000000000000050
S3150800B2F00000000000000000000000000000000040
S3150800B30068656C6C6F20776F726C64007465737413
S3150800B31020636F6D6D656E740000000058B30008F9
S3150800B3200000000034B3000801000000000000001F
S3150800B330C01753020000000000A1BC3340420F00B2
S3150800B340000000001400FF7F08080020000000002D
S3150800B35000000000000000000C4002000000000091
S3150800B36000400000204002000F000000000000001E
S3150800B3703040070000000000000000000000000048
S3150800B3800000000000000000004000000007000068
S3150800B39050400100000000005C4002000000000070
S3150800B3A000000000A840010007000000BC4004009F
S3150800B3B0000000000000000000000000000000007F
S3150800B3C008410400FF4C000000000000FF4D00008B
S3150800B3D00000000020C0011000F8070020C001305E
S3150800B3E0FE01280024C00110FF00000024C001301F
S3150800B3F00013000028C00800EC80B30343754051D1
S3150800B400A00F00B830400000A8AA070000000000FE
S3150800B410000000000000000054C01400872130001E
S3150800B4202E002BE68A000000192327292B0000008E
S3150800B43088C60200E0040000BA10000000003F00C1
S3150800B4408D00EE00F601AC03F5049607DE099C0DA7
S3150800B450C3119317FE1DF526BD32FF3FFE15F81BD7
S3150800B460DC23B42DD039FF3FFF3F0000A8C00500FC
S3150800B470BD4B721511A3180510325476980A0000B0
S3150800B48000000000CCC004006600000000000000B8
S3150800B49001000A0001002800080001014407000015
S3150800B4A018000101000000002000010101A00000B1
S3150800B4B0404026010000F040000000001000000097
S3150800B4C0000000040FC082000000002000000000F9
S3150800B4D00000000300000020000000009909FC009D
S3150800B4E04008000010000000120014006FB10000B0
S3150800B4F000000000790D000000000000D9033A00A2
S3150800B5000000066200000000040A142232414A4F75
S3150800B510000000000000000000000000000000001D
S3150800B520000000000000000000000000000000000D
S3150800B53000000000000000000000000000000000FD
S3150800B540000000000000000000000000E0400111BB
S3150800B550F8010000E040013101020000104102013B
S3150800B560331E0500000000001C410E010050558CDA
S3150800B57000000000FF0483078813C83AFF06660C1C
S3150800B580FF0483078813FF03BC200AF0D00B510081
S3150800B59001619E40008DF655A429C841893B4000AB
S3150800B5A0C00300805841020100000000FFFD0000B2
S3150800B5B0644101010C0100006C410B0100000040D0
S3150800B5C0000000000000000000000000000000006D
S3150800B5D0000000000101000000000000000000005B
S3150800B5E00000000000000000A44102010000000065
S3150800B5F000000000B0410C0100000000E09537C0D3
S3150800B600000000000000000000003C00AAAA060096
S3150800B610000000000000000055555555E5005F8004
S3150800B6200400620000000000E4411501328C320D6E
S3150800B630EF6731008B257F00882337002DFDA80D85
S3150800B640DCFA8B0350265331EA6B8F00B3000E00E9
S3150800B650773A0E002FBFBB0015BA4C0F2206A70477
S3150800B660981DF9210000008000000000400000003D
S3150800B6700000000060180040000000000000000004
S3150800B6803C4201010000000044420301140000008E
S3150800B690000000000800030430430F01000000000A
S3150800B6A0000000000000000000000000000000008C
S3150800B6B0000000000000000000000000000000007C
S3150800B6C00000000000000000000000380000000034
S3150800B6D0000000000000FF58108001010300000070
S3150800B6E038800201F4421000030000009C80030128
S3150800B6F00000000070B80300D0000000A880011107
S3150800B700F6010000A880013101420101AC80011157
S3150800B710F6010000AC800131013EFD00B080020157
S3150800B7200003000237000001980003020000000031
S3150800B730000C00044C040000D8000202050040AAD0
S3150800B74088010000EC000112E00F0000EC00013255
S3150800B7500D205151F00001022B05000000010102E5
S3150800B760100100000401011200000000040101326A
S3150800B770100100001001011200FF0F001001013234
S3150800B780020000422C01011200FC1F002C010132AC
S3150800B790A9008000400101023F000000500101128B
S3150800B7A000C0000050010132610051006801020228
S3150800B7B010000600002001007401010269811B0CBB
S3150800B7C07801011200001C00780101324004E0CF24
S3150800B7D08001011279070000800101320200000091
S3150800B7E0880102025000000000000000AC010112AE
S3150800B7F0F8010000AC01013204020100B0010102A7
S3150800B80000000000FC4F010310B80008FFFFFFFF0F
S3150800B81010000000188661000000000090B80008BB
S3150800B82084B80008000000000800000000000000BE
S3150800B83020A107000101F400F442100700000000EF
S3150800B84060B80008000000000000000000000000CA
S3150800B85029A1070000000000000000000000000009
S3150800B86001000000C0175302040C0000E0020000AB
S3150800B87000003C0301020504980301020505F403D0
S3150800B88001020605AF250000AF250000D00700001D
S3150800B89014290200003111000000010002640001B1
S3150800B8A0012F00000700000005000000000000004E
S3150800B8B000C20100000200000010000000000000A5
S3150800B8C00000000000000000000011003C000A50C3
S3150800B8D0010100001E000003050000000000000032
S3150800B8E000C2010000050000001000000000000072
S3150800B8F000000000050000000000000000C2010072
S3150800B9000002000000100000000000000000000017
S3150800B91000000000040404040404000102030000FB
S3150800B920000901F02CBA0008000901F0E0B9000886
S3150800B930000901F094B90008000901F048B90008A7
S3150800B9400000000000000000CEFF84FEFF00CEFFCE
S3150800B9500A000000F00094077D240500D300C808FB
S3150800B9604A720500BA00DB07482C0500A6004F07F7
S3150800B970B4FD040094007506A9AC04008500F4051E
S3150800B980017804007600C004A6EE03004F00A50166
S3150800B9905B2702001E0084FEFF001E000A0000004E
S3150800B9A0F0001F0845CA0200D400220AB0AD020002
S3150800B9B0BA00380925B20200A500960703AA0200B4
S3150800B9C090009F06609B02008100E1051E89020027
S3150800B9D073004305987402004B005A011E7B010050
S3150800B9E06E00A2FEFF006E001E000000F000C40BF1
S3150800B9F07391FEFF88004606813600005B00C3038C
S3150800BA0057AF00003C0070022CC500002A00B601A2
S3150800BA102DBC00001D001F0151A200001400B80033
S3150800BA20838400000C003A009648000096001AFF2E
S3150800BA30FF0096001E000000F000671427ADF7FF10
S3150800BA40530087041126FFFF2E001902C2FBFFFFD1
S3150800BA501E005001A92800001400D0008C360000F2
S3150800BA600D0085003C35000009005A004D2F0000E6
S3150800BA70050022006F1E00000103100101090300E2
S3150800BA800B0000000C00000003000000000020204E
S3150800BA9000000000020000003C3C3C0000000000E2
S3150800BAA0000000000000000080B285330037A43390
S3150800BAB0FFFFFFFFFFFFFFFFFF7FFF7FFF7FFF7F88
S3150800BAC0030304041105000090DBD83380BBC2339E
S3150800BAD0A009C3330037A433FF7FFF7FFF7FFF7FB3
S3150800BAE0020100031004000090DBD83380BBC23388
S3150800BAF0A009C33380B28533FF7FFF7FFF7FFF7FB7
S3150800BB00020100030F04000000045C360016D63656
S3150800BB10FFFFFFFFFFFFFFFFFF7FFF7FFF7FFF7F27
S3150800BB20030304040E050000000D9936801525361A
S3150800BB30A06325360016D636FF7FFF7FFF7FFF7F7F
S3150800BB40020100030D040000000D99368015253604
S3150800BB50A063253600045C36FF7FFF7FFF7FFF7FEB
S3150800BB60020100030C04000080BBC23380BBC23351
S3150800BB70A009C333FFFFFFFFFF7FFF7FFF7FFF7F24
S3150800BB80020100040B000000A0D1E336A006F0363F
S3150800BB9060630537FFFFFFFFFF7FFF7FFF7FFF7FA4
S3150800BBA0020202040A020000000D9936000D9936B9
S3150800BBB0205B9936FFFFFFFFFF7FFF7FFF7FFF7F39
S3150800BBC0020100040900000040E3CB3340E3CB3315
S3150800BBD06031CC33FFFFFFFFFF7FFF7FFF7FFF7FD3
S3150800BBE00201000408000000A03BFC3660981137EB
S3150800BBF060373637FFFFFFFFFF7FFF7FFF7FFF7F3F
S3150800BC00020202040702000080E7913380E79133BD
S3150800BC10A0359233FFFFFFFFFF7FFF7FFF7FFF7F88
S3150800BC200201000406000000C008D336C072EB36D5
S3150800BC30E0C0EB36FFFFFFFFFF7FFF7FFF7FFF7F41
S3150800BC400201000405000000C008D336C008D33638
S3150800BC50E056D336FFFFFFFFFF7FFF7FFF7FFF7FA3
S3150800BC600201000404000000C008D336C072EB3697
S3150800BC70E0C0EB36FFFFFFFFFF7FFF7FFF7FFF7F01
S3150800BC800201000403000000000D993680152536D0
S3150800BC90A0632536FFFFFFFFFF7FFF7FFF7FFF7F44
S3150800BCA0020100040200000090DBD83380BBC233D7
S3150800BCB0A009C333FFFFFFFFFF7FFF7FFF7FFF7FE3
S3150800BCC00201000401000000000D99368015253692
S3150800BCD0A0632536FFFFFFFFFF7FFF7FFF7FFF7F04
S3150800BCE002010004000000006090A31AF26EEF0340
S3150800BCF0410821066310420AA518630EE72094122C
S3150800BD0049A9B518AC39F72251CA3929D55EAC39D3
S3150800BD10BDFB0F0000B801B802B800B00304040860
S3150800BD2008050000000000000000000000000000F8
S3150800BD30843B000078000000FC3B00000C0000007B
S3150800BD406C3E00000000000090360000F40400007D
S3150800BD500C3C000004000000743E000003000000D4
S3150800BD60D8310000B8040000083C000004000000B8
S3150800BD706C3E00000800000000000000D8310000FA
S3150800BD80783E000000000000783E00003C000000FD
S3150800BD902F3600000000000000200880704710B50C
S3150800BDA0010000208F4A14680122A240012904D00C
S3150800BDB0022909D1BA49097802E0B9490978090975
S3150800BDC01140914200D1012010BDFEB50C00864FEE
S3150800BDD0797A4907490F072901D1012500E000258D
S3150800BDE0824E31884022002D00D08022009010001B
S3150800BDF0084028D0914301910C20002D04D102203F
S3150800BE00FFF7CDFF0A30C0B2019A0321114389B268
S3150800BE10A44AFB780C2B05D00D2B03D00F2B01D091
S3150800BE20102B02D13B88DBB213601160090A11603E
S3150800BE301060002D01D030791060009800791060EC
S3150800BE400820B149086021000098FFF7A5FFFEBD4C
S3150800BE5080B5664A9279825C182A06D18020000449
S3150800BE60AA4A10600020088002BDFFF7AEFF02BD97
S3150800BE7010B55E4A9379C45C012C08D15B1C93719A
S3150800BE80A3484860DBB25B1C0B80002010BDFFF79F
S3150800BE909CFF10BD38B5554A9379C45CFF2C14D065
S3150800BEA0514D2D88AC4201D0042032BD5479042C62
S3150800BEB008D15B1C937197484860DBB25B1C0B800A
S3150800BEC0002032BDFFF781FF32BD0020088032BD59
S3150800BED0F0B5427A904B0024904D2D68ED060ED5AC
S3150800BEE0057A6D076D0F032D09D18D4800788242BA
S3150800BEF001D00A20F0BD80204005D86228E0057AE6
S3150800BF0081262E40812E23D1664D467936018779C2
S3150800BF103F093743FFB22F608679360107793F0913
S3150800BF203743FFB22F60067936014079000930435E
S3150800BF30C0B228600F202860032028602A607F206E
S3150800BF4028602C60286008206F4A1060000418607A
S3150800BF500C800020F0BD42791302F02212011A402B
S3150800BF60807902439248824205D01F48008882425F
S3150800BF7001D004207047A44848600A2008800020A1
S3150800BF807047A24A9379C05C92785207520FD04004
S3150800BF90C00701D40420704700200880704770B598
S3150800BFA0124A9379C05C104C2488641EE026064029
S3150800BFB0A41B24B2002C08D4C006C00E55796D1CEB
S3150800BFC0854202DBE510A84201D2042070BD5480E8
S3150800BFD05819401C90718E4A4A60C0B2401C0880AD
S3150800BFE0002070BD284000A8DC3E00006C3E000022
S3150800BFF0F2B582B041680A02120C009208240F2793
S3150800C000120A0F251540090E0191824E717A4907C9
S3150800C010490F072903D1057A0C20092404E00220D8
S3150800C020FFF7BDFE0A30C0B20199814201D206204F
S3150800C030FEBD76490D71009A0A80019A101A487158
S3150800C040621C0020009B1F40012F1ED025D3032F02
S3150800C0500CD022D233881B0601D10420FEBD8C7178
S3150800C0606D49029B596002990A80FEBD2B480068FB
S3150800C070C0060AD5280004D0307A854201D00A20A5
S3150800C080FEBD80204005654B18608C716448029996
S3150800C0904860029802800020FEBD02990880FEBD15
S3150800C0A0E53E0000E40000AA5E4AD368006800BACC
S3150800C0B0984201D00420704708201268520303D41E
S3150800C0C0594A4A60088011E0584A10605848006882
S3150800C0D0E0225200024080204000824202D15548A8
S3150800C0E0072201E0544809220A8048600020704768
S3150800C0F04C490968C90302D54B49082201E04F4952
S3150800C10004224160028070474C2002A8441002A80D
S3150800C11091320000B13200001C1002A8480002A8A3
S3150800C120E43E000070B54478FF23384A8025D5716F
S3150800C1300D88042D0AD1630878251D40D571230280
S3150800C140F02424011C4083781C43194B09884018A5
S3150800C150401E0578334E3068C00213D4308AA04298
S3150800C16001D0A3420CD1B17C55290BD08D4209D000
S3150800C170854207D00A2D05D04A2D03D0552D01D06A
S3150800C1800C2070BDD079B075FCF7C2FFB17DFE28D2
S3150800C19000D107200843B075B48229480068000A10
S3150800C1A0F075357780208003264908600B2070BD1E
S3150800C1B0FF0F000080B50078552801D0542811D10A
S3150800C1C0214848600120088019480068E02252008A
S3150800C1D0024080204000824201D1042000E0032072
S3150800C1E0088002E00800FFF783FF002002BD80B543
S3150800C1F00C490968890304D5144941600121018065
S3150800C20001BDFFF775FF01BD113300006C3E00004C
S3150800C210C3330000DC3E0000DF330000481002A8EC
S3150800C220D5320000CC3E0000D93100004C1002A8DF
S3150800C2304C4001A89733000031340000E93400006F
S3150800C2401CC000A81C1002A865350000F5350000C2
S3150800C2506C3E0000A5310000BD310000BD31000074
S3150800C260BD310000BD310000BD31000000000000F6
S3150800C270000000000000000000000000BD310000C2
S3150800C280BD310000BD310000ED290000BD310000C0
S3150800C290272B0000372B0000DB2B0000532C000057
S3150800C2A0B32C0000392E0000D32C0000C92E000044
S3150800C2B01F2D0000712D0000ED2D00001930000023
S3150800C2C0E9300000F52A0000E9260000E92100000F
S3150800C2D007270000DD270000BD310000CD2800003B
S3150800C2E091280000BD310000BD3100001929000069
S3150800C2F0BD310000BD310000BD310000BD31000078
S3150800C300BD310000BD310000131300000913000001
S3150800C31056488068000200D4704780B580208002A5
S3150800C32053490860CF2000F0D1FA10205149096816
S3150800C330014003D0B849C8630220086001BDF8B5BA
S3150800C3404D48816B4D4F802292033A604C4E3368BC
S3150800C35040241D050BD41C402AD0012003F067F8A1
S3150800C360002825D08020C0058E49086020E0130BE0
S3150800C370A0250D4002D10068C00601D53B6017E034
S3150800C3800A403FD18020884A1060884A10601940C8
S3150800C39038D0364D287A400705D5012084490860EB
S3150800C3A00002844908602878002801D0062801DBA5
S3150800C3B00020F2BD00F09CFB716889684E682978F8
S3150800C3C0052907D1E105B9606E60B668CC218901F7
S3150800C3D0784A116000F095FB012E00DA0226BC208F
S3150800C3E080058E490860942080058D4908606E484E
S3150800C3F00021C9430164714241648021894A116060
S3150800C4000460D5E7A3480360FFF782FF0120F2BD69
S3150800C41018480168890504D5C06E0004000F022873
S3150800C42001D0002070470120704738B580245E4847
S3150800C430046000F05DFB05009748006800F0CAF943
S3150800C440280000F05EFBFFF763FF0848007A000744
S3150800C45005D5A0000949086000F02CFC31BD600331
S3150800C4608C4908608D48046031BD0000783E0000A4
S3150800C4701C1002A8440002A80C0002A8442002A826
S3150800C480CC3E0000FEB50400854D8C208001686016
S3150800C490012684480660FFF7BBFF002826D082489D
S3150800C4A0007800287DD031020194052802D0224662
S3150800C4B00A4076D1CC2292012A607C4A12688123EE
S3150800C4C01B02134001D0032301E053075B0F0C0145
S3150800C4D0022804D1022B62D3364804605CE04D0181
S3150800C4E0032804D1022B5AD932480560F7BD04281F
S3150800C4F002D1114053D0F7BD052850D10198002824
S3150800C5004DD0C005C10F684641700198C004C10FDF
S3150800C5106846017000F0ECFA029063484068694684
S3150800C5204978002903D006688021204A11606704EB
S3150800C53099496A461278002A0CD0C2680B68D21A42
S3150800C540964B1B683B4001D0066800E04668964259
S3150800C55000DD1600684640786A461278024308D01D
S3150800C56008684242B01E824202DA7042886000E0E1
S3150800C5700026029800F0C5FA0198800501D59C4866
S3150800C58007600198054001D09A480760002E06D03A
S3150800C590CC20800107490860BA480460F7BDFFF758
S3150800C5A044FFF7BD4C6201A80CC001A890E001A8A1
S3150800C5B0C4D000A8145001A838B580248E48046059
S3150800C5C0012038490860384D2878052802D06000CF
S3150800C5D0AD490860FFF71CFF002812D02E480068F6
S3150800C5E0000A80214140A868000EC9B2814208D2DB
S3150800C5F02E4800684007400F022802D2FFF715FFB1
S3150800C60031BDA2480168C0220A4002D1C06F20404D
S3150800C61001D00448046031BD082002A808E001A83A
S3150800C62008D001A894D001A80A0000D1704780B5A7
S3150800C6301822514340180C304069002803D0802145
S3150800C640090300F0E5F901BD38B500F051FA040018
S3150800C6508F480568A86881782800FFF7E5FF68888D
S3150800C66001210143698002208A4908608A490860D5
S3150800C670200000F046FA31BD10B500F039FA040082
S3150800C680834800688168C978FFF7CEFF200000F06C
S3150800C69038FA10BD441002A818C000A8100002A855
S3150800C6A0106001A8C4E000A8783E0000184001A860
S3150800C6B0F1B582B00F00A020384003D17748006852
S3150800C6C0C00603D580208000754962E000F010FAA4
S3150800C6D001906F480468F80204D5A06800690290C2
S3150800C6E000F081FB00F0D3FB80210903606800F0AD
S3150800C6F08FF926780020761C6178B14200D2002690
S3150800C7001821714365180C3529780829F3DA26703B
S3150800C710A5602978634A1170B9050FD500F0E8F9C4
S3150800C7205B4909688968C968009100F0EAF9F80266
S3150800C73003D40098032188430090009859498860DB
S3150800C740012738400DD158480299426B891800686C
S3150800C750081A56494018012803DB00F08FFC01F03F
S3150800C76011F8F904686900F053F93C2000F0AEF8B6
S3150800C770F0B200F0ABF860884D490140618001983D
S3150800C78000F0BFF93805464908604A48076038028C
S3150800C790494908600298FEBD48C001A84C0002A895
S3150800C7A010B546480068800501D4FE2010BDC0209B
S3150800C7B080034349086000F09BF9354909688A787F
S3150800C7C0D20702D589688C7800E00C7800F099F9D0
S3150800C7D0200010BD2E4909688A688B78DB0704D5C6
S3150800C7E0927818235A438A180C32906070470000D2
S3150800C7F04C1002A84C2002A894E001A8F1B582B01A
S3150800C800304F3C680026200F000702D1E001029055
S3150800C8102AE000F0B7FF00F06BF9019080210903C8
S3150800C820606800F0F5F825786D1C6078A84200D29B
S3150800C8300025E80020180C3000900068029080213E
S3150800C84009030098406800F0E3F83D2000F03EF840
S3150800C850E8B200F03BF825700098A060019800F057
S3150800C86050F902A801F022F817480068800407D595
S3150800C870F86901F096FC02990818029000D502960C
S3150800C8800298FEBDAC3E0000146001A814C001A8C1
S3150800C890D03E0000284000A8448001A80C0002A849
S3150800C8A0442002A8783E00009C3F00000010FFFFCD
S3150800C8B0FEFF0000C0E000A8106001A8440002A81E
S3150800C8C0441002A8D43E0000FC0302A845490968A2
S3150800C8D0002901D5444908607047F2B582B0434C37
S3150800C8E0A168434D4A004ED50126090100D52126E7
S3150800C8F00100404A1068526800922A689206920E11
S3150800C90023689B0080273B4013437A001A43019211
S3150800C910394F0A0026D0890601D5012008E0F02102
S3150800C920014007D16946097A0C220A4002D0022042
S3150800C93000F042F8396EBC22920091420DD12F497F
S3150800C9400968C90309D52168490306D52168090775
S3150800C95001D4022100E0032100914836019A396882
S3150800C960890002E0019AB96B09094023194011436D
S3150800C9709A00009B002B02D013432B6608362966C3
S3150800C98002432A662E66E86D45076D0F00F09AF891
S3150800C990A8070BD0052D09D0A068000406D400F01E
S3150800C9A0A7F80221164A116000F0ABF800F093F8D8
S3150800C9B0002000F001F8F7BD0E490A68F0239A43F3
S3150800C9C0000110430860C0B270478020C0020D49BC
S3150800C9D00968890701D10C4900E00C4908607047CD
S3150800C9E000000000500002A8884000A8480002A8DD
S3150800C9F0284000A8783F0000184001A8CC3E000057
S3150800CA0024D50350844000A8486000A8485000A8D0
S3150800CA1080B5494A116001F0EFFBFFF7D6FF01BD6B
S3150800CA2070B500F065F8454A454BD1688C08190081
S3150800CA302140D1246400D52901D2D52102E0A142A2
S3150800CA4000D921000D0046352D041E042E400D0088
S3150800CA50463D2B4033431360C0221206394B1A60F9
S3150800CA60394A137C002B0AD0384BD52902D98025A0
S3150800CA70ED051D60A14202D2802424061C60002315
S3150800CA80334C23605388002B00D1118000F039F80D
S3150800CA9070BD80B52F48304908603048C168090222
S3150800CAA0090A19225143416005210160FFF7B8FFC1
S3150800CAB001BD2A480068C00300D4704780B5FFF757
S3150800CAC0AFFF01BD8020C0021B49086024480068EA
S3150800CAD04007FBD470478020C0022249086070478F
S3150800CAE001E021490860214909680140F9D17047E8
S3150800CAF01F48006820211F4A116010211E4A116034
S3150800CB0070473021014002D110201A490860704749
S3150800CB101748006830210140102901D101207047CB
S3150800CB2000207047154801210160C1607047012047
S3150800CB301349086070470000441002A87C40005062
S3150800CB40FF010000A0600050843F0000A450005080
S3150800CB5018E000E07F1A0601540002A810E000E081
S3150800CB60440002A8442002A8282002A8280002A8F7
S3150800CB70600002A8602002A8601002A8789001A8A8
S3150800CB8084A001A8FEB54D4880214902C161022151
S3150800CB904B4A516000214B4A11604B4A11800321D0
S3150800CBA0474A116002210160484804680020484944
S3150800CBB00860202047490860802047490860CC2043
S3150800CBC08001464908600120454908603D48806F54
S3150800CBD001900F26000B3040009042480068C505BA
S3150800CBE0ED0D103DC0202843C0B2FFF76FFEE005EB
S3150800CBF004D50098092801D001F052F90198064099
S3150800CC0039480468032E04D0022E06D1009803285A
S3150800CC1031D000F0A2FA032E04D0009806282AD1B3
S3150800CC20062D28D0314800680127C00B384001D0AE
S3150800CC3001F002FC2E480068000108D5052D06D132
S3150800CC4001252C4807606805FFF74AFF00E0002524
S3150800CC502100009800F0DAFA0400274E002D05D0CE
S3150800CC6000F086FC37600220244908607805706564
S3150800CC708009234908601248802149020162009907
S3150800CC80002908D10221416000200E490861C02010
S3150800CC90C000124948642000FEBD80B5FFF712FFA8
S3150800CCA018480078800602D4022017490860FFF762
S3150800CCB012FF01BD02201549086070472C1002A812
S3150800CCC0282002A8380002A8B03E0000B80002A832
S3150800CCD0AC3E000094E001A80CC001A8146001A8AD
S3150800CCE0C4E000A804ED00E0B44000A800E200E0BB
S3150800CCF0FC3E0000645000A8646000A82C4000A810
S3150800CD0080E200E0CC3E0000081002A8082002A835
S3150800CD1070B5714C714D8026760192480068304096
S3150800CD2005D06660062001F057FC6E6004E06E6070
S3150800CD30062001F051FC66603D20A0607021296044
S3150800CD400F222A602160A86070BDF8B5854C802541
S3150800CD50ED02854E6F097068384002D1606880051B
S3150800CD6025D5FFF7C5FE81490D60FFF7CAFE706835
S3150800CD707F49014090204001084370607D487E4904
S3150800CD800860002060607068384002D1F02080009A
S3150800CD9060607068074025D078480068C00721D5CC
S3150800CDA07748007880071DD401F01EFC18E030682B
S3150800CDB0C00717D5FFF79CFE6C490D60FFF7A1FE6B
S3150800CDC07048FF21FE314160F12149026A4A11602B
S3150800CDD02168C90401D5822100E0C3214902016006
S3150800CDE0FFF796FFF1BD80B5634801215E4A1268D8
S3150800CDF00A4006D0644A1268920501D4CA02026043
S3150800CE008160C0214160FFF773FE8021C902BA4ADA
S3150800CE1039E0F8B5594804685C4D80270226344243
S3150800CE200AD05B480068E021C900014004D02F60A1
S3150800CE300420686101206861FFF75AFED021C90302
S3150800CE40214007D18A490968314003D1894901221D
S3150800CE504A600E60210507D52F6004216961C14922
S3150800CE600D220A600F220A60FFF74BFEF1BD80B55E
S3150800CE70FFF73EFE0121804A1160934A02231360A0
S3150800CE8051600021914A1160FFF73BFE01BD9048B1
S3150800CE900068C007FBD4B4480421416180210160C1
S3150800CEA070478C4908680122104200D1704710B5B6
S3150800CEB0E023DB000340FF24A41CA34207D3AB4BAB
S3150800CEC09C6BA40602D41B68DB0600D548680240A2
S3150800CED001D000F001F910BDA82102A8A81102A8E6
S3150800CEE0F8B5C821854A11600621854A1160802156
S3150800CEF04903844A1160844C8909216083490A6878
S3150800CF004B691C251D40102D01D1012300E000238B
S3150800CF1005000720824313430B60286894490F686D
S3150800CF20874200D30700C01B28600121280000F0B3
S3150800CF3087FB06002868C0192860FFF76AFF8D4836
S3150800CF400168C90603D584208000E06107E0954999
S3150800CF5008220068104001D00A6000E04A603000EC
S3150800CF60F2BD0000AC0102A8EC0002A83850005A35
S3150800CF70FFE3FFFF00FEFFFFAC2102A8500002A856
S3150800CF80803E0000AC1102A8B00102A8841102A8D4
S3150800CF90980102A8F1B582B08348844908608020C8
S3150800CFA0C00183490860834E0820B0650421B16535
S3150800CFB0814901220A601F23B362804B83246400DF
S3150800CFC09C61022410256B4F3F682F4004D00096C1
S3150800CFD07B4F019737600EE00D270197654F3F6835
S3150800CFE0074004D01F0010370097B26503E01F0002
S3150800CFF014370097B465019E009F3E60714E3668EF
S3150800D000002E00D4986170481860C020C0006F4E8A
S3150800D0103668F827FF01374001D1D86200E0486139
S3150800D0206B480068104007D05A666A480068800551
S3150800D03003D4D002D86500E05D635D4D286C0240DC
S3150800D04008D0686BC00705D463480068044001D15E
S3150800D05001F002FB029C0020C04360490860FFF70C
S3150800D060D8FE200001F0A6FA686B8001FCD4F7BD53
S3150800D07000400C5000500C50982102A838B5FFF714
S3150800D080F6FE4D4CB72040002060554D032028631E
S3150800D0904D48A8660020E061524908600D203549D0
S3150800D0A00968090701D5A86700E0E867FFF79BFE4E
S3150800D0B01020E061012028600C20286380200002EF
S3150800D0C03B49086031BD000000600C5000000C5060
S3150800D0D09C0102A8883F0000F0210901424A11601C
S3150800D0E001404248016020204149086041490968D9
S3150800D0F008404149086070473860005A548001A8C2
S3150800D1000C9001A8982002A8A41002A8740102A8ED
S3150800D11080B53A483A4982680A4002D1C268114045
S3150800D12001D02149016025480821364A13680B4079
S3150800D13000D081611178C90602D5862109010160EE
S3150800D140FFF7AFFE1420FE2189010860B448016884
S3150800D150490701D0FF21416101BD13481349086001
S3150800D1607047000000100C50842102A80C0002A889
S3150800D1709C3F0000FC0302A823480068A9490968E7
S3150800D180890F89070CD0A8490968C90708D5A7498E
S3150800D190802292030A60A64B1A60104000D00A60EB
S3150800D1A070470000601102A801200000706201A803
S3150800D1B0100002A8C01002A8682102A8501102A8EF
S3150800D1C0FF03000028C000A8043E0000A88001A8AC
S3150800D1D0EC0002A8B00102A8803E0000B46000A8D6
S3150800D1E0E82002A8C00002A8586001A8585001A863
S3150800D1F0482002A8184001A8481002A8704201A8B1
S3150800D20000800080F84F00004C4001A8F0B587B0B8
S3150800D21005000C0087480068400102D5200040241C
S3150800D22004438548006805908448C66AFFF760FC91
S3150800D2300690B00503D582480068FFF7CBFA0020B0
S3150800D240009001227006C00F01907E488668002172
S3150800D2508160B82149007C4B19606308B8211940E0
S3150800D2600078F0230340402B02D1080040210143F7
S3150800D2700D2D02D1300004260643700704D5080098
S3150800D28014210143102084437048036820003400A9
S3150800D290DB0506D580235B006D4D2B600B00012155
S3150800D2A019436C4D019B002B11D10C230B40082B05
S3150800D2B00DD00B00614EB66BF70601D41027BB43A1
S3150800D2C0B60601D42026B343B1261E4042D0130029
S3150800D2D042D0AB6DDB04DB0C792B07D38021062209
S3150800D2E0564B1A604A02A14B1A60002281230B4052
S3150800D2F035D00823019E002E00D12B622600082473
S3150800D300344310239843042302931B059C4E336031
S3150800D3105B08464E336013001ED0029B062B25D3AE
S3150800D320444BDE6CF60621D5964E3668360E0096C8
S3150800D3305B699BB2934EF66B360603D01E008023BC
S3150800D3405B0133432B611B122B61404B1B68DE05C7
S3150800D3509ED40BE008222A620390049133E000BFB2
S3150800D3603DA34E06F60E9B5D0293D4E70390049107
S3150800D370029832490B6B834A12682E686F46BE8044
S3150800D38028261E400643980CC00130431E001B0E7B
S3150800D3903340102633400343900040221040184380
S3150800D3A001AA9070486B000A01A9C870FFF7F8F93E
S3150800D3B001A908710098487173480068C8800198E7
S3150800D3C0E8660298E8660698FFF79BFB082003992B
S3150800D3D0490601D56A4988606C490860E1B2049833
S3150800D3E0C0B2FFF77AFAFFF7C7FEBC20800065498E
S3150800D3F00A6E824207D1059AD20301D4086E0BE061
S3150800D400634A644B1A60096E814205D10598C003C8
S3150800D41002D5614800688047039807B0F0BD000050
S3150800D4200C4000A84C4201A8384301A84C5001A85A
S3150800D4304C6001A8084000A8CC3E0000180002A8CD
S3150800D4401CC000A8783F0000B46000A81C0100AA10
S3150800D4501C2100AA540000AA0301070603010706B7
S3150800D4600501060605010606030207060302070666
S3150800D4700502060605020606F8B5484F484C0F256C
S3150800D48001264849A06BC00621D5012008704648E8
S3150800D490006846490A68824204D289695118491CBB
S3150800D4A0081A00E0101A424909684018012852DB98
S3150800D4B001F040FC3F490968090B0D40022D48D18F
S3150800D4C0B1053D4A116010213964266041E0206C9F
S3150800D4D0C00026D539480068E021890501403AD0C0
S3150800D4E0344C37480068C00504D42068000B28402F
S3150800D4F00228F5D033480668FFF7FAFA3249F2B23D
S3150800D5000A603204120E0A603202120E0A60320EE5
S3150800D5100A60FFF7F6FA2068000B28400228DFD0D9
S3150800D520F1BD2A4C2068002815D00E7001F042F88B
S3150800D530002810D101F0FEFB1E490968090B0D40B1
S3150800D540022D06D131041C4A1160022139600021DE
S3150800D550216001F0F3FBF1BD802080041C490860BE
S3150800D5607047802040041A4908607047141100AAC1
S3150800D57018480168490701D0FF214161704700003A
S3150800D580441002A8184001A8448001A8845000A8A5
S3150800D59008000400482002A8043C0000082002A84D
S3150800D5A0100002A8B23E00001CC101A820C001A8B4
S3150800D5B0EC3E0000B00002A81C1002A84C4001A8CE
S3150800D5C0084000A8904000A8640000AA983E000001
S3150800D5D03C2002A80C4000A8F0B5802000020821D3
S3150800D5E07D4A11600A217D4A012301248C400443A7
S3150800D5F08CA56D5C25431560F025794E3560764D12
S3150800D6008BA6765C022737432F6004262E60754D5D
S3150800D6102D681D4003D1156C2D03F8D401E00220B6
S3150800D620F0BD156C566C6D036D0BAE4200D2200032
S3150800D630491EDAD508216A4B196010600020F0BD32
S3150800D640F3B581B00500FFF712FC67480468674820
S3150800D650006865490860664E286831684718012FD2
S3150800D66013DB00F052FDC001381A01280DDBFFF765
S3150800D6700EFC00F087F828683168401800F09AFF19
S3150800D680010002D00021296013E08027BF00594815
S3150800D69007605948006F022507282DD00521084044
S3150800D6A0052809D0544801670C2000F095FF0100B1
S3150800D6B002D04D490C60FEBD504EFF207A30706294
S3150800D6C00420B062FFF7E3FB3560E020C0044C4954
S3150800D6D048604848290641600560012000F07CFF43
S3150800D6E07762022000F078FF680270620820B06254
S3150800D6F0022000F071FFB5626846007A012700280B
S3150800D70005D03D480068384001D0FFF71EFB3D4E66
S3150800D710E02040003060042000F05EFF6946087093
S3150800D72068460078002826D135480560A802B06208
S3150800D730C001B062344D10202860F7654026334892
S3150800D7400068304007D1FFF747FF6946087068460A
S3150800D750007800280FD12F600020E867022000F02B
S3150800D7603BFF2B4D2E60B0002860022000F034FFEE
S3150800D7708120C002A862FFF79CF91B48046068462E
S3150800D7800078FEBD70B5FFF772FBFFF780FB022439
S3150800D7901D4804601F4E0820B062C0017062012057
S3150800D7A000F01AFF2502756234600620B0621A4836
S3150800D7B07062E020400016490860114E3460FFF799
S3150800D7C081F916480078002800D005201449086019
S3150800D7D0FFF781F9356070BD889001A84C8001A8D3
S3150800D7E088A001A8140002A8780102A8F80302A8D4
S3150800D7F0D03F0000981002A8EC0002A85C1102A80D
S3150800D800982002A82C9001A80C8001A8500002A814
S3150800D8102CA001A85C2102A8F9610000703F000055
S3150800D8205C0102A8000000010102020208081000BB
S3150800D830505050404030303030202000F8B50400B9
S3150800D8400F00404DA878FF2801D12E8808E0FFF781
S3150800D8504FF93D4909684905CE0DFFF752F92E8063
S3150800D860E92E01D2E92604E0CC204000864200D900
S3150800D870060020003978814200DA080001217A562C
S3150800D880010051430222BA5E891841430420385EDA
S3150800D89008182E49711848438015001901D500202B
S3150800D8A0F2BDE978814200DA0800F2BD38B5040015
S3150800D8B0102027490860FFF7EAFAC020C00025496A
S3150800D8C00968F822D2010A4001D1234900E0234918
S3150800D8D008602348C82181640A2101602148802103
S3150800D8E0490301608909C1601F4801684269E0234C
S3150800D8F01340802B01D1012200E00022072399431F
S3150800D9000A43026019480068C821C90145182068F9
S3150800D910854200D30500401B206000212000FFF748
S3150800D9208FFE21684919216032BD80200001104907
S3150800D930086000030F49086002200F4908600F4974
S3150800D94008607047F83F000088400050D6FEFFFF89
S3150800D950984101A8AC8001A87C1102A87C2102A8E4
S3150800D9600C8001A8981002A8740102A8983F00002C
S3150800D970441002A8442002A8F41302A8685000A87C
S3150800D980F1B584B0C54800680190C54CE068C82167
S3150800D990C90140180499884204D2081A00F00AFE00
S3150800D9A0002803D10126BF4D6868304000D0CBE17E
S3150800D9B00420BD49C8628003BC498862BC48006827
S3150800D9C00290A86B8007800F00907704032803D085
S3150800D9D01020B549C86224E008468762E96B8906C3
S3150800D9E001D5012045E00299090611D5EA6B022105
S3150800D9F00A400DD10522C04B1A60EA6B10231A4063
S3150800DA001143BD4A116000211160A96B090A116012
S3150800DA100421C162E86B002803D5A3488762002069
S3150800DA200090A86B400704D5A86BC00031020840D7
S3150800DA3002E02068304201D0FFF74EFB029805212C
S3150800DA400140052909D1C148009989014018006A91
S3150800DA50C004C00C401EBE490860C0208000BD49F5
S3150800DA60486500990902BC4A1160BA4B986551602D
S3150800DA700020296C942292050A40110000D0012149
S3150800DA806A46117069460978014341D088483021B1
S3150800DA90405CC021014040290CD1FFF7FEF8A06B7D
S3150800DAA0019001A8FFF71CFA002833D10198FFF767
S3150800DAB071FA01E0FFF7FEF8202028606846007832
S3150800DAC0002800D140E1A54FA54CA86B40070CD50E
S3150800DAD0B00376498862400273498862266002204C
S3150800DAE0386000F031FA00280BD004206E49C8626D
S3150800DAF040026E49886200036B49886202202060F2
S3150800DB0038606B480078000600D41DE1F00419E17E
S3150800DB106868304000D017E16448C762FEF7D2FF54
S3150800DB20286C000406D4FEF7E3FF0221994A116027
S3150800DB30FEF7E7FFFEF7CFFF30032860964FC020B9
S3150800DB4000063863300495490860A86B4007C10F82
S3150800DB5068460170FEF7CCFF91490E60FEF7D1FFCB
S3150800DB60904891498861686B000206D58F48801CE9
S3150800DB700068F1054C4A916200E0A06C296CC90264
S3150800DB8009D5202807D900BF76A1019A520700D4E3
S3150800DB90891DFFF753FE854A1070002801D100221F
S3150800DBA009E042091F231840062A04D940003043D9
S3150800DBB0202800D31F20530103435002184338601E
S3150800DBC001207B4AD36F7B4A1A43794BDA677E6614
S3150800DBD08022FA620822714B1A66019AD20603D588
S3150800DBE0AA6B920603D403E0019A120700D4002018
S3150800DBF06D4DA9492960FC212961002809D0280012
S3150800DC003C300290206DE16C1A46D166616ED16790
S3150800DC1008E0280040300290A06D1946626DCA6679
S3150800DC20A26ECA6762490A68FF239A4310430860CE
S3150800DC30A020C0003863052000F0CEFC01984007FC
S3150800DC4001D5802000E04020029908600220386350
S3150800DC50062000F0C1FC08203863052000F0BCFC53
S3150800DC603E633002A864042000F0B6FC76027E60AB
S3150800DC70022000F0B1FC842080003863022000F006
S3150800DC80ABFCEE61062000F0A7FC02988349401819
S3150800DC90019949070ED520210DE000BFFC0302A813
S3150800DCA08C3F0000100002A81C2002A81C1002A825
S3150800DCB0CC3E000010210160062000F08DFCBE64F9
S3150800DCC00020C0432349086000F01FFA401DC00128
S3150800DCD0E1684518700198494E6F064097490860F3
S3150800DCE0974F049885420AD2E168401A00F062FC10
S3150800DCF0002803D03E6027E0E40000AA049D012026
S3150800DD0000F06AFC8020400024490860280000F0E2
S3150800DD1051FCC03C68460078002806D18648006851
S3150800DD20606280200004874908603E606846007883
S3150800DD30002809D0012000F04FFC2078000603D502
S3150800DD40802000039749086005B0F0BD0C0000AAC2
S3150800DD50204000A8B46000A8085100A8685000A890
S3150800DD60F41302A8C0350C109E8DAF1B3813460D50
S3150800DD7080B5FEF7BDFE8C4900220A600A22CA61F8
S3150800DD80FEF7BFFE8948832109040160884941607E
S3150800DD9001BD000024E503503C1102A8B81002A8F2
S3150800DDA000500C50FF0E0000242102A8FA3F000084
S3150800DDB0280102A8FF3FFF3F7E48806B800300D4FE
S3150800DDC07047F8B57C4804687C4D0826E00629D5D6
S3150800DDD07848806B800627D42800483000900120B8
S3150800DDE000F0FAFB00277648076076480660764812
S3150800DDF00068C00403D4754800683040FBD0022090
S3150800DE0000F0EAFB842080006865022000F0E4FB4D
S3150800DE1070016F490860042000F0DEFB600706D534
S3150800DE20202005E03442D7D128004C30D6E7102010
S3150800DE3000990860FEF75CFE0121664A1160FEF74C
S3150800DE4060FE0220686500F0C7FB09206865C020EF
S3150800DE5000066865022000F0BFFB00980F494018CD
S3150800DE60610701D5802100E040210160A020C000A3
S3150800DE706865082000F0B0FBB001E8662E60E02077
S3150800DE802865554807604760B0024A49086000019E
S3150800DE9052490860F1BD00003F3F000000F0FFFF57
S3150800DEA0F8B54F4800680D2707400424002F00D115
S3150800DEB004274C480225102608214B4A4B4B1B6861
S3150800DEC02340126818D04260394005D00220FEF778
S3150800DED073FD6003464908603C4007D04548006822
S3150800DEE00643444806602803414908600120424920
S3150800DEF008604248056018E00260394005D00220F3
S3150800DF00FEF75AFDA0023A4908603C4006D0394857
S3150800DF1001680E43066068023549086036480560A0
S3150800DF2036480560A8062D490860FFF745FF002119
S3150800DF300020FEF7D2FCF1BD20C001A894E001A89C
S3150800DF4094D001A81C1002A810B580202C490A6894
S3150800DF5002400AD02B4B1A680624144005D15C6E81
S3150800DF60294A22401B6D9C0101D5002010BD096875
S3150800DF7008400DD02548824203D1180501D5012055
S3150800DF8010BD23480068C107C90F481E8041C00F4D
S3150800DF9010BD204803210164A821C1631021016036
S3150800DFA0704700001C2002A8D80000AA442002A836
S3150800DFB004000080100002A8FC0302A8182102A889
S3150800DFC0B80002A8106001A8D84001A8104001A80E
S3150800DFD06C1102A800600C50A00102A8482002A8F3
S3150800DFE0B44000A8F43E00001CC101A8480002A8DD
S3150800DFF0441002A8783F0000F41302A8685000A84D
S3150800E000440002A814C001A81F1F0000010C00004C
S3150800E01030C101A8082002A86C48006801210842FE
S3150800E02009D16B4A12686B4B000C1840F0329140CC
S3150800E0300B40984201D00220704700207047F8B57F
S3150800E04007000F386A461080604CE0680A0004D161
S3150800E0506B461B8882B29A423AD200226B461A80D5
S3150800E060012502263A0013D02268324007D000293B
S3150800E0702ED059480088401C57490880002039008E
S3150800E080216156490E6080B2B84201D369460D80B7
S3150800E0905348456000E030BF2068304003D1FFF7A1
S3150800E0A0BBFF0028F7D04D484560390010D02168DD
S3150800E0B0314005D048490A886B461B88D2180A8021
S3150800E0C0066000202061E068B84201D24448066034
S3150800E0D0FFF7A2FFF2BD38B5050000F02BFE0400DD
S3150800E0E0012199204543A8093E4A1268801812382A
S3150800E0F080B2FFF7A4FF05008020C0013A490860F6
S3150800E100200000F01BFE280032BD3348038835493D
S3150800E110096802889342F9D1100408187047FEB5B9
S3150800E1201238070C6946088000F004FE0190274C57
S3150800E130294D2888B8421ADA01202C490860274E4A
S3150800E14030BF02202168014006D0306040032649CE
S3150800E15008602888401C2880FFF75EFF010002D16E
S3150800E1602988B942ECDB0121716000280DD1288885
S3150800E170B8420AD1E06869460988884205D2002172
S3150800E18068460088FFF75BFF01E0FFF745FF0400DC
S3150800E1908020C00114490860019800F0CFFD2000D6
S3150800E1A0FEBD10B512490A680E4B1B680C689442EE
S3150800E1B0FAD0DB014033141A02D288692418641C89
S3150800E1C00C4800684443181B10BD0000280002A82C
S3150800E1D004ED00E0FF3F0000B03E0000282002A842
S3150800E1E0281002A8340002A880E200E02C1002A839
S3150800E1F020C001A8A83F0000F0B502E00A601C6034
S3150800E2002E607EC84F1C07D05F1C04D06F1CF5D14A
S3150800E2100A601C60F0BD0A60F0BD000080B5FEF71C
S3150800E220CBFB01207C49086001BD80B5EB2000F0DE
S3150800E23001F801BD30B5FE2189010B68184010228E
S3150800E240134210D0754B764C2468224008D0754A84
S3150800E25014682402FF252D0225401D63002414603E
S3150800E260802252031A60086030BDF3B5010016001B
S3150800E2701C00002500956C48019A330000270BE026
S3150800E280BC464F5D4743AE009E597E40575D4743A7
S3150800E2903740664637436D1CA542F1D339093943E1
S3150800E2A08A080A43510811430840C10901430F204F
S3150800E2B08A0B0A4302405040F6BDF1B582B00E0003
S3150800E2C0002058490860594DEF7AA87A01900F2125
S3150800E2D0394000910ED00B46554A56490298FFF729
S3150800E2E0C4FF019901404F48016099484143994844
S3150800E2F0084001D1012400E04401380915D0320054
S3150800E3003B0929000298009E6D7A75194019FFF796
S3150800E310ACFF019909110140424802680B011343F9
S3150800E3200360002901D048004443FC2080010068AE
S3150800E330204001D10420FEBD0020FEBD80B50A00A4
S3150800E34000211180844952888018FFF7B6FF02BD64
S3150800E350F0B50F22814B5C7905780F202040C54027
S3150800E360200928409C79C440E40701D40320F0BD65
S3150800E3702B4C2468A50708D5794D9E684700F65B9F
S3150800E380761E2E608026B601EE60DD78DE79C64000
S3150800E390F00711D5E0060FD5002D0DD0714848605D
S3150800E3A00888488008881C7800192A4080185A78F6
S3150800E3B080182A09801800E0002008800020F0BD97
S3150800E3C080B569480168694A0820014200D0906111
S3150800E3D0C90602D58621090111606549654A13688F
S3150800E3E0034005D0644B1B689B0F9B0700D0086051
S3150800E3F00B480078C023034002D1802040050860FE
S3150800E40010682022104008605C480068C00101D4EA
S3150800E410FFF70BFF01BD00002C4000A81C1002A846
S3150800E420CC3E00009C3E0000010101014C3F00006B
S3150800E430043F0000443F0000F8B5514801684668AB
S3150800E4400E405048304050490860504A022100208A
S3150800E4500127330422D50097137E002B09D11369AF
S3150800E4604B4CA361D36854691B19494C63611776F1
S3150800E47007E0474BD4689C611469556964195C6167
S3150800E4801076537E002B00D000905076009B002B10
S3150800E49004D004233F4C23603F4B19600C053F4DC5
S3150800E4A0F3022BD51268130605D53D480068A86007
S3150800E4B02F70A98016E03A4203D03A48A860AF8088
S3150800E4C010E0D10610D52749A960374A91780B077D
S3150800E4D01B0F12789A1809095118A980E880A8888C
S3150800E4E0002809D0264309E0510604D5281D2F49DE
S3150800E4F009688847F3E7A880FFF797FE264026D0E5
S3150800E500214E74603460A9881D4800290DD0026A1E
S3150800E5108A420AD3291D2648AA6890470100F2D0E4
S3150800E520FEF74AFA1A480760F1BD0A000CD0FC2229
S3150800E5309202F261184A0B03936634601465006A06
S3150800E540884204D3D464F1BDEB20FFF773FEF1BD16
S3150800E5501111000021840000243F0000543F0000F0
S3150800E560204000A8ED200000F84F0000502102A826
S3150800E570481002A8184001A84C4201A8D04000A89B
S3150800E580B44000A8FFFFDFFFB46000A8CC3E00003F
S3150800E5902C4000A8F41302A8685000A8A03E00006A
S3150800E5A00C3C000001210000553F0000083C00001B
S3150800E5B0D84000A810B5C409FFF7A7FD201A3128CE
S3150800E5C006DAC000183801D4C01EFDD5002010BDDB
S3150800E5D02000FFF7A4FD10BDC32148436F3801D4BE
S3150800E5E01E38FDD500207047524801210170524956
S3150800E5F00A684260496881605049E02252010A600F
S3150800E600802292004E4B1A60FD224A604D490968E5
S3150800E61001614D494D4A11608121C9004C4A11607A
S3150800E6204C490968C16007204B49086002204B49DC
S3150800E630086070473F48017800290CD00169414AB3
S3150800E640116000210170C168424A11603A49826826
S3150800E6504A60406808607047FEB5C020C00440495B
S3150800E6600860404C404860654048A0651020FFF7A8
S3150800E670B3FF01005CD1FF2000053D4908603D4815
S3150800E6803D4908603D48206080256D03384805608F
S3150800E6903B4807680820FFF79FFF010048D1082676
S3150800E6A0384806600120FFF797FF354880680190D3
S3150800E6B035480660354820602D4805600820FFF774
S3150800E6C08BFF010034D12F4806600120FFF784FF35
S3150800E6D02B4DA86800902C4806602D4820600199AB
S3150800E6E0009800F05FF80004FC26B603064001987F
S3150800E6F0C10B0098C00B00F055F80106FC208005F8
S3150800E700084030432349020C4A40FF239B1CD21879
S3150800E7101140014321602F608020000314490860DE
S3150800E7201D481E4901601E494160FFF783FF00200E
S3150800E730FEBD0000843E0000AC0102A8AC1102A890
S3150800E740B02102A8F00002A8083E0000F02002A8A6
S3150800E750F01002A8704001A8706001A8705001A8C6
S3150800E76020E000A84C0102A857140000FF3FFF3F15
S3150800E770B42002A80000380EB41002A810103030D9
S3150800E780104101A8105101A8106101A830301010DD
S3150800E790202020203F3F0000A02102A8F703F00018
S3150800E7A0FF3F000010B54904CA104004C310991A67
S3150800E7B000209A18D30F9A18521052188B115B0E14
S3150800E7C05B18DB11D2182023541A01D422001843EF
S3150800E7D0CC0F611849105B08F6D110BD10B5C20000
S3150800E7E018231340FF249C40E2438907090E9940E9
S3150800E7F0030004D47D489B089B00C01806E07E4BA6
S3150800E8000007000F083880088000181803681A40A7
S3150800E8101143016010BD80B57B225421002000F011
S3150800E82035FA01BD10B500F085FA714901220A6072
S3150800E830704B724C2360724C23600323714C236027
S3150800E840714C2360714B1A60714B1A60714AA24B66
S3150800E8501A6011228A6300F071FA10BD00F06AFA94
S3150800E86005000024012160B2FFF7B8FF641C0E2CD6
S3150800E870F8D301210F20FFF7B1FF01211120FFF77F
S3150800E880ADFF01211320FFF7A9FF01211720FFF78C
S3150800E890A5FF03210120C043FFF7A0FF01211E2089
S3150800E8A0FFF79CFF01211F20FFF798FF5A485B4995
S3150800E8B0086002205A490860012095490860470403
S3150800E8C0584C20683840FCD0FEF7E3F8280000F0E2
S3150800E8D035FA554D0AE000281BD0FEF709F918E06D
S3150800E8E020683840FCD0300000F028FA206D00047B
S3150800E8F0000F022801D1FEF7BFFD00F01BFA060043
S3150800E900FEF706F900286878E5D0002801D1FEF759
S3150800E910F8F801202978002906D17049096889067E
S3150800E92001D43F49086030BF0021297002213C4AC2
S3150800E930116077490860D3E77648016842680A405B
S3150800E940754810402D490860800703D57C48018822
S3150800E950491C01807047FEB57A480168406808403E
S3150800E960000E00060090784800680190774C784DB4
S3150800E970802189044A0ABC239B00764E009FFF012A
S3150800E98011D537689F420CD110400AD0A967724842
S3150800E990C167724FA76386277F022F60C0273F0192
S3150800E9A0076002202060009808401CD0E96730689C
S3150800E9B0984218D10198024015D00C20A66EF1B2E3
S3150800E9C02A290DD1664800688047FF20000230409A
S3150800E9D0BC210902884202D1A848006880478C20D9
S3150800E9E020600120A0630098A867F7BD00E400E056
S3150800E9F0040002A80000FF3F1CED00E0282002A842
S3150800EA002C1002A840E002A844C002A804C001A82D
S3150800EA10044001A820006006FFFF9BC000E100E05B
S3150800EA20602002A8600002A8B23E0000F8B5824C39
S3150800EA30206865680540924805608026F605494ABB
S3150800EA40B00C90490B68002B10D105420ED08E4BA6
S3150800EA505F68FF070AD51B68DB0007D580231B06FE
S3150800EA60136000BF00BF1660854B1860964F3B7851
S3150800EA70062B0FDA08688C218901014329401BD02F
S3150800EA8000F058F900902800FDF7FCFC009800F00B
S3150800EA9055F911E00B68526B92050DD5C822D204C0
S3150800EAA01A432A4005D0FEF767FB2800FDF7EAFC63
S3150800EAB002E0AA0200D5086084480068064009D02A
S3150800EAC0A80607D5A068000704D53878072801D115
S3150800EAD0FDF7BAFDF1BD0000145001A8F40302A821
S3150800EAE010B57B48016844680C407A480460802168
S3150800EAF00C4205D04160784801600020FDF7C2FC51
S3150800EB00600403D5802040057449086010BD0000E4
S3150800EB10601002A8280002A8FFFF00C038B5704898
S3150800EB20016844680C40E00707D500F003F90500C2
S3150800EB30FDF742FD280000F001F96A48046031BD7E
S3150800EB40B03E0000B44000A8CC3E00002C4000A80F
S3150800EB503C6000A8784001A83C5000A80D002000A1
S3150800EB60FC3B0000100002A8FEB55F4C206C676CE9
S3150800EB70074001252F4216D02E065C4806602068FD
S3150800EB805B490D60002802D00021FDF741FF594876
S3150800EB900068A021C90188428041C043C00F564978
S3150800EBA0487056480660FDF7A3FF0190022007400B
S3150800EBB03ED06168CEB20F0A51490822454B44033C
S3150800EBC0012E24D0022E31D1012F22D14D4EF679B5
S3150800EBD000964C4E37780126BE404B4F3E60494E54
S3150800EBE03678760590277F04F71903263E43474F64
S3150800EBF03E601C60464B1C600B68009C1B194B65ED
S3150800EC00404909788D4043490D6043490DE000901D
S3150800EC10DFE7002F0AD1414E356000254D655C605F
S3150800EC201C60C1043E4B19603E490A6030490860C1
S3150800EC300198FDF766FFF7BD104001A870B5FDF70E
S3150800EC4057FF040000F076F830490A68D2070FD556
S3150800EC502B4A566D1368344D2E60CE68AE604968EF
S3150800EC60E9808021C904214E3160297B59185165F4
S3150800EC7000F064F82000FDF744FF70BD003C00007A
S3150800EC80106001A8AC3E0000344301A8002800D05B
S3150800EC90704770B50C00FDF72BFF050000F04AF829
S3150800ECA00600FDF73FFF214804600121204A116054
S3150800ECB0026C0A40FCD1FDF73AFF300000F03EF83E
S3150800ECC02800FDF71EFF70BD783E00004C4201A8E3
S3150800ECD090C001A890E001A80CC001A804ED00E0CE
S3150800ECE0C0C000A8C0E000A800C002A8441002A83E
S3150800ECF040E002A8404000A8B23E0000442002A816
S3150800ED0018800A50C13E000068A00A5060C101A8D8
S3150800ED1094D001A868900A50F42302A860E101A8DB
S3150800ED2080E200E0F41302A8BC3E0000008009500F
S3150800ED3040900950EFF3108072B67047002800D152
S3150800ED4062B6704780B5FDF71DFFB9480068000335
S3150800ED500CD4FEF702FAFFF72FF8FEF78FF9012019
S3150800ED60FFF706F8FEF70EFDFFF764FC8020800526
S3150800ED70FDF7B6FE01BD80B5FDF704FF8020400211
S3150800ED80FDF7AEFE01BDF8B5FDF79CFE864C0520E5
S3150800ED906065FDF7A0FEFEF76AF880208001C021B5
S3150800EDA08901824A1268D205D20D012A00D10800CB
S3150800EDB07F4A116020607F4F802000043860FDF78D
S3150800EDC0E1FE7D480168009140687C4908609948E1
S3150800EDD001688805C40F984D00202860200003D0DC
S3150800EDE00098FDF765FC009001262868304005D19B
S3150800EDF06846FEF775F800280BD107E0002C05D009
S3150800EE0098480068304001D0FDF79FFF0098FEF74C
S3150800EE10C1F83E60022094490860C820C00493499E
S3150800EE2008607004FDF75CFEF1BDF8B5904F8F4C95
S3150800EE300125904890490968014081420FD18F48C1
S3150800EE40006828400BD08E4801688E480560680522
S3150800EE50E063B863014000D1E063A6480560A64EAA
S3150800EE60306CC00506D580200006306000BF00BFA4
S3150800EE7040083060FEF74CF9FDF784FE2803206051
S3150800EE803860FDF75CFA04009C489D490860A804B0
S3150800EE90FDF726FE002C01D08020306099480570C9
S3150800EEA0F1BD70B5FDF76EFEFDF70CFE924C02251E
S3150800EEB0206C000405D4FDF71BFE93490D60FDF791
S3150800EEC020FEFDF708FE1020C04390490860002088
S3150800EED0E0638F4908608F4E30780521014002D0E3
S3150800EEE0FDF7DBFE01E0FDF7E5FE3068054001D0E1
S3150800EEF001202060FFF764FA80200003FDF7F0FD8B
S3150800EF0070BD80B5FDF73EFE49480068000303D48E
S3150800EF10FEF7B4F8FEF736FC80204003FDF7E0FD67
S3150800EF2001BD38B5FDF72EFE734C2025FFF70CF80A
S3150800EF30002806D0606B000704D5FFF72AF8FEF70D
S3150800EF40F4FC2560FEF79AF8FEF71CFC7148007879
S3150800EF500C210140042902D1FDF79FFE01E0FDF7CF
S3150800EF60A9FE6804FDF7BCFD4020206031BD80B5D0
S3150800EF70FDF7A8FD0520B8490860FDF7ACFDFDF7CB
S3150800EF8001FEFFF706F8FF2080010068009068463A
S3150800EF90FEF78CFC002802D10098FEF7F1FC8020D1
S3150800EFA04004FDF79DFD01BD081102A83C8001A89B
S3150800EFB0082102A8442002A8AC3F0000983E0000A1
S3150800EFC0F8B5FDF7DFFDA54CA56A5020284002D00C
S3150800EFD0FDF763FE01E0FDF76DFE474FFEF7B4FF50
S3150800EFE000281BD1B86B40071DD4786BE021490176
S3150800EFF0014018D1A80611D4FDF764FDA56A984EFC
S3150800F000354207D0FF20C0432D18A5628020000591
S3150800F01094490860FDF75FFD2E4002D00120386054
S3150800F02001E00020206080208004FDF759FDF1BD35
S3150800F0300C0002A8440002A8803E000080B5FDF737
S3150800F040A1FDB8480068C00501D5FEF717F80120EC
S3150800F050FEF78EFEFEF796FB8020C004FDF740FD06
S3150800F06001BD0000EC0002A8305201A8106001A8FA
S3150800F070145001A840000800CC3E0000884101A8B1
S3150800F0804C4001A8405101A810B522480468FDF774
S3150800F09079FDA5490968090326D40321C00601D5C7
S3150800F0A0214001E0A0080140012902D1FDF7F5FD44
S3150800F0B00BE0200107D50E20FFF7B0F89B48042186
S3150800F0C0016008210160FDF7F5FD99480169994A33
S3150800F0D011600068002807D04000122802D2FFF706
S3150800F0E07BFA01E0FEF7F7FF80208003FDF7F8FCC6
S3150800F0F010BD0000406101A8100002A870012000A0
S3150800F100B46000A8B23E000024E50350482002A8D7
S3150800F1109C3E0000FC3E0000F0B585B0012768461D
S3150800F120077000240394FDF72DFD04907E4D286892
S3150800F13000036FD40320A0490864A0480068029021
S3150800F1409F4EA0490007000F032804D00298000428
S3150800F150000F06283AD19C4800684A6803922A6C30
S3150800F160920701D589680391FFF71BF803994018A0
S3150800F17001D5019400E00190A86B0107C80F03218F
S3150800F180326B0A40022A1BD1049AD20618D5326875
S3150800F190D30513D5EF6B8D4B1F409F4203D110212A
S3150800F1A0854A11640CE092050AD42A6C2823134078
S3150800F1B006D16B461C702B4A116001E06A46147032
S3150800F1C0039068460778002F02D10EE00868019080
S3150800F1D0FEF7BAFE002808D0FEF7DBFE03980028E3
S3150800F1E002D0FEF7A2FB00E0002702207249086061
S3150800F1F0002F10D03020305C0C210140042902D0A9
S3150800F200E86BC00602D5FDF748FD01E0FDF752FDA3
S3150800F2102020686019E0FDF731FF01A8FEF746FBDC
S3150800F220002812D102980007000F03280AD1A86BFC
S3150800F230800507D5A020400031680140814201D1F0
S3150800F240FDF71AFA0198FEF79BFB80200004FDF7EC
S3150800F25047FC05B0F0BD00005C1102A8D43E0000D2
S3150800F26000FFFF00481002A8FEB500240194FDF730
S3150800F27089FC574EF06E574D0007000F072807D137
S3150800F2807068002804D40020FEF772FD286841E063
S3150800F290012103204A4A73685B070BD44E4B1B684F
S3150800F2A00B4007D01368DF050BD55B0502D433681E
S3150800F2B0DB0503D40191116B890904E01021474B42
S3150800F2C01960116B0909084000900020FEF750FDEF
S3150800F2D00098002805D17068C00602D4FDF7EAFC3C
S3150800F2E001E0FDF7DAFC00200199002903D13C482A
S3150800F2F00068FEF756FF6969401801D5009400E0DA
S3150800F30000906846FDF7ECFD002805D10098FDF74A
S3150800F31041FEA8690749086080200005FDF7E0FB63
S3150800F320F7BD0000680102A80C0002A880E200E010
S3150800F330A03F0000983E0000F8B5FDF723FC002426
S3150800F34000252848466B80277F05300606D53007F6
S3150800F35009D5FEF71EFEFEF7E8FA29E001251E4844
S3150800F3600068284019D00020FEF702FD022006405A
S3150800F37002D01D490C60C8611C480468002D03D0E2
S3150800F3802000FDF73BFA0400FEF703FE2000FEF717
S3150800F390F7FA3800FDF7A4FBF1BD15480078C0213F
S3150800F3A00140402902D1FDF778FC01E0FDF782FC17
S3150800F3B020200C490860ECE7082002A8B00002A843
S3150800F3C0CC3E0000B43F00000CC101A8100000109C
S3150800F3D0440002A8B03F0000B44000A8481002A8A4
S3150800F3E01CC101A8100002A8180000AACC3F000002
S3150800F3F0FC3E0000FFF716FA024803494860FFF78B
S3150800F4002DFA00BF0D2600000000000080B5EFF3BE
S3150800F41005800B2801D23A2100E029218C225200CE
S3150800F4200020FFF733FCFEE7440E01080000000049
S3150800F430C8F600080400000000000000C0175302C8
S3150800F440440E01080000000058F7000804000000F8
S3150800F45000000000C0175302440E01080000000017
S3150800F460E8F700080400000000000000C017530277
S3150800F470440E01080000000078F8000804000000A7
S3150800F48000000000C017530208F9000800045C36A3
S3150800F49000000000000000000000FF7FA409002013
S3150800F4A000000000000000000000000008F9000845
S3150800F4B000045C3600000000000001000100FF7F28
S3150800F4C0A409002000000000000000000000000061
S3150800F4D008F9000800045C3600000000000002007D
S3150800F4E00200FF7FA40900200000000000000000C1
S3150800F4F00000000008F9000800045C36000000005F
S3150800F500000003000300FF7FA4090020000000009C
S3150800F510000000000000000064FB00088015253686
S3150800F52000000000000000000000FF7FAC0900207A
S3150800F53000000000000000000000000064FB000856
S3150800F5408015253600000000000001000100FF7F3D
S3150800F550AC090020000000000000000000000000C8
S3150800F56064FB000880152536000000000000020034
S3150800F5700200FF7FAC090020000000000000000028
S3150800F5800000000064FB0008801525360000000016
S3150800F590000003000300FF7FAC0900200000000004
S3150800F5A00000000000000000C0FD0008000D9936AC
S3150800F5B000000000000000000000FF7FB4090020E2
S3150800F5C0000000000000000000000000C0FD000868
S3150800F5D0000D993600000000000001000100FF7FC1
S3150800F5E0B409002000000000000000000000000030
S3150800F5F01C000108000D99360000000000000000FC
S3150800F6000000FF7FBC090020000000000000000089
S3150800F610000000001C000108000D993600000000DB
S3150800F620000001000100FF7FBC0900200000000067
S3150800F63000000000000000001C000108000D9936BB
S3150800F64000000000000002000200FF7FBC09002045
S3150800F6500000000000000000000000001C00010877
S3150800F660000D993600000000000003000300FF7F2C
S3150800F670BC09002000000000000000000000000097
S3150800F68078020108000D993600000000000000000D
S3150800F6900000FF7FC40900200000000000000000F1
S3150800F6A00000000078020108000D993600000000ED
S3150800F6B0000001000100FF7FC409002000000000CF
S3150800F6C00000000000000000D404010800045C36B5
S3150800F6D000000000000000000000FF7FCC090020A9
S3150800F6E0000000000000000000000000D40401082B
S3150800F6F000045C3600000000000001000100FF7FE6
S3150800F700CC090020000000000000000000000000F6
S3150800F710D404010800045C36000000000000020062
S3150800F7200200FF7FCC090020000000000000000056
S3150800F73000000000D404010800045C360000000044
S3150800F740000003000300FF7FCC0900200000000032
S3150800F750000000000000000030070108000D99367F
S3150800F76000000000000000000000FF7FD409002010
S3150800F770000000000000000000000000300701083B
S3150800F780000D993600000000000001000100FF7F0F
S3150800F790D40900200000000000000000000000005E
S3150800F7A030070108000D993600000000000002002D
S3150800F7B00200FF7FD40900200000000000000000BE
S3150800F7C00000000030070108000D9936000000000F
S3150800F7D0000003000300FF7FD4090020000000009A
S3150800F7E000000000000000008C090108A06325360F
S3150800F7F000000000000000000000FF7FDC09002078
S3150800F8000300000000000000000000008C09010849
S3150800F810A063253600000000000001000100FF7FFC
S3150800F820DC090020030000000000000000000000C2
S3150800F8308C090108A06325360000000000000200BC
S3150800F8400200FF7FDC090020030000000000000022
S3150800F850000000008C090108A0632536000000009E
S3150800F860000003000300FF7FDC09002003000000FE
S3150800F8700000000000000000E80B0108801525368E
S3150800F88000000000000000000000FF7FE4090020DF
S3150800F890010000000000000000000000E80B01085D
S3150800F8A08015253600000000000001000100FF7FDA
S3150800F8B0E40900200100000000000000000000002C
S3150800F8C0E80B01088015253600000000000002003C
S3150800F8D00200FF7FE409002001000000000000008C
S3150800F8E000000000E80B010880152536000000001E
S3150800F8F0000003000300FF7FE40900200100000068
S3150800F9000000000000000000FC4F01037011010810
S3150800F9100C400200000F00000040000020400200DA
S3150800F9200700000000000000484001000007000032
S3150800F93008410400FF40000000000000FF410000ED
S3150800F9400000000020C0011000F8070020C00130A8
S3150800F950FE0328003CC001000000000058C0040057
S3150800F9601C001AE6540000000A1518191A000000AF
S3150800F9706CC00100E00F000008000101A4070000A8
S3150800F98018000101B8F000002000010108840000F9
S3150800F99040400101000000004C40040120F9130416
S3150800F9A007006200387000000000000060400F0188
S3150800F9B00068010F40B824405505E00041080000E2
S3150800F9C002000000B00710005E0000000000000002
S3150800F9D0236300009278DDC818000F0000800060DD
S3150800F9E0BE0A00000101103050707F7F1C410201E1
S3150800F9F00000E08C590B00003841070190200AF0FE
S3150800FA00204C520000000000B75635120000005086
S3150800FA10803B0000000000005C410101001E000060
S3150800FA206C41060100140CC016212A32383E454B9B
S3150800FA305050436587A9CB0C28AA00C58841040104
S3150800FA401721286414171A002004C8AAA1201A0925
S3150800FA50A841010129000000B4410101000020006D
S3150800FA60D041030100000000D000000000000200A1
S3150800FA70E4410F011DACF10E74390C00B08076001C
S3150800FA8089DCB300933C6400C689C7048F1A651DD8
S3150800FA901DACF10E74390C00B080760089DCB30019
S3150800FAA0933C6400C689C7048F1A651D00000000D0
S3150800FAB0244202014C0000001D23CDF3304202010E
S3150800FAC001008002400240004C4201010800000487
S3150800FAD030430401000000000000000000000000A0
S3150800FAE00000000044430A01000000000000000076
S3150800FAF000000000000000000000000000000000F8
S3150800FB000000003800000000000000000000FF5858
S3150800FB1038800101466E1000A4800101D8800100DA
S3150800FB20AC800111F6010000AC800131011A5100C8
S3150800FB30B4800101370000016C01010200200100B8
S3150800FB407401010269811B0C80010112790700000A
S3150800FB508001013202000000880101025000000005
S3150800FB60FFFFFFFFFC4F0103601201080C40020073
S3150800FB7000000000004000002040020007000000CE
S3150800FB800000000048400100040700000841040086
S3150800FB90FF40000000000000FF41000000000000D8
S3150800FBA020C0011000F8070020C00130FE0128001F
S3150800FBB03CC001000000000058C004001C001AE602
S3150800FBC0540000000A1518191A0000006CC001003C
S3150800FBD00005000008000101A00700001800010147
S3150800FBE0FF000000200001018000000040400101E4
S3150800FBF00000F0304C400401020000042DC08200D1
S3150800FC000032002000D00B0060400F0100000020E9
S3150800FC10000000001176F8004108000048000400C2
S3150800FC2012004D00EA03000000000000090600006B
S3150800FC300000000075030A0000800862000000004A
S3150800FC40000003173E5254541C4102010050558CC3
S3150800FC500000000038410701BC200AF018B951001D
S3150800FC6067329940FFFF3FA899FF71B18B3B40006F
S3150800FC70C00300805C410101FFFD00006C410601E4
S3150800FC800000004000000000000000000000000026
S3150800FC900000000000000000884104010000000088
S3150800FCA0000000000000000000000000A84101015B
S3150800FCB000000000B44101018CD02BC0D0410301E3
S3150800FCC0AAAAAAAADA80168005000200E4410F0152
S3150800FCD029AC51042F1F2E00E8BD0500E5D32D00E1
S3150800FCE05E7CB10D0CBCCE032C267C301E90810C9C
S3150800FCF00C490600A8DF6D00C00BB100183DA50031
S3150800FD00E80A0205271BD71D0000008024420201CD
S3150800FD10A8000080000000003042020101004800EF
S3150800FD209E0018004C4201010800041430430401E7
S3150800FD3000000000000000000000000000000000B5
S3150800FD4044430A0100000000000000000000000013
S3150800FD50000000000000000000000000000000385D
S3150800FD6000000000000000000000FF583880010174
S3150800FD70466E1000A480010170B80300AC80011122
S3150800FD80F6010000AC80013101420101B480010195
S3150800FD90000300026C010102002006007401010242
S3150800FDA06901100C800101127907000080010132F7
S3150800FDB0060000008801010290000000FFFFFFFF17
S3150800FDC0FC4F0103201101080C400200000000004E
S3150800FDD0004000002040020007000000000000006C
S3150800FDE0484001000407000008410400FF400000E5
S3150800FDF000000000FF4100000000000020C00110C4
S3150800FE0000F8070020C00130FE0128003CC00100B0
S3150800FE100000000058C00400270024E67500000012
S3150800FE200A1D2123240000006CC001000000000008
S3150800FE3008000101A407000018000101B8F000003D
S3150800FE4020000101088400004040010100009011D3
S3150800FE504C400401020000040FC08200000200208A
S3150800FE6000D00B0060400F010000000000000000F9
S3150800FE70FD2FFC00410C00004000000012001C0091
S3150800FE80AA0F0000000000000A060000000000009B
S3150800FE909203080000800362000000000206102199
S3150800FEA034444E521C4102010080208C00000000A0
S3150800FEB038410701BC200AF0F0C45E002979AF403A
S3150800FEC0FFFF0FAAAF4339B2893B4000C003008049
S3150800FED05C410101FFFD00006C4106010000004085
S3150800FEE00000000000000000000000000000000004
S3150800FEF00000000088410401000000000000000026
S3150800FF000000000000000000A841010100000000F8
S3150800FF10B44101012C952FC0D0410301AAAAAAAA6F
S3150800FF20D200328007005600E4410F01E2CFDD2CF3
S3150800FF307EB63A00600919005122E2004CB9510E0A
S3150800FF403982A904D8229B291E90810C0C490600E7
S3150800FF50A8DF6D00C00BB100183DA500E80A020530
S3150800FF60271BD71D0000008024420201580000000C
S3150800FF70000000003042020101005000400020004D
S3150800FF804C42010108000604304304010000000049
S3150800FF9000000000000000000000000044430A01C1
S3150800FFA00000000000000000000000000000000043
S3150800FFB000000000000000000000003800000000FB
S3150800FFC0000000000000FF5838800101C44E000000
S3150800FFD0A480010170B80300AC800111F60100008D
S3150800FFE0AC80013101420101B48001010003000225
S3150800FFF06C01010200200600740101026901100C5F
S315080100008001011279070000800101320600000013
S315080100108801010290000000FFFFFFFFFC4F01036A
S31508010020C01101080C400200000000000040000059
S3150801003020400200070000000000000048400100BF
S315080100400407000008410400FF400000000000000A
S31508010050FF4100000000000020C0011000F8070061
S3150801006020C00130FE0128003CC00100000000004C
S3150801007058C00400270024E6750000000A1D212344
S31508010080240000006CC00100000000000800010106
S31508010090A407000018000101B8F0000020000101C2
S315080100A00884000040400101000090114C40040101
S315080100B0020000040FC082000002002000D00B00DD
S315080100C060400F010000000000000000FD2FFC0049
S315080100D0410C00004000000012001C00AA0F00009D
S315080100E0000000000A060000000000009203080054
S315080100F000800362000000000206102134444E52BB
S315080101001C4102010080208C0000000038410701D3
S31508010110BC200AF0103B51002979AF40FFFF0FAA16
S31508010120AF4339B2893B4000C00300805C410101FD
S31508010130FFFD00006C4106010000004000000000C0
S3150801014000000000000000000000000000000000A0
S3150801015088410401000000000000000000000000C2
S3150801016000000000A841010100000000B44101019E
S315080101702C952FC0D0410301AAAAAAAAD20032807F
S3150801018007005600E4410F01E2CFDD2C7EB63A00A6
S31508010190600919005122E2004CB9510E3982A904AD
S315080101A0D8229B291E90810C0C490600A8DF6D00F8
S315080101B0C00BB100183DA500E80A0205271BD71D8B
S315080101C000000080244202015800000000000000DF
S315080101D03042020101005000400020004C4201015A
S315080101E00800060430430401000000000000000076
S315080101F0000000000000000044430A01000000005E
S3150801020000000000000000000000000000000000DF
S315080102100000000000000038000000000000000097
S315080102200000FF5838800101C44E1000A480010166
S3150801023070B80300AC800111F6010000AC800131F1
S3150801024001420101B4800101000300026C010102AF
S3150801025000200600740101026901100C80010112D7
S3150801026079070000800101320600000088010102B9
S3150801027090000000FFFFFFFFFC4F0103201101085A
S315080102800C400200018F1900B14000002040020015
S31508010290000000000700000048400100A407000014
S315080102A00841040007480000FF4C00000749000008
S315080102B0FF4D000020C0011000F8070020C00130E2
S315080102C0FE0128003CC001000000000058C00400DF
S315080102D0270024E6750000000A1D212324000000DA
S315080102E06CC001000000000008000101A40700001D
S315080102F018000101B8F0000020000101088400007F
S3150801030040400101000090114C4004010200000424
S315080103100FC082000002002000D00B0060400F01D0
S315080103200000000000000000FD2FFC00410C000049
S315080103304000000012009C00AA0F00000000000007
S315080103400A0600000000000092030800008003620C
S31508010350000000000206102134444E521C410201DD
S315080103600080208C0000000038410701BC200AF0FB
S31508010370F0C45E002979AF40FFFF0FAAAF4339B237
S31508010380893B4000C00300805C410101FFFD00007C
S315080103906C4106010000004000000000000000005A
S315080103A00000000000000000000000008841040170
S315080103B0000000000000000000000000000000002E
S315080103C0A841010100000000B44101012C952FC08C
S315080103D0D0410301AAAAAAAAD20032800700560070
S315080103E0E4410F01E2CFDD2C7EB63A00600919001F
S315080103F05122E2004CB9510E3982A904D8229B290F
S315080104001E90810C0C490600A8DF6D00C00BB100D7
S31508010410183DA500E80A0205271BD71D0000008024
S31508010420244202015001000000000000304202018E
S3150801043001001900400120004C4201010800060490
S315080104403043040100000000000000000000000025
S315080104500000000044430A010000000000000000FB
S31508010460000000000000000000000000000000007D
S315080104700000003800000000000000000000FF58DE
S3150801048038800101C44E0000A480010170B8030040
S31508010490AC800111F6010000AC8001310142010175
S315080104A0B4800101000300026C010102002006006C
S315080104B0740101026901100C80010112790700001B
S315080104C08001013206000000880101029000000047
S315080104D0FFFFFFFFFC4F0103701101080C400200EA
S315080104E0018F1900BF4000002040020000000000F3
S315080104F00700000048400100A00700000841040069
S3150801050007480000FF4C000007490000FF4D0000A6
S3150801051020C0011000F8070020C00130FE032800A2
S315080105203CC001000000000058C004001C001AE687
S31508010530540000000A1518191A0000006CC00100C1
S31508010540E00F000008000101A407000018000101DE
S31508010550B8F00000200001010884000040400101B4
S31508010560000000004C40040120F913040700620052
S31508010570387000000000000060400F010068010F9C
S3150801058040B824405505E00041080000020000007B
S31508010590B00750005E000000000000002363000061
S315080105A09278DDC818000F0000800060BE0A0000BE
S315080105B00101103050707F7F1C4102010000E08C60
S315080105C0590B00003841070190200AF0204C5200CF
S315080105D000000000B756351200000050803B0000AD
S315080105E0000000005C410101001E00006C4106018B
S315080105F000140CC016212A32383E454B505043652B
S3150801060087A9CB0C28AA00C58841040117212864AB
S3150801061014171A002004C8AAA1201A09A841010121
S3150801062029000000B441010100002000D041030166
S3150801063000000000D000000000000200E4410F01A4
S315080106401DACF10E74390C00B080760089DCB3005C
S31508010650933C6400C689C7048F1A651D1DACF10E4B
S3150801066074390C00B080760089DCB300933C6400D1
S31508010670C689C7048F1A651D0000000024420201BD
S315080106804C0100001D23CDF3304202010100C800D0
S31508010690000A80004C4201010800000430430401AD
S315080106A0000000000000000000000000000000003B
S315080106B044430A0100000000000000000000000099
S315080106C000000000000000000000000000000038E3
S315080106D000000000000000000000FF5838800101FA
S315080106E0466E1000A4800101D8800100AC8001117A
S315080106F0F6010000AC800131011A5100B4800101F4
S31508010700370000016C010102002001007401010299
S3150801071069811B0C800101127907000080010132F1
S31508010720020000008801010250000000FFFFFFFFE0
S31508010730FC4F0103C01101080C400200018F19008A
S31508010740B140000020400200000000000700000040
S3150801075048400100A40700000841040007480000BA
S31508010760FF4C000007490000FF4D000020C00110A2
S3150801077000F8070020C00130FE0128003CC0010036
S315080107800000000058C00400270024E67500000098
S315080107900A1D2123240000006CC00100000000008E
S315080107A008000101A407000018000101B8F00000C3
S315080107B02000010108840000404001010000901159
S315080107C04C400401020000040FC082000002002010
S315080107D000D00B0060400F0100000000000000007F
S315080107E0FD2FFC00410C00004000000012009C0097
S315080107F0AA0F0000000000000A0600000000000021
S31508010800920308000080036200000000020610211E
S3150801081034444E521C4102010080208C0000000025
S3150801082038410701BC200AF0103B51002979AF4035
S31508010830FFFF0FAAAF4339B2893B4000C0030080CE
S315080108405C410101FFFD00006C410601000000400A
S315080108500000000000000000000000000000000089
S3150801086000000000884104010000000000000000AB
S315080108700000000000000000A8410101000000007E
S31508010880B44101012C952FC0D0410301AAAAAAAAF5
S31508010890D200328007005600E4410F01E2CFDD2C79
S315080108A07EB63A00600919005122E2004CB9510E90
S315080108B03982A904D8229B291E90810C0C4906006D
S315080108C0A8DF6D00C00BB100183DA500E80A0205B6
S315080108D0271BD71D00000080244202015001000099
S315080108E00000000030420201010019004001200009
S315080108F04C420101080006043043040100000000CF
S3150801090000000000000000000000000044430A0146
S3150801091000000000000000000000000000000000C8
S315080109200000000000000000000000380000000080
S31508010930000000000000FF5838800101C44E100075
S31508010940A480010170B80300AC800111F601000012
S31508010950AC80013101420101B480010100030002AA
S315080109606C01010200200600740101026901100CE4
S31508010970800101127907000080010132060000009A
S315080109808801010290000000FFFFFFFFFC4F0103F1
S31508010990101201080C400200018F1900B140000035
S315080109A02040020000000000070000004840010046
S315080109B0A40700000841040007480000FF4C000096
S315080109C007490000FF4D000020C0011000F807008C
S315080109D020C00130FE0128003CC00100FC103F0187
S315080109E058C004001C001AE6540000000A1518191C
S315080109F01A0000006CC00100E004000008000101B3
S31508010A00A007000018000101FF00000020000101F5
S31508010A1080000000404001010000F0304C40040114
S31508010A20100000043FC082000032002000D00B00F5
S31508010A3060400F010000000000000000F47E800005
S31508010A40110B00004800040036002400666655AA0A
S31508010A5000000000090300000000000073030A00FB
S31508010A600080086200000000000003173E5254543B
S31508010A701C410201005055040000000038410701DD
S31508010A80BC200AF018B951005E2E9740FFFF3FA817
S31508010A9097FF71B18B3B4000C00300805C410101A7
S31508010AA0FFFD00006C410601000000400000000047
S31508010AB00000000000000000000000000000000027
S31508010AC08841040100000000000000000000000049
S31508010AD000000000A841010100000000B441010125
S31508010AE08CD02FC0D041030133333333DA801680DB
S31508010AF005000200E4410F0129AC51042F1F2E0005
S31508010B00E8BD0500E5D32D005E7CB10D0CBCCE0316
S31508010B102C267C301E90810C0C490600A8DF6D003E
S31508010B20C00BB100183DA500E80A0205271BD71D11
S31508010B300000008024420201AC0000C00000000051
S31508010B403042020101004C00580286004C42010164
S31508010B500800045430430401F5E301000A810F81BA
S31508010B600100F596060CA40044430A012300E0D2CD
S31508010B70558500400200008020000200780400002C
S31508010B80128587980B202897000000000000200096
S31508010B905555FAA038800101466E1000A48001015E
S31508010BA070B80300AC800111F6010000AC80013178
S31508010BB001420101B4800101000300026C01010236
S31508010BC000200600740101026901100C800101125E
S31508010BD07907000080010132060000008801010240
S31508010BE090000000FFFFFFFFFC4F010360120108A0
S31508010BF00C400200018F1900B1400000204002009C
S31508010C00000000000700000048400100A40700009A
S31508010C100841040007480000FF4C0000074900008E
S31508010C20FF4D000020C0011000F8070020C0013068
S31508010C30FE0128003CC00100FC103F0058C004001A
S31508010C401C001AE6540000000A1518191A000000BB
S31508010C506CC00100E004000008000101A0070000C3
S31508010C6018000101FF0000002000010180000000BA
S31508010C70404001010000F0304C400401020000042C
S31508010C802DC082000032002000D00B0060400F0109
S31508010C9000000000000000001176F800410800007D
S31508010CA04800040012002500EA03000000000000C5
S31508010CB0090600000000000075030A0000800862AA
S31508010CC000000000000003173E5254541C41020163
S31508010CD00050558C0000000038410701BC200AF07D
S31508010CE018B9510067329940FFFF3FA899FF71B1C2
S31508010CF08B3B4000C00300805C410101FFFD000001
S31508010D006C410601000000400000000000000000E0
S31508010D1000000000000000000000000088410401F6
S31508010D2000000000000000000000000000000000B4
S31508010D30A841010100000000B44101018CD02BC07B
S31508010D40D0410301AAAAAAAAD280168005000200E8
S31508010D50E4410F0129AC51042F1F2E00E8BD0500FF
S31508010D60E5D32D005E7CB10D0CBCCE032C267C3060
S31508010D701E90810C0C490600A8DF6D00C00BB1005E
S31508010D80183DA500E80A0205271BD71D00000080AB
S31508010D90244202014C0100C0000000003042020159
S31508010DA001004C00400110004C42010108000454A6
S31508010DB0304304014A0C02080A81FA800000F586CC
S31508010DC0060CA80044430A012300E0D255850040D9
S31508010DD0020000802000020078040000128587982E
S31508010DE00B22289700000000000026005555FAA09E
S31508010DF038800101466E1000A480010170B8030015
S31508010E00AC800111F6010000AC80013101420101FB
S31508010E10B4800101000300026C01010200200600F2
S31508010E20740101026901100C8001011279070000A1
S31508010E3080010132060000008801010290000000CD
S31508010E40FFFFFFFF30400600000000000000000021
S31508010E500000000000000000000000000040000043
S31508010E6050400100000000005C4002000000000044
S31508010E7000000000A840010007000000BC40040073
S31508010E800000000000000000000000000000000053
S31508010E9024C0060000130000EC80B30343754051DB
S31508010EA0A00F00B830400000A8AA070040C0020001
S31508010EB0000000000000000054C001008721300036
S31508010EC068C00100D158030070C00D00BA100000B7
S31508010ED000003F008D00EE00F601AC03F50496070D
S31508010EE0DE099C0DC3119317FE1DF526BD32FF3F82
S31508010EF0FE15F81BDC23B42DD039FF3FFF3F000058
S31508010F00A8C00500BD4B721511A3180510325476F9
S31508010F10980A000000000000CCC00400660000002A
S31508010F200000000001000A000100280044400201F7
S31508010F3000000000100000005C40010100000003F1
S31508010F409C400F01000000000000000000000000A6
S31508010F500000000000000000000000000000000082
S31508010F600000000000000000000000000000000072
S31508010F700000000000000000000000000000000062
S31508010F80E0400111F8010000E040013101020000D2
S31508010F9010410201331E050000000000244105012D
S31508010FA0FF0483078813C83AFF06660CFF04830704
S31508010FB08813FF0358410101000000006441010143
S31508010FC00C0100008441010101010000A441010155
S31508010FD000000000B041010100000000B84106010F
S31508010FE0000000000000000000003C00AAAA06005C
S31508010FF00000000000000000DC41010100000000C3
S3150801100020420101000000002C4201016018004045
S315080110103C420101000000004442020114000000A4
S31508011020000000004043010100000000108001019A
S31508011030030000003C800101030000009C800201BE
S315080110400000000070B80300A8800111F601000035
S31508011050A880013101420101B080010100030002AB
S315080110609800030200000000000C00044C04000074
S31508011070D8000202050040AA88010000EC0001120E
S31508011080E00F0000EC0001320D205151F000010281
S315080110902B050000000101021001000004010112E4
S315080110A000000000040101321001000010010112C4
S315080110B000FF0F0010010132020000422C0101124B
S315080110C000FC1F002C010132A90080004001010229
S315080110D03F0000005001011200C00000500101321A
S315080110E06100510068010102100006007801011231
S315080110F000001C00780101324004E0CF8C01010296
S3150801110000000000AC010112F8010000AC01013237
S3150801111004020100B001010200000000FFFFFFFF09
S31508011120100000008EE3380000000000F8120108E4
S31508011130E01201080000000008000000000000009D
S31508011140A08601000101F200C44E0007000000005C
S31508011150B01201080E0100000000000000000000A6
S31508011160A086010000000000000000000000000049
S31508011170100000003333330100000000F8120108A3
S31508011180D412010800000000080000000000000059
S3150801119000350C000420F400466E500700000000DC
S315080111A0B012010800000000000000000000000065
S315080111B000350C00000000000000000000000000DF
S315080111C0100000008EE3380000000000F812010844
S315080111D0E0120108000000000800000000000000FD
S315080111E0A08601000101F200C44E100700000000AC
S315080111F0B01201080E010000000000000000000006
S31508011200A0860100000000000000000000000000A8
S31508011210100000004444440000000000F8120108D0
S31508011220EC120108000000000800000000000000A0
S31508011230004B00000101F400466E10070000000093
S31508011240B0120108C2010000000000000000000001
S31508011250409C0000000000000000000000000000A3
S31508011260100000004444440000000000F812010880
S31508011270EC12010800000000080000000000000050
S31508011280409C00000101F400466E100700000000B2
S31508011290B0120108C20100000000000000000000B1
S315080112A0409C000000000000000000000000000053
S315080112B001000000C0175302040C0000E002000000
S315080112C000003C0301020504980301020505F40325
S315080112D0010206057A3F00007A3F0000000000007F
S315080112E060EA000060EA00000000000050C3000048
S315080112F050C300000000000014290200003111004B
S315080113000000010002640001012F0000070000002F
S315080113100000000098010000200B002000000001D9
S3150801132000000101000101010B000000000000009E
S315080113300000000000000000000000000500000099
S31508011340000000000000020000001000000000007C
S315080113500000000000000000000000000900000075
S31508011360000000000000000000000000000000006E
S31508011370030000000000000000000000000010004B
S31508011380120000000100000000000000000000003B
S315080113900600000000000000000000000000000038
S315080113A0000000000000000000000000000000002E
S315080113B0000010000200000001000000000000000B
S315080113C00000000006000000000000000000000008
S315080113D000000000000000000000000000000000FE
S315080113E000000000000010000100000001000000DC
S30D080113F00000000000000000E6
S30D080113F810EEFE7F0100000062
S311080114000C14010800080020A2000000DE
S3150801140C1CB3000800000000FFFFFFFFFFFFFFFFF2
S3150801141CFFFFFFFF0000015B0000000000C2010096
S3150801142C0000050400000010000000000000000088
S3150801143C0300000006000000C00800204008002038
S3150801144C000000000000060000000000000000007B
S3150801145C0000000000000000000000000000000071
S3150801146C0000000000000000000000000000000061
S3150801147C0000000000000000000000000000000051
S3150801148C0000000000000000000000000000000041
S3150801149C0000000000000000000000000000000031
S315080114AC0000000000000000000000000000000021
S315080114BC0000000000000000000000000000000011
S315080114CC00000000000006000000000000000000FB
S315080114DC00000000000000000000000000000000F1
S315080114EC00000000000000000000000000000000E1
S315080114FC00000000000000000000000000000000D1
S3150801150C00000000000000000000000000000000C0
S3150801151C00000000000000000000000000000000B0
S3150801152C00000000000000000000000000000000A0
S3150801153C0000000000000000000000000000000090
S3150801154C740D0020C0EA2101C0EA210100800000C7
S3150801155CC0175302881600200A00E40C0A00000082
S3150801156C440E010800000000A81100200400000028
S3150801157C000000000000000058F4000870F4000890
S3150801158C40F4000828F40008FFFFFFFFABA8000889
S3150801159CFFFFFFFFFFFFFFFFFFFFFFFFFFFFFFFF40
S315080115ACC7250000FFFFFFFFFFFFFFFFFFFFFFFF40
S315080115BCFFFFFFFFFFFFFFFFFFFFFFFFFFFFFFFF20
S315080115CCFFFFFFFFFFFFFFFFFFFFFFFFFFFFFFFF10
S315080115DCFFFFFFFFFFFFFFFFFFFFFFFFFFFFFFFF00
S315080115ECFFFFFFFFFFFFFFFFFFFFFFFF65A90008D6
S315080115FC10130108FFFFFFFFE7AB0008E3AB000878
S3150801160CFFFFFFFFFFFFFFFFEBAB0008B3AD0008C1
S3150801161C0000000003000000F8140020200A002036
S3150801162C00000000F814002060150020C8150020E1
S3150801163C000000000000000000000000000000008F
S3150801164C000000000000000000000000000000007F
S3150801165C000000000000000000000000000000006F
S3150801166C000000000000000000000000FFFFFF7FE3
S3150801167C0E0000000000FFFF2801FF0EFFF000001E
S30D0801168CE5010008BD01000893
S705080005F9F4
