:020000040800F2
:1000000000080020F90500088D9900088D99000866
:10001000C5A600088D9900088D9900088D990008E3
:100020008D9900088D9900088D9900088D99000818
:100030008D9900088D9900088D9900088D99000808
:100040008D9900088D9900088D9900088D990008F8
:100050008D9900088D9900088D9900088D990008E8
:100060008D9900088D9900088D9900088D990008D8
:100070008D990008BD040008AD0400088D990008A2
:100080008D9900088D9900088D9900088D990008B8
:100090008D9900088D990008110D00088D990008B0
:1000A0008D9900088D9900084D0E0008250E000856
:1000B0008D9900088D9900084D630008BD6D0008FA
:1000C00055A9000851A900088965000861A9000820
:1000D00059A90008956D00085DA90008216E000867
:1000E0005D6E00088D9900088D9900088D990008B3
:1000F0008D9900088D9900088D9900088D99000848
:100100008D9900088D9900088D9900088D99000837
:100110008D9900088D9900088D9900088D99000827
:100120008D9900088D9900088D9900088D99000817
:100130008D9900088D9900088D9900088D99000807
:100140008D9900088D9900088D9900088D990008F7
:100150008D9900088D990008F9A60008E58E000821
:100160008D9900088D9900089DAD0008A3AD000889
:10017000013800D0FCE770470348044B834202D0AB
:10018000034B03B118477047880A0020880A0020F3
:1001900000000000064B0749C91A891048BF013109
:1001A000491003D0044B0BB101481847704700BFFA
:1001B000880A0020880A00200000000010B5064CC4
:1001C000237843B9FFF7D8FF044B13B10448AFF3CA
:1001D00000800123237010BD5E1600200000000087
:1001E000F813010808B5054B1BB105490548AFF3E5
:1001F0000080BDE80840FFF7CDBF00BF0000000051
:10020000B80C0020F8130108A3F5803A704700BF2E
:10021000174B002B08BF134B9D46FFF7F5FF00213E
:100220008B460F461348144A121A0AF023FF0E4B4E
:10023000002B00D098470D4B002B00D09847002092
:10024000002104000D000D48002802D00C48AFF337
:10025000008009F003FA2000290000F02BF809F0D3
:10026000A3F800BF0000080000000000000000002C
:1002700000080020880A00208816002000000000E6
:100280000000000010B5002000F080F9044602488C
:1002900009F040F9204610BD00B3000808B5034836
:1002A00003F0B2FB024809F035F908BD40420F00E7
:1002B0000CB3000808B50AF042FAFFF7E3FF044B5D
:1002C00018600AF048FA024B1868FFF7E7FFF8E7F2
:1002D000D00C002008B501F04FFC09F038FF264A89
:1002E000136F23F0070343F00303136701F0A4FD2A
:1002F000224B9B6A13F0807F03D1214B4FF4803255
:100300009A621D4BD3F8202122F0070242F002022C
:10031000C3F82021D3F8282122F0070242F002027C
:10032000C3F82821D3F8402122F0030242F0010251
:10033000C3F84021D3F8602122F0030242F0010209
:10034000C3F86021D3F8402222F0030242F00102F8
:10035000C3F84022D3F8002222F0070242F0010243
:10036000C3F80022D3F8082222F0070242F001026B
:10037000C3F80822002008BD008000500040005A49
:100380000060005A10B4194B5A6E02F4803203F523
:1003900080514FF480304866586E4FF000434B66F2
:1003A000134B596C01F001014AF6CD341C64104B1B
:1003B0005B6B13F0010FFAD10E4B01245C600C4B08
:1003C0001B6B13F0010FFAD011B1094B0A491964E4
:1003D000002803DB094B4FF0004159661AB9074B5F
:1003E0004FF480325A665DF8044B7047008000502D
:1003F00000400950006009503254FFFF00A0005037
:1004000030B59FB0244C0DF1580CA646BEE80F0045
:10041000ACE80F009EE80F008CE80F0030220021AE
:100420000AA80AF027FE1D4B0A9301258DF82D50CE
:1004300057230C930D9502238DF8383005220F9227
:100440008DF840300623119308AA203494E8030065
:1004500082E803000DF1080C002302930393049338
:100460000593069307938CE803000D238DF8103055
:100470000E238DF811300A4B0593202306938DF837
:100480001D50084B00930AAB16AA6146064802F0BD
:10049000A3FD1FB030BD00BFA8B8000800000A507F
:1004A000D40C0020F40C0020580D002008B50248A0
:1004B00009F082FF08BD00BF580D002008B50248B2
:1004C00009F07AFF08BD00BF580D002010B58AB0B2
:1004D00000230693079308930993254B0693254918
:1004E00006A806F031FD244B186030B100230593B7
:1004F00005A90AF021FB08B1FEE7FEE71E4C1F4AE2
:100500001F4B1968206806F03FFF0021206809F0A2
:10051000ABFE00B1FEE71B49174B186806F060FF01
:1005200000B1FEE74FF0FF3240F2FF33CDE9002388
:100530004FF0FF324FF0FF330F4908680AF09EFA80
:1005400000B1FEE7104B1B88ADF81030ADF80C3051
:1005500004A9094B18680AF079FA00B1FEE703A96B
:10056000054B18680AF088FA00B1FEE70AB010BD22
:100570007D9900085F99000810080020699900081B
:100580000008002007001100D0B8000882B0054B19
:10059000019302AB03EB800050F8043C186802B0F2
:1005A000704700BF1008002018B1034A10600020F7
:1005B00070472520704700BF700D002010B5044C17
:1005C0000449206800F090FD2068FFF7EDFF10BDA2
:1005D000400900201408002008B50448044A121AF3
:1005E0009210044909F0D3F908BD00BF9416010820
:1005F000941601088816002008B500F02FF8FFF7C0
:10060000EBFF124A0AE01068516850F8230041F8E5
:100610002300013391688B42F5D30C320C4B9A4284
:1006200001D20023F6E70B4A08E01168002041F8E8
:100630002300013351688B42F7D30832064B9A42AC
:1006400001D20023F6E7FFF7E3FD00BF0014010825
:100650000C1401080C1401080C14010810B4144BFC
:10066000144A9A60D3F8882042F47002C3F88820B4
:10067000114A4FF480419166104901F500524FF044
:10068000FF3010660E4850660220C3F8D000BFF35A
:100690004F8FBFF36F8F0B480124C0F880414FF498
:1006A0004033D36004600B615DF8044B704700BFBA
:1006B00000ED00E0000000080090005000800044C1
:1006C0007FFF7F0100E100E0014B1868704700BF29
:1006D0004809002008B5094B1B6F03F00703022BE4
:1006E00004D0032B05D0012B06D0FEE7FFF7ECFF6B
:1006F00003E0034B186800E0024808BD008000508A
:1007000050090020002D310108B5FFF7E3FF054B2C
:100710001B6FC3F303330133B0FBF3F0024B1860DC
:1007200008BD00BF00800050440900200048704709
:1007300000B4C404014B1868704700BF5009002082
:1007400008B5064B1860064B1B6F03F00703032B1D
:1007500000D008BDFFF7D8FFFBE700BF500900201D
:100760000080005000487047002D31014FF0B44325
:100770009868C0F304400C2808D8DFE800F00907A7
:100780000707070722181A071C1E200000207047C1
:100790004FF0B4439B6803F04073B3F1807F12D0F5
:1007A000B3F1007F11D003B1704709487047094881
:1007B0007047094870470948704709487047094819
:1007C000704709487047094870470948ECE700BF7F
:1007D00000093D000024F400C0EA210180BA8C0128
:1007E0000048E801005A6202405DC60080841E0095
:1007F00040420F00014B1868704700BF4C090020B1
:100800000346064A10680344054A934202D8034A45
:10081000136070474FF0FF30704700BF540900204D
:1008200000000120F0B585B00C4694469DF83410C8
:10083000664A1278002A00F0BD800546BCF1070F19
:1008400000F2BA800A9A002A00F0B8800B9A002AB7
:1008500000F0B6800E9AB2F5006F00F3B380012865
:100860005BD05B4A02EB0C12127B002A00F0AC80DA
:1008700000220092019202920392564A02EB4C1E11
:10088000002C4FD14FEA4C1600209051CEF80400B6
:10089000CEF80800CEF80C009EF8020040F01000E0
:1008A0008EF802009EF8030040F030008EF803003E
:1008B00021B9C1B241F003018EF8031000930E9BE1
:1008C000013B444A4FEA4C1002EB4C11165A63F3B9
:1008D0000E1616520A9B8B600B9B4B60CB789DF8D3
:1008E0003C2062F38303CB70012D36D0109B002B8C
:1008F00056D0374A4FEA0C1102EB0C1310985050A7
:10090000119A5A6000249C605D7372466946604685
:1009100001F044FF204605B0F0BD0C9A002AA0D19A
:100920002D48F8E72B4F4FEA4C1607EB4C120020EE
:10093000B85150609060D060907840F01000907096
:10094000D07840F00300D0700029B7D107EB4C12EB
:10095000C1B241F03001D170B0E70E460A7B42F0DF
:1009600001020A73D2B242F002020A73CA68042179
:1009700061F39F02F26006F1100796E80F0087E826
:100980000F00F2696FF0030161F39F02F2610C9BAB
:100990007361012CAAD10B9AB2610C9A7260A5E71F
:1009A000002DA6D10B4B03EB4C139A786FF3041276
:1009B0009A709EE70948AEE70748ACE70648AAE701
:1009C0000548A8E70448A6E70548A4E75F16002005
:1009D000D40E0020D40D0020018000F0028000F031
:1009E000078000F0134B1B78FBB110B50446F0B143
:1009F00009F0C0FB0023072B13D80F4A02EB0312A8
:100A0000127B0AB10133F6E723600B4A190102EBAE
:100A1000031301241C730024545009F0B1FB204639
:100A200002E009F0ADFB054810BD054870470548D8
:100A3000FAE700BF5F160020D40E0020048000F00B
:100A4000028000F0018000F038B509F093FB044605
:100A50000023072B06DC0C4A02EB0312127B12B9AF
:100A60000133F6E7002222B1204609F089FB07484E
:100A700038BD01F035FE0025054B1D70204609F0FC
:100A80007FFB2846F4E700BFD40E0020058000F06D
:100A90005F1600200F4B1B78BBB110B5044607282A
:100AA00015D809F067FB0C4B03EB04131B7B1BB938
:100AB00009F066FB09480BE0074B03EB0413002425
:100AC0001C7309F05DFB204602E0054870470548AD
:100AD00010BD00BF5F160020D40E0020068000F07D
:100AE000028000F0018000F000B583B0134B1B685A
:100AF000019300238DF8043009F03CFB104B1B7868
:100B000033B90F4B01221A7009F03AFB002309E0B8
:100B100009F036FB0B480EE00B4A02EB03120021F2
:100B200011730133072BF7DD08238DF8073001A877
:100B300001F002FE002003B05DF804FBD4B8000809
:100B40005F160020038000F0D40E002008B50A4B89
:100B50001B785BB107280BD8084B03EB00131B7BFA
:100B600043B1002101F0DAFD002008BD0448FCE794
:100B70000448FAE70448F8E75F160020D40E002086
:100B8000028000F0018000F0078000F008B50A4BF9
:100B90001B785BB107280BD8084B03EB00131B7BBA
:100BA00043B1012101F0BAFD002008BD0448FCE773
:100BB0000448FAE70448F8E75F160020D40E002046
:100BC000028000F0018000F0078000F008B50A4BB9
:100BD0001B7853B107280AD8084B03EB00131B7B83
:100BE0003BB101F025FE002008BD0548FCE70548A3
:100BF000FAE70548F8E700BF5F160020D40E002092
:100C0000028000F0018000F0078000F0114B1B789B
:100C1000BBB1072817D8C1B10F4B03EB00131B7BE7
:100C2000ABB11F280AD80D4BDB6AC0B2C34013F02A
:100C3000010F03D001230B700020704700200870C3
:100C4000704707487047074870470648704706488E
:100C5000704700BF5F160020D40E00200000045033
:100C6000028000F0018000F0078000F0104B1B783C
:100C7000ABB1072815D8B1B10E4B03EB00131B7BAA
:100C80009BB10D4B1B6D0122824013EA020003D081
:100C900001230B700020704700230B70704707483A
:100CA000704707487047064870470648704700BFBE
:100CB0005F160020D40E002000000450028000F0D7
:100CC000018000F0078000F00C4B1B7873B110B569
:100CD0000C4607280CD869B1094B03EB00131B7BAA
:100CE00053B101F0B7FD2070002010BD05487047DA
:100CF0000548FAE70448F8E70448F6E75F160020DD
:100D0000D40E0020028000F0018000F0078000F087
:100D1000F8B5194B1F6D5B6D1F4002D401250024EF
:100D200002E0FEE701346D00072C24D83D42F9D0E3
:100D3000124B1D652301124AD358002BF2D002EB4F
:100D40000416B1680131B16072682046984780F09E
:100D50000100C0B2737B012BE4D10028E2D0094B23
:100D600003EB44131A7B6FF341021A731A7F6FF37C
:100D700041021A77D6E7F8BD000004500020045065
:100D8000D40E0020D40D002010B5044602E020202F
:100D900007E09047DCB194FAA4F00028F7D0B0FA4D
:100DA00080F00123834024EA0304094B03EB001382
:100DB0005A68002AEED0064B03EB00131B7B002B76
:100DC000E7D0034B03EB001399689047E2E710BDAF
:100DD000540F002008B51A2001F05EF828B1084B26
:100DE0004FF08062C3F880211A601B2001F054F894
:100DF00028B1034B4FF00062C3F880211A6008BD90
:100E000000E100E038B505460C4609F0B3F9044BA3
:100E100003EB05135C6000221A7309F0B1F938BDC9
:100E2000540F002008B5084BD3F82404D3F820242D
:100E3000104000F0553020F0502003F50053C3F867
:100E40002004FFF7A1FF08BD00C0035008B5084B00
:100E5000D3F82404D3F82024104000F0AA3020F066
:100E6000A02003F50053C3F82004FFF78DFF08BD51
:100E700000C0035001460023032B08D8054A52F84E
:100E8000230090F821208A4202D00133F4E70020A9
:100E9000704700BF5411002090F83530022B01D06C
:100EA00000207047437F90F8212003EB43031B0190
:100EB000143303495858D04000F00100704700BF78
:100EC00030C0035030B139B142B1B2F5006F07D82C
:100ED0000020704703487047034870470248704736
:100EE00001487047027000F0037000F0154B1B784A
:100EF00053B9032B05D8144A002142F823100133BB
:100F0000F7E7104B01221A700023032B06D80E4A74
:100F100052F82320824212D00133F6E7002300E08A
:100F20000133032B09D8084A52F82320002AF7D1AD
:100F3000054A42F82300002070470448704700200B
:100F4000704700BF6016002054110020027000F0AE
:100F500010B50446FFF7C8FD002104F10800FFF7B3
:100F600041FD30B9002104F10C00FFF73BFD10B941
:100F700010BD0248FCE70148FAE700BF0E7000F020
:100F8000A0B110B5044690F832303BB194F832303D
:100F90000133DBB284F83230002010BDFFF77CFF54
:100FA0000028F3D1A068FFF7D1FDEFE700487047B4
:100FB000027000F0C8B110B5044690F83230B3B1F9
:100FC00090F83230DBB2012B07D094F83230013B7D
:100FD000DBB284F83230002010BDFFF75DFF00283F
:100FE000F3D1A068FFF7D2FDEFE70248704702484F
:100FF000F2E700BF027000F0057000F010B582B09B
:10100000044690F83530022B04D0012B34D0002058
:1010100002B010BD437E53B9837F90F82220012196
:10102000914003EB43031B01234AD150EFE7012B0F
:101030000CD0037EABB9837F90F822200121914030
:1010400003EB43031B011C4AD150E0E7837F90F878
:1010500022200121914003EB43031B01174AD15089
:10106000D5E7837F90F822200121914003EB4303D1
:101070001B01124AD150CAE7037E73B911238DF8C0
:101080000730FFF77DFF01220DF10701204608F030
:10109000E3FD2046FFF78EFFB9E713238DF80730F5
:1010A000FFF76EFF01220DF10701204608F0D4FD85
:1010B0002046FFF77FFFAAE740E0035040D00350EF
:1010C00010B50446074990F82100FFF79BFEFFF793
:1010D00081FE0023A3762376022363762046FFF762
:1010E0008DFF10BD3B9B0008F0B58FB006460C4647
:1010F0000DF1180C804D0FCDACE80F0095E80F00F6
:101100008CE80F0000230093019302930393049350
:101110000593002E00F0EA803546002C00F0E880B0
:1011200060221946304609F0A5FF23683360022388
:1011300086F83630237C33713046FFF7D7FE0646FB
:10114000002859D1237F85F8353023686B4A9342B4
:101150000ED06B4A934252D06A4A934240F0CA8002
:1011600058236B62684B2B614FF490136B6106E060
:1011700056236B62654B2B614FF480136B61002328
:1011800085F8313085F83030A26A616A284608F067
:1011900043FC01213A2000F05BFB0121686A00F06A
:1011A00057FB2379002B32D1594AD2F8203223F051
:1011B000070343F00103C2F82032227C554B26324C
:1011C00003EB421210215160217BA07B227C41EA7B
:1011D000004103EB4212C2F8DC14627BE07B217C0D
:1011E00042EA004203EB4113C3F8D42421462846C7
:1011F00008F0FCFB0646C0B130460FB0F0BD5723E7
:101200006B62454B2B614FF488136B61B7E701218B
:10121000362000F01DFB3E4AD2F8203223F00703AF
:1012200043F00303C2F82032C7E70121284608F043
:1012300007FC06460028DFD102238DF82530A3687D
:101240000893638AADF82830A38AADF82630A37DD1
:101250008DF82430A3690B9301238DF80630002309
:101260008DF80730CDF834D008F084FF0746237F8F
:10127000032B12D0022B30D006238DF8183023799F
:101280007BB306A9206808F0CFFF2846FFF760FE71
:101290000646384608F074FFAEE7227C1D4BA632A6
:1012A00003EB421202215160E17F94F82000227C7E
:1012B00041EA004103EB421241F2D0401150627FFB
:1012C000A07F217C42EA004203EB411341F2CC4172
:1012D0005A5003238DF80030CEE72846FFF7F0FE82
:1012E000CAE706A9206808F099FFCEE70B4E83E70E
:1012F0000B4E81E70A4E7FE7F4B800080000015B5F
:1013000000000A5000400A500100120001001000C5
:101310000080005000C0035001001100027000F076
:10132000037000F0024B4FF480321A67704700BF21
:101330000090005038B505460C46174BD3F82001F5
:1013400000F00700062823D8DFE800F0040A0E1694
:10135000121A1E00012305B1286004B1236038BDB4
:10136000FFF7B2F90523F6E7FFF7E4F90323F2E705
:10137000FFF7FCF90723EEE7FFF7F4F90223EAE7AA
:10138000FFF7A2F90623E6E7FFF7D4F90423E2E723
:1013900000231846DFE700BF0080005038B505463F
:1013A0000C46164BD3F8283103F00703013B052BFD
:1013B00020D8DFE803F003131B0F0B17FFF784F9A6
:1013C000052305B1286004B1236038BDFFF77CF91F
:1013D0000623F6E7FFF7CAF90723F2E7FFF7AAF9B2
:1013E0000323EEE7FFF7A6F90423EAE7FFF7BAF9CC
:1013F0000223E6E700231846E3E700BF0080005021
:1014000070B582B006460D4600230193104BD3F809
:10141000804104F00304022C16D0032C0FD0012CC1
:1014200007D000240EB1019B336005B12C6002B0DF
:1014300070BD002101A8FFF77DFF0F24F2E7FFF741
:1014400095F901900724EDE7FFF78CF90190E9E7A2
:101450000080005038B505460C460C4BD3F890324E
:1014600003F00303012B05D0022B07D1FFF77EF910
:10147000072305E0FFF776F9022301E00023184671
:1014800005B1286004B1236038BD00BF0080005062
:1014900030B583B005460C4600230193154BD3F8B5
:1014A000203203F00703042B21D8DFE803F0030BFD
:1014B00011161B0001230DB1019A2A6004B12360AB
:1014C00003B030BD002101A8FFF768FF1123F2E748
:1014D000FFF74CF901900723EDE708F066FA019059
:1014E0000A23E8E7FFF786F901900923E3E70023E1
:1014F000E1E700BF0080005038B505460C46104BB0
:10150000D3F8400100F00300032815D8DFE800F00D
:1015100002080C10012305B1286004B1236038BD16
:1015200008F043FA0A23F6E7FFF764F90923F2E724
:1015300008F03EFA0B23EEE700231846EBE700BF66
:101540000080005030B583B005460C46002301935F
:10155000144BD3F8603203F00703013B032B1FD871
:10156000DFE803F0020E1914002101A8FFF7E2FEE4
:101570000F230DB1019A2A6004B1236003B030BD7E
:10158000002101A8FFF7B8FF1023F2E7FFF7EEF8FC
:1015900001900723EDE7FFF7E5F801900223E8E764
:1015A0000023E6E70080005030B583B005460C46C6
:1015B000002301930C4BD3F8703203F00303012B8B
:1015C00009D0022B0DD114230DB1019A2A6004B168
:1015D000236003B030BD002101A8FFF78DFF102369
:1015E000F2E70023F0E700BF0080005038B5054661
:1015F0000C46134BD3F8000200F0070004281BD858
:10160000DFE800F003090D111500012305B1286082
:1016100004B1236038BD08F0C8F90A23F6E7FFF7E4
:10162000E9F80923F2E708F0C3F90B23EEE7FFF727
:101630006BF8800A0E23E9E700231846E6E700BFAF
:101640000080005038B505460C46134BD3F808020D
:1016500000F0070004281BD8DFE800F003090D1193
:101660001500012305B1286004B1236038BD08F0DE
:101670009CF90A23F6E7FFF7BDF80923F2E708F023
:1016800097F90B23EEE7FFF73FF8800A0E23E9E70F
:1016900000231846E6E700BF0080005038B5054635
:1016A0000C46104BD3F8400200F00300032815D875
:1016B000DFE800F002080C10012305B1286004B136
:1016C000236038BD08F071F90A23F6E7FFF792F8B6
:1016D0000923F2E708F06CF90B23EEE70023184624
:1016E000EBE700BF0080005038B505460C46104BB4
:1016F000D3F8600100F00300032815D8DFE800F0FC
:1017000002080C10012305B1286004B1236038BD24
:1017100008F04BF90A23F6E7FFF76CF80923F2E724
:1017200008F046F90B23EEE700231846EBE700BF6D
:101730000080005038B505460C46104BD3F8000128
:1017400000F00300032815D8DFE800F002080C10B1
:10175000012305B1286004B1236038BDFEF7EAFF1C
:101760000323F6E7FFF746F80923F2E708F01BF931
:101770000823EEE700231846EBE700BF0080005087
:10178000B0F5207F20D00ED8B0F5007F16D020D83D
:1017900010B1B0F5C07F04D10F4B186FC0F3033008
:1017A00018E0002016E0B0F5607F05D10A4BD3F8B1
:1017B0008000C0F301100DE000200BE0064BD3F8D1
:1017C0009000C0F3046005E0034B186FC0F3802065
:1017D00000E00020013070470080005038B5054619
:1017E0000C46174B4FF480329A660020FFF7C8FF73
:1017F00005FB00F0134BDA6902F4803241F67131D7
:10180000D9635B6823F440136CB90F49884207D849
:1018100000210B430B494B600AB10022CA6338BD5B
:101820004FF48011F5E7002C07DD0849884201D804
:101830000021EEE74FF48011EBE74FF44011E8E7A9
:101840000090005000000350005A6202002D310148
:10185000430905D0012B0DD0022B0DD0002200E052
:10186000002200F01F0049B102F58052012383409D
:1018700013607047034AF4E7034AF2E702F50052A7
:10188000F4E700BF648000506880005008B58020F5
:1018900008F080FA034B984203D8034B4FF4803290
:1018A0001A6708BD005A620200A0005000B583B05C
:1018B00000230193B0F5807F00F0398118D9B0F58D
:1018C000086F00F03E8140F2DB80B0F5306F00F031
:1018D0004C8140F20281B0F5386F00F02D81B0F5F7
:1018E000406F40F0E68001A90020FFF757FDE0E0DF
:1018F000802800F2DE802428C0F0DB8024385C28B9
:1019000000F2D78001A353F820F000BFC11A0008ED
:10191000C11A0008C11A0008C11A0008C11A00083B
:10192000B31A0008AB1A0008B31A0008391B0008E4
:10193000D11A0008B31A0008B31A0008B31A000835
:10194000B31A0008B31A0008B31A0008B31A000843
:10195000B31A0008B31A0008B31A0008B31A000833
:10196000391B0008B31A0008B31A0008B31A00089C
:10197000951A0008571B0008B31A0008B31A00088C
:10198000B31A0008B31A0008B31A0008B31A000803
:10199000B31A0008B31A0008B31A0008B31A0008F3
:1019A000B31A0008B31A0008B31A0008B31A0008E3
:1019B000C11A0008B31A0008B31A0008B31A0008C5
:1019C000F71A0008B31A0008B31A0008611B0008D0
:1019D000E71A00084D1B0008E7180008E718000880
:1019E000B31A0008B31A0008B31A0008B31A0008A3
:1019F000B31A0008B31A0008B31A0008B31A000893
:101A0000B31A0008B31A0008B31A0008B31A000882
:101A1000B31A0008B31A0008B31A0008B31A000872
:101A2000B31A0008B31A0008B31A0008B31A000862
:101A3000B31A0008B31A0008B31A0008B31A000852
:101A4000B31A0008B31A0008B31A0008B31A000842
:101A5000B31A0008B31A0008B31A0008B31A000832
:101A6000B31A0008B31A0008B31A0008B31A000822
:101A7000B31A0008B31A0008B31A0008011B0008C3
:101A8000B0F5C06F58D00AD9B0F5E06F63D0B0F5AB
:101A9000F06F1AD101A90020FFF726FE09E0B0F58A
:101AA000A06F53D0B0F5B06F07D101A90020FFF7A8
:101AB000A7FC019803B05DF804FBB0F5806FF8D186
:101AC00001A90020FFF736FCF3E7B0F5D06FF0D1A5
:101AD00001A90020FFF78AFDEBE7B0F5206F3FD0AA
:101AE000B0F5286F04D101A90020FFF75DFDE0E704
:101AF000B0F5106FDDD101A90020FFF7A3FDD8E7F5
:101B00001C4B1B6F03F00703013B032BD1D8DFE80D
:101B100003F00B02050805230193CAE70323019391
:101B2000C7E708230193C4E702230193C1E701A992
:101B3000002008F0FCF8BCE701A90020FFF7DCFC5E
:101B4000B7E701A90020FFF7F5FDB2E701A90020E2
:101B5000FFF79EFCADE701A90020FFF79FFDA8E776
:101B600001A90020FFF7EEFCA3E701A90020FFF781
:101B700071FC9EE700800050044B4FF480125A66BF
:101B8000034B4FF480329A62704700BF00900050C0
:101B90000050005A38B504468020FFF787FE03281E
:101BA00000F0B580604B4FF480125A665F4B45F6EB
:101BB0000E02C3F8802003F580524FF0A0619162BD
:101BC00003F500534FF480329A62584B9B6D13F427
:101BD000803FFAD1554B9B6D13F0804FFAD12268AC
:101BE00063681B0543EA0263227B43EA0243627B8C
:101BF00043EA0233A27B43EA8213E27B13434B4D59
:101C00002B61AB6903F00043226943EA8263626996
:101C100043EA0263227E43EA0243627E43EA0223EE
:101C2000A27E1343AB614FF400624FF44061404821
:101C300008F09BF82B6A23F00F03E269002A46D1D3
:101C400011460B43E17E43EA81031A43374B1A6284
:101C5000E369002B3DD1354A916A364B0B4094F82D
:101C6000201043EA411394F8211043EA011394F839
:101C7000241043EAC10343F4803393622B4B9A6DE3
:101C80002D4B9343FAD1294A02F580514FF08073CE
:101C90008B62136923F47003A06843EA0053136155
:101CA0004FF000438B6194F822301BB9234B4FF067
:101CB00080729A6294F8233013BB204B4FF4803229
:101CC0009A621A4B9B6D13F0804FFAD118E00821ED
:101CD000B7E7022B1CD0154A916A164B0B4094F8BB
:101CE000201043EA411394F8221043EA016394F868
:101CF000241043EAC10394F8231043EA014393629A
:101D000094F825301BB1094B0D4AC3F8802038BD2B
:101D1000064B00221A619A614FF408524FF47F413A
:101D2000084808F022F8D6E7009000500040005A1A
:101D30003840005AC7FFFEFE030001000060005A51
:101D4000F1A7FFFF3440005A014B93F900007047A0
:101D5000780A0020014B1880704700BF6C0A0020F1
:101D6000B0F5207F48D02DD8B0F5007F39D04CD8C1
:101D700010B1B0F5C07F24D110B54C1E08F003F8A7
:101D800008F0DEF9FFF7CEFA204A136F23F4704310
:101D900043EA04331367FEF7B7FC1D4BD3F88430D6
:101DA00013F0100FF9D11A4BD3F88410C1F381113D
:101DB000C1F1020108F0B9F900F02CF8FFF766FD57
:101DC00010BD7047B0F5607F0AD101390F4AD2F8D3
:101DD000803023F0300343EA0113C2F880307047AB
:101DE00070470139094AD2F8903023F0F85343EA9A
:101DF0000163C2F8903070470139044A136F23F42D
:101E0000806343EA81231367704770470080005066
:101E10000040005008B54FF4C07007F0BBFF054B01
:101E2000984205D902214FF42070FFF799FF08BDB1
:101E30000121F8E780F0FA0208B5FEF765FC0C4BCB
:101E4000D3F8843013F0100FF9D1094BD3F8841074
:101E5000C1F38111C1F1020108F067F901210020ED
:101E600000F0A4F8FFF7D6FFFFF710FD08BD00BF94
:101E700000400050002807DB00F1604000F56140A1
:101E800090F800030009704700F00F00014B185C48
:101E90000009704714ED00E04209064B53F8223068
:101EA00000F01F0023FA00F080F0010000F00100B4
:101EB000704700BF00E100E038B5EFF3108313F086
:101EC000010F1BD10446FFF7E7FF0546B8B92046CE
:101ED000FFF7D0FF0446EFF3118313B1B0EB131FEC
:101EE0000FD2094B5B68C3F3080343B1103B58B2F0
:101EF000FFF7C0FFA04202D8012500E001252846D7
:101F000038BD0125FBE700BF00ED00E0034AD36EBA
:101F100023F0300301790B43D36670470040005033
:101F2000F8B50446204BD3F8843013F0100FF9D1E4
:101F30001D4BD3F88430C3F381139C422DD0FEF7A0
:101F4000C9FB0646012C11D008F00DF90546164FC5
:101F500007F500534FF000725A66204608F013F957
:101F6000621E4FF4806393403B6706E0012108F056
:101F7000DCF8E9E70C4BD3F884300B4B5B6E13F0C5
:101F8000007F05D1084BD3F8843013F0200FF1D037
:101F9000284608F0ECF8022C00D0F8BD00213046AD
:101FA00008F0C3F8F9E700BF0040005010B50C4638
:101FB000034650B1094A127812B1094A934208D92E
:101FC00021460220FFF7ACFF10BDFEF783FB03465E
:101FD000F0E721460120FFF7A3FFF5E76411002099
:101FE000005A620238B52F4B4FF000425A6603F593
:101FF0000B235C6C04F001044AF6CD321A64E8B994
:10200000294B5B6B13F00103FAD1274A556815F091
:10201000010539D002F50052012151601A462249CA
:10202000096B11F0010F04D120498A4201D8013215
:10203000F5E71E498A422FD81D4625E000231A4A9B
:10204000126B12F0080F04D0184A934201D80133E2
:10205000F5E7164A934221D8134B03F5005220218D
:10206000916203F5805301225A60002300E001339E
:102070000D4A926A12F0200F02D10C4A9342F6D90F
:102080000A4A93420CD8002514B1074B084A1A6437
:1020900008F0F6FC284638BD0725F5E70725F3E7E5
:1020A0000725F1E700900050004009503F420F0023
:1020B0003254FFFF10B51A4B4FF000425A6603F539
:1020C0000B235C6C04F001044AF6CD321A644378A9
:1020D0005B0043F00103134AD363134B5B6B13F0B4
:1020E0000B0FFAD1104A536823F4F873817843EA4E
:1020F00001135360C178437943EA01239360017966
:10210000837943EA012313610078FFF76BFF14B171
:10211000054B064A1A6408F0B3FC012010BD00BF4D
:102120000090005000400050004009503254FFFF22
:1021300010B50F2800D90F20124B5C6E03F58053A9
:102140004FF000425A6603F50B235A6C02F001026D
:102150004AF6CD3119640C4B5B6B13F0800FFAD14A
:1021600009490B6A23F00F0303430B620AB1074AC4
:102170000A64002C03DB064B4FF000425A6608F05D
:102180007FFC10BD00800050004009503254FFFF1A
:1021900000A0005010B5134B5C6E03F580534FF058
:1021A00000425A6603F50B235A6C02F001024AF60C
:1021B000CD3119640C4B5B6B13F0800FFAD10A49D7
:1021C0000B6A23F4F85343EA00230B620AB1074A6F
:1021D0000A64002C03DB064B4FF000425A6608F0FD
:1021E0004FFC10BD00800050004009503254FFFFEA
:1021F00000A00050084B98420AD0084B984209D0E2
:1022000003F58043984201D0002070475820704762
:1022100056207047572070470000015B00000A50AD
:1022200010B5044607F0B0FF042307E004F580531F
:1022300004221A6104F500531A610B46591E002B43
:10224000F4D1202323610023E360A36041F2020262
:102250006261A3614FF4A0226262E3612362A36220
:10226000E3626363236504F500520249D16423638A
:1022700010BD00BFFF3F0D03F8B5044615460846E4
:10228000E1B1A36813F0010F34D06668B0FBF5F03C
:10229000451E16F001062BD0636D13F0280FFBD1FD
:1022A000A36C13F0030F0FD1A36C13F0010F1BD11C
:1022B000A36C13F0020F19D1002706E02046FFF7A8
:1022C00099FF07F067FDDCE70527204607F05CFF74
:1022D000236923F07F4343EA0563236146B339460C
:1022E000204607F070FF23E00927EEE70627ECE71A
:1022F0000027EDE76368A36803F0E003402B1DD0DF
:1023000017D9602B1ED0802B12D10123400105FB71
:1023100003F3B0FBF3F020380B4A02EAC002636D0E
:1023200013F0010FFBD12263636D13F0010FFBD19A
:10233000F8BD2BB1202BFBD10823E7E70623E5E707
:102340001023E3E70423E1E7F8FF7F0070B50446BC
:102350000D461646436823B1636DC3F30B03002B90
:10236000FAD12046FFF75CFF636923F44C5323F056
:102370000F036A7B1343EA8913432A8A1343636179
:10238000A36823F0804323F0E2032A7B13432A7ED1
:1023900013436A691343A360AB681BB9A36843F096
:1023A0000043A360EA69002A70D0A168694B0B4022
:1023B000117A43EA8153917A43EA4143918801F4C7
:1023C000C0410B43517843EA8103517B43EAC10387
:1023D000917B43EA0113927843EA8223A360E26887
:1023E0005D4B1340EA6911690B4351690B439179C5
:1023F00043EA8123D27943EA4223E360EB691B7805
:10240000012B01D0032B03D1E36843F00403E36005
:10241000EB691B78023BDBB2012B51D94F4B9C423D
:102420006BD04F4B9C426AD003F580439C4262D0F4
:102430004FF0FF3303F593735B0103F1A04303F502
:10244000703302225A60EB695A7A04F580539A621B
:10245000EB695B7A1BB1E36843F40063E360EB690B
:10246000DB7A63B1E36843F40043E3603B4B9C4297
:1024700047D03B4B9C424BD03A4B9C424FD0636A77
:1024800023F00303EA69D27B134363623EB196F8FB
:102490002030002B4AD004F5805301221A62052116
:1024A000204607F090FEAA68002A4ED129782046DF
:1024B00007F089FEA36CDB4313F4405FFAD170BDD3
:1024C000264B9C4213D0264B9C4212D003F58043EE
:1024D0009C420AD04FF0FF33A6335B0103F1A043C7
:1024E00003F5703302225A60ADE70223F4E70023BC
:1024F000F2E70123F0E702239CE700239AE7012398
:1025000098E7EB691B7B03F00F03174A5366B0E7AC
:10251000EB691B7B03F00F03134A1367ACE7EB690E
:102520001B7B03F00F03104AD367A8E7E36923F08E
:10253000090396F82220134396F82120134343F011
:10254000010304F58052D361A9E769682046FFF7CB
:1025500093FEABE7E39BBDFFFFF9F0870000015B53
:1025600000000A5000400A50009003502DE9F84343
:102570000D4614461E469DF820809DF82470072ABB
:1025800029D8930000FA03F203219940214807F06B
:1025900051FE4FF00009072C29D8A10005F00302D5
:1025A0008A40032303FA01F11B4807F043FE5EB3A0
:1025B0001A4A0123A3401360B8F1000F26D0184A2D
:1025C00013600122A2401749C1F8202407B3164A1C
:1025D0001360BDE8F883A2F108094FEA890300FA05
:1025E00003F203219940114807F024FED3E74FEA94
:1025F000890905F0030202FA09F2032101FA09F13F
:102600000B4807F017FED2E70A4AD2E70A4AD7E793
:102610000A4ADDE700C4035008C4035010D4035035
:1026200014D4035000E0035024D4035004C40350D6
:102630000CC4035010E4035014E4035024E403508A
:10264000F8B504460D461E4617463AB1FBB10122C5
:102650008A4000EB400109011D4B5A50072D1ED83E
:10266000A90004EB44031B0107FA01F20F2000FA52
:1026700001F11848184407F0DDFD3FB9FEB1012211
:10268000AA4004EB44042401114B1A51F8BD012265
:102690008A4000EB400109010F4B5A50DEE7A5F1DB
:1026A00008039B0004EB440C4FEA0C1C07FA03F2EE
:1026B0000F2199400948604407F0BCFDDDE7012285
:1026C000AA4004EB44042401034B1A51DEE700BF87
:1026D00040D0035034C0035040E003503CC003508E
:1026E00010B50C4B4FF48002C3F88020BFF34F8F1E
:1026F000BFF36F8F084B00245C65FF229A625C6019
:1027000021462020FFF7A4F821462120FFF7A0F85A
:1027100010BD00BF00E100E00000045029B9044AE8
:10272000012303FA00F010607047024AF8E700BF87
:10273000401004504020045010B5044601212020D0
:10274000FFF786F801212120FFF782F8114B0122C3
:102750005A60227812069A606178A27842EA0142B1
:102760009A61FF229A6200229A631A644FF0004233
:102770005A6503F500534FF0FF321A65064A4FF4CD
:102780008001C2F88011E3781B01DBB282F81633B6
:10279000116010BD0000045000E100E070B50C466F
:1027A000C3B201259D40204E06F500531D65096802
:1027B000830003F1A04303F588235960637B00EB9A
:1027C000400106EB01110B6694F80AC0E37A1B0581
:1027D00043EA0C4394F80CC043EA4C53CB6522F017
:1027E00003020A6707F0C6FC736D2B437365237AF7
:1027F0000BB10E4B1D64637A0BB10C4B9D632379B7
:10280000A27942EA0342084B03F500518A616679D6
:10281000E27942EA064203F58054A2614D639D6469
:1028200007F0AEFC70BD00BF000004500010045063
:1028300010B5C0B20124844007F09CFC044B5A6DD3
:1028400022EA04025A659C6207F09AFC10BD00BFA0
:102850000000045010B5C0B20124844007F08AFC87
:10286000084BDB6A234205D1064B5B6B9C4306D0C9
:10287000002400E0002407F083FC204610BD012462
:10288000F9E700BF00000450074B4FF480325A664E
:1028900003F5E6239B69C3F38512827003F03F02C0
:1028A00042701B0B0370704700900050074B9B68F1
:1028B00013F0020FFAD1054B5B6813F0020FF5D14C
:1028C000024BDB69002BF1D1704700BF00800A503A
:1028D000064B5B6813F0010F03D0044BDB69002B40
:1028E000F6D1024B02221A61704700BF00800A50E5
:1028F00008B5FFF7DBFF034B03F5805101224A6067
:102900001A6108BD00800A5008B5054B5B68012BB1
:1029100000D008BDFFF7DCFF024B01225A60F8E748
:1029200000800A5000A00A5010B50446FFF7BEFF11
:10293000084B5B68012B05D0237843B10122054B7E
:10294000DA6010BDFFF7E0FFFFF7B0FFF4E7002209
:10295000F5E700BF00800A50D8B90B78D3B1012346
:102960004A6812B1127843EAC2034A78A2B102223D
:1029700013438A6812B1127843EA82138A786AB1E3
:1029800004221343CA6812B1127843EA4223044A6C
:10299000936470470023E3E70022E9E70022F0E7B1
:1029A00000800A5008B9014B5964704700900A50E2
:1029B00008B9014B5964704700A00A5008B9014B8F
:1029C0001964704700A00A5010B9024B186C704788
:1029D0000020704700800A5048B911B1012903D086
:1029E0007047044BD86C7047024B186D704700203D
:1029F000704700BF00800A5040B911B1012903D0CF
:102A00007047034BDA647047014B1A65704700BF8B
:102A100000800A5038B5044608F045F8064DA44633
:102A2000BCE80F000FC5BCE80F000FC59CE8030011
:102A300085E80300002038BD6811002047F6FF73C9
:102A40009A427DD009297DD870B5414B13F801E039
:102A5000BEF1030F78D83F4B03EBCE0191F802C0D3
:102A6000604613F83E30012B26D03A4B03EBCE03E1
:102A70005C68002C6AD0B4F90030934204DBB4F9EE
:102A80000230934200DC1346A288FF2A2CD000219A
:102A90002826C8221D46D21A92FBF6F20A4412B228
:102AA0002C4B03EBCE0393F801E0964501DD002AA1
:102AB0002FDA0EF1FF322CE0CB78A3EB0C030024CD
:102AC0009C420ED2191BA3EB5101224800EBCE0011
:102AD000406830F91100904201DC0C46F0E74B1ED3
:102AE000EEE76344D8B230E0B4F90620B4F90860E8
:102AF0000121CFE75C331849A1FB03139B09013285
:102B000012B2164696450FDD04EBC2018988994240
:102B10000AD304EBC2018B68B1F9061001FB05333F
:102B2000002BE7DA0023E5E7013E04EBC604A288A8
:102B30009A4200D31A46624500D31046C0B204E060
:102B4000FF20704700207047002070BD0020FCE788
:102B500014B9000868110020D34D621009296FD8FC
:102B60003A4B5B5C032B6DD8394911F833100129BE
:102B70002AD010B4364901EBC3014C68002C63D055
:102B8000201D334901EBC3018978914234D2304989
:102B900001EBC301C978914233D92D4901EBC3033D
:102BA00093F801C00CF1FF3C5FFA8CFCA388FF2B6B
:102BB0002AD00023634529D2591C30F831109142A4
:102BC00024D30133DBB2F5E7214901EBC301C97816
:102BD000914200D20A461E4800EBC3008078121AC8
:102BE000D2B2091A8A4200DD0022194901EBC3035F
:102BF0005B6833F912007047B4F902005DF8044BCA
:102C00007047B4F90000F9E70123D3E74FF47A7174
:102C100001FB02F200EBC3004368D31AB0F90220B3
:102C200002EBD27103EB610393FBF2F3B4F9000002
:102C30009842E3DBB4F902009842DFDC18B2DDE72A
:102C400004487047034870470248D7E714B90008A2
:102C5000681100200080FFFF08B50348FFF7DAFE87
:102C6000012007F043FF08BD20B9000830B583B04C
:102C7000044607F03DFF08B103B030BD6946204669
:102C800007F013FF00B1FEE79DF80030124A1278FA
:102C90009342F1D00E2B06D164250F49204607F050
:102CA000F1FE28B1FEE7204604F084FB0546F4E778
:102CB0002946204607F0FBFE00B1FEE7064B1B78D5
:102CC0000A2BD9D16946204607F0EFFE9DF8002077
:102CD000014B1A70D0E700BF5809002070B58AB0C8
:102CE00004460D4628220021684608F0C3F9032354
:102CF00000934FF41653ADF8063002228DF80820E9
:102D000001238DF809308DF80A208DF80B306423EB
:102D100003934FF47A7306936946204604F09AFBB6
:102D20000646C0B90C3D102D7CD8DFE805F0091B24
:102D300021272D33393F454B51575D63696F75002E
:102D40003949204607F006FF06462EB9FF212046E6
:102D500007F039FF064616B1204607F014FF30464B
:102D60000AB070BD3149204607F0F4FE0646ECE794
:102D70002F49204607F0EEFE0646E6E72D4920469D
:102D800007F0E8FE0646E0E72B49204607F0E2FEA2
:102D90000646DAE72949204607F0DCFE0646D4E776
:102DA0002749204607F0D6FE0646CEE725492046AD
:102DB00007F0D0FE0646C8E72349204607F0CAFEC2
:102DC0000646C2E72149204607F0C4FE0646BCE796
:102DD0001F49204607F0BEFE0646B6E71D492046BD
:102DE00007F0B8FE0646B0E71B49204607F0B2FEE2
:102DF0000646AAE71949204607F0ACFE0646A4E7B6
:102E00001749204607F0A6FE06469EE715492046CC
:102E100007F0A0FE064698E71349204607F09AFE01
:102E2000064692E7012697E768BC000868BB0008E1
:102E3000A8BC000848BC000808BC0008A8BB0008E3
:102E4000E8BB000888BB000828BC0008C8BB000815
:102E500088BC000848BB000828BB000808BB000865
:102E6000E8BA0008C8BA0008A8BA000800B587B0D8
:102E7000002301930293039304930593044B02935D
:102E800001A94FF0FF3007F05BFE07B05DF804FBCF
:102E9000006A180000B583B0094B93E80300009066
:102EA000ADF80410090C8DF806106846FFF702F91A
:102EB0000920FFF73DF9002003B05DF804FB00BFD7
:102EC00078BA000810B582B0074A536F43F0010387
:102ED0005367002400948DF804406846FFF716F805
:102EE000204602B010BD00BF0040005010B58AB0AF
:102EF000EC461B4C0FCCACE80F000FCCACE80F003D
:102F000094E803008CE80300164BD3F84C3113F41B
:102F1000002F07D0144B1C884FF6FF739C4205D13D
:102F20008C2403E00F4BD3F85041E4B28DF81940E4
:102F3000FEF70AFF241803D4FF2C02DDFF2400E073
:102F400000248DF818400948FDF7FAFB6846FEF7A3
:102F500021FE3220FEF7FEFE00200AB010BD00BFA9
:102F600080BA00080080E00F0001E00FC017530294
:102F70006FF0040307E003F00F010A4A0A445021EE
:102F8000117601335BB24B2B09DC002BF3DB03F131
:102F9000604202F56142502182F80013F1E70020FF
:102FA000704700BFFCEC00E010B5044607F0DBF80A
:102FB000024B1C6007F0DBF8002010BD90110020D0
:102FC00010B507F0D0F8034B1C6807F0D0F8204686
:102FD00010BD00BF90110020F0B58DB016461C4604
:102FE000129D002306930793089309930A930B936A
:102FF00023790BB18DF8183001238DF81E3006AB04
:10300000F361637993B10123049303937A4B0293A1
:103010007A4B019300230093794B0A46294600F02E
:10302000D3F9074620B138460DB0F0BD0223EBE7D7
:10303000A368EB63E369EB64237E85F8483063693A
:103040006B64237C85F84030636A6B6594F82030AC
:1030500085F85030E36AEB6594F8283085F85830ED
:103060002368AB6301213A20FEF7F2FB012304221F
:103070006169207CFFF7E4FA01230222E169207EE6
:10308000FFF7DEFA0023337085F860300121A06875
:10309000FEF7DEFB6379002B41D05A4AD2F8283183
:1030A00023F0070343F00103C2F82831A368562B2D
:1030B00002D0B3F5A06F08D1524AD2F8203223F0E3
:1030C000070343F00103C2F820323146206807F0BD
:1030D000A5F895F8603043F0040385F86030E268A5
:1030E000494B263203EB421210215160217C60696A
:1030F000E26841EA004103EB4212C2F8DC14227E8E
:10310000E069E16842EA004203EB4113C3F8D424CA
:103110002379032B6ED8DFE803F0511A41490121CE
:103120003620FEF795FBA368562B02D0B3F5A06FAF
:1031300008D1344AD2F8203223F0070343F00303C6
:10314000C2F820323146206807F06EF8C7E795F8DC
:10315000603043F0010385F860300026002302222E
:10316000616A94F82000FFF76BFA94F82020616AF6
:10317000E36842EA01425B0103F1A04303F57033C7
:1031800041F2CC415A50DEB9AB6B03F580530422B7
:103190001A650521206807F016F844E795F86030B5
:1031A00043F0020385F860300126ECE795F86030C3
:1031B00043F0030385F860300126CFE70026E2E7FD
:1031C00000230422E16A94F82800FFF739FAE36843
:1031D0000D4AA63302EB43130221596094F82830BC
:1031E000E06AE16843EA004302EB411241F2D04158
:1031F0005350C9E7232716E7FDA2000879A300086A
:10320000ADA300080080005000C00350002807DB79
:1032100000F01F02400901239340024A42F8203087
:10322000704700BF00E100E000280CDB00F01F0247
:103230004009012393402030034A42F82030BFF375
:103240004F8FBFF36F8F704700E100E010B586B07D
:103250001446137A03EB43031B0103F1A04303F568
:103260008023DA6EE16823690B449A4216D06169C3
:10327000914215D38B1AABB90123637694F82D30A4
:103280004BB1002384F83530E36913212046984779
:10329000636A20469847002006B010BD0A46E6E75C
:1032A0009B1AE8E7049406490391002102910193D7
:1032B000012300936368216806F07DFBEBE700BF04
:1032C0004D32000838B504460568FFF779FE8442A0
:1032D00022D095F93630002B08DB03F01F015B0983
:1032E00001228A4060330E4941F8232095F93600C7
:1032F000FFF79AFF287AFDF769FC287AFDF7CAFBE9
:10330000FDF7A2FB002323606360A3602361636178
:10331000AB6A2846984738BD0020FFF745FED8E73E
:1033200000E100E030B589B0044600234376007A1E
:10333000FDF70CFC207A00EB40031B0103F1A043D6
:1033400003F58023DA6EE56823692B449A4219D08D
:103350006369934218D0012323760DF11F01FDF715
:10336000B3FC9DF81F3043B30DF11E01207AFDF729
:103370007DFC9DF81E3003BB22460021207AFFF71A
:1033800065FF1AE02A46E3E700232376656194F897
:103390002D3003B12563636A20469847236904945E
:1033A000084A03920022029201930123009363686A
:1033B0002A462168207A06F0FEFA207AFDF7E6FB1D
:1033C00009B030BD4D320008F0B587B006460C4656
:1033D00015461F4638220021204607F04BFE95E88F
:1033E000030084E8030000232376EB68E3602A6986
:1033F000226163612A7D84F82C20AA7D84F82D2027
:103400002363012384F8343084F83530E7610C9B62
:1034100023620D9B63620E9BA36295F9083084F8CA
:1034200036303460214B7360214BB360214B3361E4
:10343000214B7361214BF360FDF756FB10B1204A1D
:1034400090422DD1002104F10800FDF7CBFA48BBD2
:10345000236904941B4A03920022029201930123E0
:1034600000936368E2682168207A06F0A4FA0446B3
:10347000D0B995F90830002B08DB03F01F015B0978
:1034800001228A406033104941F8232095F9080051
:10349000FFF7BCFE3046FFF787FD204607B0F0BDC2
:1034A0001024FAE71024F8E71024F6E765A50008D1
:1034B0005BA600088DA4000893A40008C53200088C
:1034C000038000F04D32000800E100E0BFF34F8FB1
:1034D0000549CA6802F4E062044B1343CB60BFF3B2
:1034E0004F8F00BFFDE700BF00ED00E00400FA05CC
:1034F000BFF35F8F074B5A6A22F480325A62D3F8C7
:10350000942022F00102C3F89420BFF34F8FBFF341
:103510006F8F704700ED00E070B5FFF7E9FF234CB7
:10352000234EB4423ED026F01F05203DA0220021AC
:10353000204807F0ABF8B5F1005F0DD31E490B68CA
:1035400045F001051D4AC2F898301D48C2F89C009C
:10355000C2F8A05001330B60B44210D01F3424F0E5
:103560001F0444F0030414490B68144AC2F898304D
:10357000C2F89C401348C2F8A00001330B60BFF3AF
:103580005F8F0E4B0522C3F894205A6A42F48032B2
:103590005A62BFF34F8FBFF36F8FBFF34F8FBFF3ED
:1035A0006F8F70BD4FF08045C0E700BF800A0020DC
:1035B000800A002090ED00E09411002000ED00E072
:1035C00003000020E1FFFF3F4161114B1B68CBB1BD
:1035D00010B4002403E0891A41611C469B6823B1A2
:1035E0005A698A42F7D9002AF5D044B1A0608360B5
:1035F00013B15A69521A5A615DF8044B7047044A74
:103600001060F4E7024B186000238360704700BF2E
:10361000A01100200E4B1B68002201E01A469B6897
:103620000BB18342FAD183420ED14AB183689360D1
:1036300083685BB15A6941690A445A610020704746
:103640008268034B1A60F3E702207047002070473E
:10365000A01100200A4B1B6800220A490A7005E0ED
:10366000084B01221A70704759690A44012A06D88A
:10367000D98811F0020FF3D19B68002BF4D1704769
:10368000A01100206216002008B500F053F90B4B82
:103690001B680B4A1268821A03E0521A0021596112
:1036A0009B683BB132B159699142F6D3891A59618D
:1036B0000022F5E7024B186008BD00BFA0110020F2
:1036C0009C11002010B50B4B1B685B695BB10A4A6B
:1036D00014681C44022006F0FFFF204600F038F971
:1036E000FFF7B8FF10BD022006F0F6FF022000F041
:1036F00081F9F5E7A01100209C11002010B506F01B
:1037000039FD0446144B1B78DBB9144A1360144A84
:103710001360144A138000F0D1F8012006F0DCFF9A
:1037200007F008F80246104B186078B100230F48E4
:1037300040F2E73105F0A8FC0D4B1860064B012262
:103740001A70204606F01CFD002010BD204606F031
:1037500017FD2320F9E700BF63160020A011002009
:103760009C11002040160020A411002018FCFFFF2F
:10377000981100202DE9F843044610F0010F04D100
:1037800014F0020F10D1BDE8F883494A13889BB2A8
:1037900001339BB21380FFF777FF464B1B68002B6A
:1037A000EED0FFF78FFFEBE706F0E4FC0546FFF7EE
:1037B0006BFF00273E4643E09B683BB15A692AB93C
:1037C00021791A799142F7D91C46F5E7284606F087
:1037D000D7FC2569002D3AD10025A8462F46002D9B
:1037E00046D0236903B3FDB9B8EB0707A38B6BB1D0
:1037F000E28B13449BB2E383B3F57A7F06D3A3F540
:103800007A73E383013FA369013BA36106F0B2FC35
:10381000054639462046FFF7D7FEA36922691344BF
:10382000A361284606F0ACFCE7880136E36813B1D3
:1038300021682046984706F09DFC0546FFF724FFC7
:103840001C4B1C68F4B16369E3B92346B5E7A8468D
:1038500000F070F8A369C71AFA17AF4272F10002BC
:1038600004DB22691344A3610125B8E70025B6E70C
:1038700006F080FC81462046FFF7CCFE484606F065
:103880007FFCAEE70C4B00221A70012E06D05CB113
:10389000FFF718FF284606F073FC74E717F0020FD5
:1038A000F5D001221A70F2E7022000F089F8F1E762
:1038B00040160020A01100206116002010B586B02F
:1038C00000248DF8144001218DF804108DF8054076
:1038D0008DF806400294039404943E20FDF7B8FF4F
:1038E00005A8FFF721F88DF8044001A92046FFF74D
:1038F00033F80F212046FFF75BF80F212046FFF732
:103900005DF8FEF7F5FF094B5B6813F0010F03D07C
:10391000064BDB69002BF6D1044B00229A61044B65
:103920004022C3F888219A6006B010BD00800A507A
:1039300000E100E0054B5B6813F0010F03D0034B7F
:10394000DB69002BF6D1014B9869704700800A5063
:10395000F8B5044606F007FC0646FFF7EBFF054600
:1039600006F0B4FE07460020FFF72EF810F0020F15
:1039700004D17B1B032B01D8BD420FD1631B022B4B
:1039800000D8EC1CB4F1FF3F2CBF2246621E002180
:103990000846FFF731F8022006F09EFE304606F09A
:1039A000E6FB054B1B782BB1044B01229A64024BBA
:1039B00000221A70F8BD00BF790A002000900A505A
:1039C00008B510F0010F0ED1002110F0020F06D043
:1039D00041F002010123054A1370054A9364002057
:1039E000FEF7E6FF08BD0121EFE700BF790A0020DE
:1039F00000A00A5010F0020F02D0024B02221A64FB
:103A0000704700BF00900A5010B50446FCF77CFEDA
:103A10000E4BA3FB0023B0F57A7F12D39B090C4A0F
:103A2000B2FBF3F20B4B98420BD84FF47A7304FBC2
:103A300003F3B3FBF2F30848A0FB03204008022B7A
:103A400000D810BDFCF794FBFBE700BFD34D62101C
:103A500040420F00E7CD9A3BABAAAAAA10B50A468E
:103A60000446A1B10E4A0F490F4801F08BF94FF0FF
:103A700054320E4BC3F8D820552283F8DE20FF22A3
:103A8000A3F8DC20802283F8E3204FF401524FF4A6
:103A90000151204603F000FA03F01CFA002010BD8B
:103AA00090BD000898BD000860BD0008003E00B051
:103AB00007B50C4AA2F8DC10437D0C3B052B4FF0F8
:103AC00000030DD901938DF80410D2F8D83069465F
:103AD0001BBA0522009304F027FA03B05DF804FB3B
:103AE0001846FAE7003E00B01FB50E4BC3F8D810D9
:103AF00083F8DE20427D09BA0C3A052A89BF0022EC
:103B00000422B3F8DC30CDE90212019185BF052211
:103B100002A90DEB02018DF80C3004F005FA05B096
:103B20005DF804FB003E00B02DE9F04F894647F6F2
:103B3000FF75097F89B0122928BF002103920190E7
:103B400003F01EFE4FF0000E99F81C30F34606936A
:103B5000069A019BF0465A75874B884A1D80526928
:103B6000874B884C5A6109F1170305936FF01F03C7
:103B7000A3EB0903CDF810E00793059B13F801AF01
:103B8000BAF1040F059304D059F82B300293013396
:103B90005AD14FF0FF33E38123820023C4E900337D
:103BA00023764FF0000363820BF1010BBBF1040F8E
:103BB00004F124040EF1240EDFD1B8F1000F01D07E
:103BC0006D4B1D80704B049A83F8E520069A83F8AC
:103BD000DF2099F81D309B070DD56A4B6B4A196899
:103BE00091420BBF6A4A6B4A1A601A600CBF6A4A5C
:103BF0006A4A52695A61039B61490198002B00F09F
:103C0000B48003F003FA604B019893F8DE20D3F8F8
:103C1000D810B3F8DC50FFF767FF044620B92946F7
:103C20000198FFF745FF044699F81D204FF4002145
:103C300012F0010218BF4FF40022019803F02CF992
:103C4000204609B0BDE8F08F079B059A33F9127042
:103C5000039B002B69D0BAF1020F1CD0BAF1030FFD
:103C600036D0BAF1010F49D1A446BD42C8BF3D4686
:103C70004B4E039B7644C8BF98460FCEACE80F006E
:103C80000FCEACE80F003368CCF80030029B67829F
:103C90006360102315E0A446424EBD4276440FCE29
:103CA000ACE80F000FCEACE80F003368C8BF3D464C
:103CB000CCF80030029B67826360039BC8BF9846C4
:103CC0000123049A03FA0BF31A43D3B204936BE76C
:103CD000A446354E039BBD427644C8BF98460FCEDE
:103CE000ACE80F000FCEACE80F003368C8BF3D460C
:103CF000CCF80030029B6782636055E7A4462B4BEB
:103D0000BD4253F82A309E6876440FCEACE80F00CF
:103D10000FCEACE80F003368CCF80030029B67820E
:103D2000636025DC2F463D463EE7A4461F4BBD425F
:103D300053F82A30C8BF3D469E68C8BF4FF00108FF
:103D400076440FCEACE80F000FCEACE80F0033681E
:103D5000BAF1020FCCF80030029B67826360AFD0EB
:103D6000BAF1010F7FF420AF93E706F016FE4AE7A1
:103D7000DDF80C80D7E700BF6E0A002070F4000861
:103D800060090020A8110020003E00B030070108A3
:103D900078020108C0FD000880F60008A8F50008B8
:103DA00018F50008F0F5000888F4000878090020EC
:103DB000FF28074B09BF0A6851F82020C3F8782272
:103DC0004A6818BFC3F87822C3F87C22704700BF46
:103DD000004001B8144BFF281870144A144B09D145
:103DE0001821C2F8FC131022C3F8FC23114BD3F89E
:103DF00074320DE0C0431821C00000F00800C2F882
:103E0000FC13C3F8FC030028F0D10A4BD3F8783236
:103E100040F2FF31054AC3F30903C2F80C11A2F5C1
:103E20008052C2F80C31704764160020002002B89E
:103E3000001002B80080E00F014B1878704700BFF7
:103E4000641600204FF03A43D3F81421D2031ED554
:103E50004FF480320E49C1F81421A1F58051C1F808
:103E600018215A6DD1B2C2F30722C3F8A410C3F8C7
:103E7000A4200422C3F8A4200022C3F8A420C3F87D
:103E8000A420C3F8A420C3F8A420C3F8A42070473A
:103E9000002000BA054B012218604FF03A435A67E0
:103EA00040F6FF72D96418651A6770473C1200200B
:103EB0002DE9F04105460124006800F007000630B6
:103EC00004FA00F3A868EC685E1EA04262D000EA23
:103ED000060E6C6810441E430640A3EB0E000EEB6A
:103EE000040C8242644618D9D31A0EEB030298B12F
:103EF000431E052B04D94B1CACEB0303022B59D8F2
:103F00000B460844ACEB010E03EB0E0113F8014B1A
:103F100083420C70F8D101466C688AB1531E052BA0
:103F200001F1010302D9E01A022812D80A44611EE5
:103F300000E0013313F8010C934201F8010FF8D1AE
:103F400006F011F90223AE60AB62BDE8F04106F065
:103F50000EB90B46204622F0030E8E4453F804CBD4
:103F6000734540F804CBF9D122F00303D01A92072D
:103F700001EB030C04EB0307E2D0CA5C0128E25416
:103F8000DED09CF8013002287B70D9D09CF802303A
:103F9000BB70D5E7042A35D90878043AA861487877
:103FA0000431A86111F8020CA86111F8010CA86194
:103FB000A8688CE70B4620F003070F44ACEB010E1A
:103FC0001C684EF803400433BB42F9D120F00303D0
:103FD00010F0030F01EB030EA0EB03040CEB03073F
:103FE00028D011F80380012C0CF8038022D09EF811
:103FF0000130022C7B7018BF9EF80230084418BFB5
:10400000BB7088E7013A032A12D8DFE802F00F15E7
:1040100007020B4613F8012B1946AA610A4612F84B
:10402000013BAB61114611F8013BAB610B78AB6111
:10403000BDE8F08108446EE70A46F3E738B50B4661
:10404000154601464FF03A4470B101221048C4F8B9
:10405000F4201A46FFF72CFF25B14FF03A43042213
:10406000C3F8F420002038BD73B1D4F8D8209A42A8
:1040700084BF0122C4F8F4204FF03A42C2F8D43091
:104080000223C2F8F430E7E70123C4F8F430E3E791
:10409000CC0000BA10B506F066F84FF03A430122A2
:1040A0005A67C3F8B420C3F88C20154A1549C3F8E1
:1040B00090200722C3F8B020134B04461A80002337
:1040C000124A13804FF4A022C1F81421A1F58051A7
:1040D000C1F818210E4A13600E4B5B6C5B020AD5C7
:1040E0004FF480020C4B18680C4BD8305A6450F8CF
:1040F000A01C01F027F82046BDE8104006F037B8B4
:10410000880A0020002000BA441600204216002031
:1041100038120020000002B8A4120020002002B8CB
:1041200007220D4B01211A8000220C4B1A804FF000
:104130003A43C3F8F410C3F8CC204FF40052C3F84C
:10414000D000C3F8F020F022054B9A64A022A3F51A
:1041500080539A64FFF79EBF441600204216002049
:10416000006000B82DE9F041044688B105F0FBFF7E
:104170003D4E3E4A3388032C03F0780105463C4F00
:1041800003F07F0C11445DD13C6824B905F0EFFFCA
:104190000320BDE8F08124F00104386820F001001C
:1041A000A04254D100223A6022888C426FEA4242F7
:1041B0006FEA5242228040D12E4CDFF8D0C02788CF
:1041C000ACF180083A46083A92B201F10800604525
:1041D00028BF4046082A04D9B0F900E0BEF1000F1C
:1041E00040DB228088780C884FF03A413B449B1A90
:1041F000DBB2C4F30C048C653380C1F89830C1F88D
:10420000B0204FF480221C4B00F00700C3F81421AB
:1042100001221A4BC3F88421FFF714FE04280CD1A5
:104220004FF48002164B5B6C164B1868164BD83057
:104230005A6450F8A01C00F085FF284605F097FF4F
:104240000020A6E7601E012898BF0C46A5E7094894
:1042500062440088A21A48BF803208389042A3DC2A
:10426000284693E70146AEE742160020880A002060
:104270003812002044160020002000BA00E100E0BF
:10428000000002B8A4120020002002B8080B002091
:104290001249134B0A881B8812481344083292B201
:1042A0000A804FF03A41C1F8B0204FF480210E4A05
:1042B000073BC2F81411012103F0780303449878F6
:1042C0000A4A00F007000428C2F8841103D1084903
:1042D000CA681203FCD4074A1360704744160020D2
:1042E00042160020880A0020002000BA00E100E009
:1042F000000002B83812002010B5054C206828B123
:10430000C30701D4FFF72EFF0023236010BD00BFB9
:10431000381200204FF48033084AC2F81831A2F551
:104320008052C2F814314FF03A43D3F8AC30C3F3A3
:104330000C03782B01D8FFF785BD7047002000BA29
:10434000034B1A6802609B8883800020704700BF7F
:10435000700A002010B5044600F06AFD063C074BC9
:10436000032CD3F8F80706D800F4C020B0F5C0201D
:1043700018BF012010BD0020FCE700BF000002B8FC
:1043800008B50E4BD3F8FC37FF2B0ED0C3F3421108
:1043900003F01F03013303EB4112FE2A88BFFE2303
:1043A000074A98BF03EB4113137000F09DFD41F6DF
:1043B0006A03B0FBF3F0034B186008BD000002B8BD
:1043C0007D0A002040120020063803289ABF024BC5
:1043D00018780020704700BF7D0A0020334BD3F8C7
:1043E000F827D3F8FC17324B1B68D3F8C83013B149
:1043F0001A68032A2BD82F4BDB6BC3F3C20013F0D0
:10440000380F03F0070218BF424313F4E07FC3F3F1
:10441000821000D04243C1F34213022B234919D921
:10442000062A37D9D1F8FC3313F0010335D14FF008
:10443000E0702149092AC1F82C012048C0F82C312C
:104440006FF0FF03C1F828311DD91D4B1DE09A6A9A
:10445000520EE0E70023D1F8FC13C907E7D5032A81
:104460001CD84FF47C71144A43F44C73C2F82C11DD
:104470004FF0E071C2F82C111049C1F82C316FF0E7
:10448000FF03C2F828314FF408530C4A0020C2F849
:10449000283170474FF40003DDE700234FF47C70B0
:1044A000054943F43873C1F82C01C0E7000002B895
:1044B000A4120020008001B8002002B8001002B849
:1044C000002DB00BF8B5834D04462978002950D152
:1044D0002C22814806F0CEFD2378804FFF223B70CE
:1044E000638800247B807E4B4FF48150C3F8DC400E
:1044F0007C4B1A7007227C4BD3F8F817D3F8FC6773
:1045000003F50053C3F8FC234FF47072C3F82C2159
:10451000764A4903C3F830214FF00102C3F8342131
:10452000C3F86C014FF40060A3F58053C3F86C012D
:1045300026D4C3F8FC234FF4307216F0E00FC3F812
:104540002C2108BF4FF480524FF0080008BFC3F879
:104550006C21FDF71FFE4FF4780420226449C1F856
:104560006C213A78063A032A2BD8DFE802F0156B63
:104570006E7300235F4AC2F8FC305F4A1370ABE7EA
:104580000421C3F8FC1380210920C3F82C11C3F8BF
:104590003421FDF7FFFDE0E716F0E00FC6F342120D
:1045A00004D144F40C3444F440740AE0012A1BBFE3
:1045B0002020524A44F4C134C2F86C0118BF44F4BC
:1045C0008024C1F83041FFF709FF002839D14C4B56
:1045D0001A68B2F1406F474A5BD3D3F87C120131BD
:1045E0003BD0D3F87C12C9B2C2F8DC10D3F88032C9
:1045F000404ADBB24249C2F8E430D1F88432013398
:1046000043F63F7332D0D1F884421C40C2F8D84000
:10461000D1F888120B40C2F8E030394BD3F88C1235
:1046200001312CD0D3F88C1201F0FC01C2F8F0104B
:10463000D3F8903203F0FC032E4AC2F8F430012381
:104640002B70F8BD44F40834ADE744F4A73444F4C7
:104650008074B6E744F4FE44B3E72349D1F8283127
:10466000DBB2C2F8DC30D1F82831C1E71E4CD4F8F7
:1046700024111940C2F8D810D4F82411CAE71A49F5
:10468000D1F8343103F0FC03C2F8F030D1F8343102
:10469000D0E71549D1F8F847D3F83012C9B2C2F8BB
:1046A000DC10D3F83432DBB2C2F8E430630357BF16
:1046B00043F62B3341F61B33C2F8D830C2F8E03052
:1046C00049BFC2F8D830FC23C2F8E030DC23C2F87E
:1046D000F030B1E766160020D43F00B0700A002029
:1046E000004001B87C0A0020000002B800FFFF0073
:1046F000001002B8003F00B065160020002002B88C
:104700000080E00F2DE9F04F846C4C22022C38BF62
:1047100002248E49013CCB6CD1F8DC508C49C3F3A8
:104720008213DA400B688046A34290F804A1C77D4B
:10473000884BDFF854B287B002F0010219D1187823
:10474000904216D184480078504512D1D8F84C00D8
:1047500078B1A8420DD18148D0F8F800860608D477
:104760007F480078B84204D1BBF8040007B0BDE828
:10477000F08F9BF800000C601A70FFF725FEFF2FEA
:104780008146764940D1AAF10603032BD1F8F810EF
:10479000744B2FD88D064BD540F2FF310127C3F85B
:1047A0008810BB0843F438736F49C1F888306D4BEB
:1047B0000121C3F8E010002A4FD0D8F8C850002DCE
:1047C00044D02B6840F27126082B34D800F08CFBC3
:1047D000B0FBF6F0192360430025B0FBF3F0294647
:1047E000059005A806F022F80602059C46F0110681
:1047F0002D0461E088061CD540F2FF31C3F8881013
:10480000FB0843F44073CFE7431EBB4228BF3B463F
:10481000012B38BF0123D1F8F810DFB2890608D583
:1048200040F2FF304F491B06C1F88800E8D4B8E7D2
:1048300001274D4BBCE795F8385000F055FBB0FB15
:10484000F6F019236043B0FBF3F0C8E700F04CFB2F
:1048500040F27123B0FBF3F0F3E700F045FB40F2C8
:104860007123B0FBF3F619236643B6FBF3F63F4B17
:104870009821A3FB062303A8039305F0D7FF039C0D
:104880003B4A361BA2FB06120190342104A8049275
:1048900005F0CCFF049D0090761B302105A80596FD
:1048A00005F0C4FF019B009A1E02059B2C4446EABA
:1048B0000216304D06431C442F4B40F6C7021868C1
:1048C0002B21003818BF012002F0AEFDFA222A4B3E
:1048D00002FB04F01B6840F6FF72B0FBF3F00A2302
:1048E0005843204B00F57A74C3F8D820A3F58053C1
:1048F000C3F8D860A3F58053C3F8DC501F4B204E9B
:104900001B78C6F8D4700BB9C6F8FC7086F8FB901B
:1049100000F58C50C8F84C501A4D14302C6000F043
:10492000C9FF4FF47A72C6F89800C6F8EC002B68FD
:104930000B49B3FBF2F3ABF80430074BB4FBF2F0D6
:1049400083F800A098F817300B700FE7004001B80B
:1049500088090020671600207B0A0020004F00B065
:104960007A0A0020006001B8005001B869C2F568F9
:10497000B97A146E3064FC004012002065160020E5
:10498000003F00B044120020700A002010B5104B08
:10499000024618780F4C0E2802D1FF20207010BD5F
:1049A000831F032B8CBFFF210121FFF70DFD9042D8
:1049B00028BF1046C0B2884238BF084623788342D9
:1049C000EDD0054B20701868FFF79CFE2078E6E7D5
:1049D000700A00207C0A0020A412002008B50E4BAB
:1049E000024618780E2812D0FF2A13D0FFF7ECFCED
:1049F000904228BF1046C2B2012A38BF0122074B9D
:104A0000C3F8FC200123064910460B7008BD0023A3
:104A1000FF22F8E70023F6E7700A0020003F00B00D
:104A2000651600200020044B1870044BD3F8D420E6
:104A3000C3F8FC20704700BF65160020003F00B09F
:104A40002DE9F0472D4B2E4C4FF47A76A36000F001
:104A50004BFA4FF4FA73B0FBF6F673430746294856
:104A6000190E1B021818284A4FF0000341F10001EB
:104A700004F00AFBA0F580730546236320B9662283
:104A80002B2102F0D1FC01254FF47A724FF0000A7D
:104A90006A4353465008310204F0F6FA1B4BB7F54F
:104AA0007A7F19601A4B4FEA0568894604461860F8
:104AB0004FEA152505D276222B21504602F0B4FC90
:104AC00001264FF47A73A8FB030103FB0511730859
:104AD000C01841F100010023324604F0D5FA0D4B15
:104AE000023419600C4B49F10009A408186044EA2B
:104AF0008974034B013C9C63BDE8F08702110100FF
:104B000000C001B820A1070040420F00541200204D
:104B1000501200204C120020481200201022044B9A
:104B2000C3F884215A600122024BDA60704700BF4B
:104B300000E100E000C001B838B501250A4B0201D0
:104B40009D504FF480730446084A8340536605F035
:104B50000AFB074AA540137823EA05031370BDE852
:104B6000384005F004BB00BF00E101B800E001B827
:104B700068160020044B01F0F071103041F0030181
:104B800000011950704700BF00C001B838B505F0EA
:104B9000F1FA084B084A1D6A92F8C9405A6EE4B20D
:104BA000520744BF1D6A013405F0EAFA284604F0B2
:104BB000030138BD00C001B8003E00B008B5222096
:104BC00004F072F94FF48022014BDA6008BD00BF97
:104BD00000C001B8064B1B68434303EB8171054BD2
:104BE0001B68A3FB003013F1004341EB000070474A
:104BF0004C120020481200200C4A20F0404301468D
:104C000010B5002014684FF00042E4FB0320084A6E
:104C1000890F126802FB0300064B9B6B984204D974
:104C200001330131C01A01F0030110BD5012002000
:104C30005412002000C001B8836833B10549C2682E
:104C4000096803F13043032A00D8704743F8041B76
:104C5000043AF8E7A009002070B50C68651C15D06F
:104C6000C4F302669E42C4F3074530D1A4B2944215
:104C70002DD804EB8506B24229D2141BA50824F0D6
:104C800003040E59340F04D0012C09D00022012353
:104C900003E06B1C51F8232000230260037170BDF8
:104CA0000D4C34F8133042EA03431A686B1C51F878
:104CB000234001EB83014B6822405E4036F0704494
:104CC000EAD11B0F032B04BF8B681A43E4E70135BD
:104CD00001EB8501C1E700BF14BD000870B51646A1
:104CE000054610B90124204670BD0029FAD042685B
:104CF000104B006803321B68920800F1304098475F
:104D000004460028EFD1002EECD0EA68A8680332F0
:104D10003146920800F1304005F0C7FD04460028F6
:104D2000E1D1D5E90402214600F1304006F0A2F9B4
:104D3000D9E700BF8C09002007B501A8FDF7A4FD45
:104D400042F201020C4B0D49C3F870224FF4FC7281
:104D5000C3F8E0205822A3F58053C3F8E020084AA6
:104D6000A3F61C7352F8040B43F8040B8B42F9D1E1
:104D700003B05DF804FB00BF006001B8104101B84A
:104D8000E8BC0008836810B4074C03F13043246882
:104D90001B689C4203D15DF8044BFFF79FBF0020C6
:104DA0005DF8044B704700BFA0090020002310B538
:104DB000174C012163643A20A364E364FCF748FDC7
:104DC0000122144B5A6102229A62E368C3F303631F
:104DD0000D2B01D0002BF8D111230F4AE3630F49AB
:104DE0000F48FFF77BFF00F071FE0E48FFF724FF2E
:104DF0000D48FFF721FF0D48FFF71EFF4FF08062BF
:104E0000044B5A61012203F580535A6110BD00BF63
:104E1000000002B8001002B894BD000850C200089B
:104E200078BD000848BD000860BD000830BD00081E
:104E300001230D4A0D49C2F8803291660C4A536035
:104E40000C4A53600C4A5360A2F580425360A2F5AD
:104E50004042536002F5C032536002F58042536015
:104E6000A2F500425360704700900050FF0B0016FF
:104E700000D000B8001000BA005001B838B50324C3
:104E8000FFF7D6FF124A134B134D1A6500F0FCFCD6
:104E9000FFF752FF114BC3F8104101232B6500F0BF
:104EA0004BFC4FF460736B614FF400732B65FEF79E
:104EB000C3FF0021FEF78EFF8022094B1C64A3F57F
:104EC00080535C64074BC3F884215A6038BD00BF2F
:104ED0000048F000000002B8001002B8005001B80D
:104EE00000A0095000E100E008B5FBF7F3FB044B1C
:104EF0001B6FC3F300430133B0FBF3F008BD00BFE9
:104F00000080005070B5044690B1A9B13A4A52F8F9
:104F1000043B834212D10023384A116CC907FCD4E8
:104F20009B0003F5804340331360354B01221A6424
:104F300070BD01330C2B02D1324D2CE0012352F80D
:104F4000041BA142F5D1304A32F81330E4E7C2F332
:104F5000016335F81300110C93B211F0FE0F43EA10
:104F60000043606820D00434CAB2022A216808D9FC
:104F7000D4E90160033AC3E9001698600C340C339D
:104F8000F3E704D16268C3E90012083403E0012AA0
:104F900001D1043419602268531CD8D10022174B68
:104FA0001A6003F58053C1E7120F072AEDD8DFE836
:104FB00002F00704090D1013181DC04303F5005338
:104FC0001860E2E71A6842401A60DEE703F5805392
:104FD000F6E705F05FFCD8E7012203F58053824035
:104FE000F2E7012203F500538240EDE71A6830EA48
:104FF0000202FBD1C9E700BF5812002000C002B86E
:1050000000D002B814BD0008441600200122014B54
:105010001A657047001002B80122014B1A657047EB
:10502000002002B84022014B1A657047002002B8E8
:105030004022014B1A657047001002B8064BDB682E
:10504000C3F30363984206D1044A936F23F0F0033D
:1050500043EA011191677047000002B8003F00B0B9
:105060002DE9F0470E4605F00EFC00248046DFF8DF
:10507000B4A0DFF8B49005F076F8DAF80C30074603
:10508000C3F30363012B0BD1711C35D005F0FBFB7F
:10509000A0EB0804384605F06AF8A642EBD80DE00C
:1050A000052BF1D00B2BEFD0023B012B09D9013698
:1050B00002D005F0E8FB384605F059F81848BDE87D
:1050C000F087D9F80C3013F4603FDDD0D9F81830F0
:1050D0001A04C3F3891512D4013602D005F0D3FBAC
:1050E000384605F044F82DB26FF4FF73A5F1C800FF
:1050F0009842B8BF1846E2E705F039F8BBE7731CE1
:1051000003D005F0C0FBA0EB08046FEA85556FEAF9
:105110009555384605F02BF815F5007FBDD0E3E72F
:1051200000FEFFFF000002B800C000B8044BD3F837
:10513000B03010B1C3F30332027003F00F007047B8
:10514000000002B8064B01F080015B6C03F48003A1
:105150000B4302BF4FF40012024BDA64704700BFEA
:10516000000002B8006001B870B52C4B0C461A78EC
:105170001AB92B4AD2F86C221A702A4A126D5205BB
:105180004AD51D78284B05F00F06B0FBF3F04043DD
:105190004FEA151505D140F299622B2102F044F92E
:1051A0000120224A0A217243B2FBF0F34843B3FBC9
:1051B000F1F602EB5002B2FBF0F201FB1633042BC6
:1051C000D2B207D8C3EB8310C3EB80035BB283B9C1
:1051D0006DB217E0C3F10B0303EB8303DBB2B3FB48
:1051E000F1F32B44DDB20F2DF2D9013AD2B2053DD5
:1051F000EEE7053B5BB293FBF1F31D44EBB26DB2FE
:10520000002D04DB002042EA0512226070BD01324D
:105210000533D2B25DB2F5E70220F7E77116002040
:105220000080E00F000002B8403B25008096980007
:10523000F8B50B46002213F8044B944225D91D689B
:10524000854224D106245A791D79124B88181E688C
:1052500004FB0503104F33F8063C7B43B3420ED9E1
:1052600000238A5A7A43964202D804FB0300F8BD11
:105270009D42FAD9013304FB03F2825AF2E740F26D
:105280005F423D21002002F0CFF80020EFE7083315
:105290000132D2E78812002040420F0000202DE9A1
:1052A000F04FA2FB016AB94FDFF824C3F7191D467E
:1052B0006AF10003BC4570EB030383B008D240F2EF
:1052C00059220E2102F0B0F8022003B0BDE8F08FA1
:1052D000D5F828908B461446B9F1000F04D0D9F8C0
:1052E0000030032B00F29381A94BAA4A9B6BD2F8A2
:1052F000FC90C3F31408A84B1B6F59074EBF4FF423
:1053000040039B0503F0E07348EA0308A34BD3F87E
:10531000EC305A0048BF48F0807848EA4468FBF710
:1053200009FA0746002CCFD00028CDD09C4B6E62E6
:10533000C3F800B09B4B984200F0B18103F51223F3
:1053400003F5F863984200F07381974B984200F0A0
:10535000B1810246002300204FF0007103F094FE5B
:105360000023013006FB03F300FB0A33A6FB000217
:105370001344203389499B092B60D1F8ECB3D1F851
:10538000F033D1F878A1D1F8A01000930846584026
:1053900030F47F630CBF0120002040F2BB2201915A
:1053A000102102F041F88BEA0A0232F47F634FF0D9
:1053B000100140F2C1220CBF0120002002F034F89D
:1053C0007A4A009BD2F86012C9B2FF291CBF2AF4A6
:1053D0007F6242EA0112764908BF5A468E4207D9D7
:1053E000211F012940F2278172498E4200F2238158
:1053F000B7FBF4F7C8F31301A1FB0717AB61684BC8
:10540000C90C41EA473118F4801F1F686A4B08BF76
:1054100049421960694B0F44C5E907B21F60B9F1F1
:10542000000F00F0328100236B60AB60D9F81C6084
:10543000D9F800A0002E49D0BAF10F0F97BF574BF3
:10544000B9F818B0D3F88C31C3F3832B524B98BF03
:105450000BF1080BD3F83C31B7FBFBF2DB0216D59E
:10546000002381EAE17EAEEBE17E5549C8F3815825
:1054700011F808C0194650084FEACC5CCCFB0E016D
:10548000009203F001FE009AC0F3130068605F45CC
:1054900004D3B2FA82F10D2940F30481334691031B
:1054A000B1FBF3F14B004FEAC23E0133520C01E075
:1054B00002330131A3FB06C0E64572EB0000F7D2D0
:1054C000C1F30E01090341F00061A960BAF1050FB3
:1054D00040F2DF80D9F82C60002E00F0B6803078E2
:1054E00004FB07F7A0F10400B0FA80F040F2265266
:1054F0003D21400901F098FF324B9F4240F201816B
:10550000314B9F4240F20181304A974294BF0222C0
:10551000032244F21421FF0B07EBC70307EB4303FD
:105520009B0B013B5B0232446B61567801FB07F237
:10553000B6EBD25F4FEAD25380F0E5802644B34207
:1055400040F2D7802644B34240F2E1802644B34281
:1055500040F2DF802644B34240F2DD802644B3426D
:1055600098BF052040F2C680002040F241523D2104
:1055700001F05AFF44F6776307FB03F3DB0D013BB1
:10558000B34280F0BC80002026E000BF006CCA88D7
:10559000008001B8004F00B0004001B8000002B820
:1055A0009012002000F04902005A62020080E00FD1
:1055B00000BBEEA000AE5EA78C1200208812002077
:1055C0001CBD000820D4CB8F00DAF89AE0DF25A6B6
:1055D000807C814A042804D8361BB34200F10100C4
:1055E000F8D303288CBF0020012040F24D523D210A
:1055F00001F01AFF01216B69A6F1140242EA86420A
:105600001343D9F800A06B6185F82C101FE0042B20
:10561000D9F828807FF483AE18F0807F14BF4FF450
:10562000400308F0E07328F0E07848EA030876E6E3
:1056300000233A4896E6019B2AF47F6A23F47F63AD
:1056400043F42A634AF4CC6BD2E685F82C6000233D
:10565000BAF1060FEB6018D9D9F83030ABB1FBF7CF
:1056600069F8D9F83010FFF7E3FD044608B18378F4
:105670001BBBFBF729F8D9F83010FFF7D9FD20B193
:10568000837813B1C3781B042B61002003B0BDE8FD
:10569000F08F0023002085F82C30EB60F6E7002324
:1056A0001F485FE6C1F10E0326FA03F302FA01F187
:1056B0000133F5E600231B4854E640794FF4AE620F
:1056C000003818BF01203D2101F0AEFE207940F2E4
:1056D0007152003818BF01203D2101F0A5FE237949
:1056E00062791B0243EA0213EB60E3781B042B612F
:1056F000BFE7012003288CBF0020012035E70120EF
:1057000073E7002205E701202FE7012201E70220CD
:10571000F0E70320EEE70420ECE700BF313641DC80
:105720000A3BB2DFD694BFD64FF40022014B0020D3
:105730001A657047002002B80E4BD3F88022D207BA
:1057400014D55B6E002B13DA0B4B9B6813F00C0F18
:105750000ED10A4B4FF480021A65064B5B6E002B8C
:105760004FF48043B4BF054A054A136500207047D3
:10577000034BEFE70080005000400950002002B8C2
:10578000001002B830B505460C468DB059B9334B00
:10579000827AD3F8FC30416831480A9300686B463E
:1057A000FFF77CFD6C462F4B22685A632B4BD3F8D6
:1057B000FC30002B3BD0636843B12B4B2B4AC3F822
:1057C0003C216268A3F58053C3F83C21A36843B130
:1057D000254B274AC3F81C21A268A3F58053C3F8C0
:1057E0001C21244AE168D2F8983194F82C0023F463
:1057F000EE630B43C2F898316FF078421E4B1F499D
:105800009A606269A3F580539A604FF44033C1F8FF
:105810008C3122691A4BC3F88C214FF40012D0B19D
:105820000A65FFF789FF1749606AFFF79DFC0020B2
:10583000A269104BC3F8A020E269C3F87821226A5C
:10584000C3F8F8232A89A3F5E0339A6203F5A0335D
:1058500018640DB030BD1A65E3E700BF004F00B01B
:10586000A4120020008001B8006001B8FFFF0F0003
:1058700000F0FF0F000002B800600C50002002B8DA
:10588000001002B8588001B84FF48062014B1A65CD
:10589000704700BF001002B840B10368012B05D962
:1058A0000069034B002808BF18467047004870473E
:1058B00024BD0008084BC1171A68A2FB000302FBB5
:1058C000013310F1807043F10003400E40EAC31031
:1058D000803820EAE0707047981200200722194BA8
:1058E00070B51A64FFF700FB174BC408010B05469F
:1058F000E005C018154A41F10001002303F0C4FB84
:10590000134B144E18601448FFF7D4FF4042C6F8FA
:10591000D00049F65800FFF7CDFFC6F89C000F48AD
:10592000FFF76AF9024660B1E301500818184FEA20
:1059300015714FF0000341F1000103F0A5FBC6F81B
:10594000A80070BD000002B8B2E60E0065CD1D00D3
:1059500098120020003F00B07011010040420F007B
:105960002DE9F047064608469846FFF795FF15468D
:10597000074616B308F0020918F004081FD1B9F160
:10598000000F1AD04FF47A7073685843002B40F020
:105990008680FFF78FFF28637369002B00F08580F6
:1059A0004FF47A72B86802FB0300A0F5FA50FFF7D3
:1059B00081FFE862B8F1000F53D1BDE8F08730698C
:1059C000002863D04FF47A735843BB68A0F57A601F
:1059D000C01AFFF76FFFA862B08B002859D04FF4B0
:1059E0007A735843BB68A0F57A60C01AFFF762FF6C
:1059F000E861324BF468D3F800A0002C4CD04FF48F
:105A00007A735C43BB68A4F57A64E41A7B68E41A91
:105A10002B4BE1171A68A2FB044302FB013314F17C
:105A2000807443F10003640E44EAC314803C254BA8
:105A30002C62D3F8B830244C6B6223684BB15046CB
:105A400005F07CF928B12A4639462368DAF87C004B
:105A50009847B069002104F070FF6863B9F1000F46
:105A600090D1B06820BB47F23050FFF723FF686148
:105A70004FF47A703368584323B13B6803F51C53E5
:105A800010331844FFF716FFA86196E74CF2503028
:105A90009FE74CF25030A9E74CF25034B8E73B682E
:105AA00003F51C531033184473E747F230507EE778
:105AB0004FF47A735843A0F5FA50D6E7A4120020A9
:105AC00098120020003F00B09412002070B5154CD1
:105AD0008CB001AD0FCC0FC50FCC0FC594E80700FB
:105AE00085E80700A02200210F4805F0C3FA202214
:105AF00000210E4805F0BEFAAC2200210C4805F04A
:105B0000B9FA05F07FF90B4B1B784BB1054E01AD8F
:105B10000FCD0FC60FCD0FC695E8070084E807002C
:105B20000CB070BDD43F00B0603F00B0E04F00B09B
:105B3000B43E00B06616002010B50B4B0B4A586AF5
:105B400014789A6A20F4706122F0E052C0F30320C6
:105B5000844241EA042142EA846235BF9A62596272
:105B600059629A6210BD00BF00C000B87C160020C8
:105B70000A4B197801F0FF0229B100211970084978
:105B80009202C1F80821597801F0FF0229B10021E1
:105B900059709302024AC2F80C3170477216002005
:105BA000005000B8084BD3F8FC0E084B9A6C11015A
:105BB00007D4074A926E920705D5D3F8F4339B07B2
:105BC00001D500F580707047003000B0000002B8C9
:105BD000004000B808B504F0C6FA0E4B1A78A2B916
:105BE0000D4A126812F4843F0FD10C4A102111653E
:105BF0001B7863B9084B1B68DB0508D4074B2022D0
:105C00001A65BDE8084004F0B2BA054AEEE7044B55
:105C1000F5E700BF76160020080B0020002002B830
:105C2000001002B810B504F09EFA0E2104460320BD
:105C3000FFF704FA40F20122034B2046BDE8104072
:105C4000DA6204F094BA00BF004000B80022044BAE
:105C50001A70044B197811B11A70FFF7BBBF704767
:105C6000751600207616002008B504F07CFA4FF077
:105C70000042264BC3F88020BFF34F8FBFF36F8FD6
:105C80000122C3F88420BFF34F8FBFF36F8F02222E
:105C9000C3F88420BFF34F8FBFF36F8F0422C3F884
:105CA0008420BFF34F8FBFF36F8F0822C3F8842087
:105CB000BFF34F8FBFF36F8F4FF08042C3F8802048
:105CC000BFF34F8FBFF36F8F1022C3F88420BFF351
:105CD0004F8FBFF36F8F2022C3F88420BFF34F8F05
:105CE000BFF36F8F4022C3F88420BFF34F8FBFF301
:105CF0006F8F4FF48072C3F88420BFF34F8FBFF3D0
:105D00006F8FBDE8084004F032BA00BF00E100E048
:105D100008B504F028FA4FF000420C4B1A6001223B
:105D20005A6004225A6008225A604FF080421A607A
:105D300010225A6020225A6040225A604FF480722A
:105D40005A60BDE8084004F012BA00BF00E100E06C
:105D5000012370B5074C2370074B1E68074B324078
:105D6000D3E900531940284001F0F8FB00232370C9
:105D700070BD00BF74160020A0120020080B002088
:105D80002DE9F047DDF8209003EA0108099B06465B
:105D90000D4602EA000703EA090AB9F1000F40F0D4
:105DA0007581031F0B4300F02481052871F1000366
:105DB00080F0F08050EA010300F0C081431E0B43E5
:105DC00000F03A81FFF750FFC04AD2E9004323EACE
:105DD000050324EA06043C4343EA0807BC4BC2E936
:105DE00000471E6826EA090646EA0A061E60FFF713
:105DF000F1FE16F0020F42F2020308BF0223B54A79
:105E0000B548D26E83EA020122EA0302C266B34AAF
:105E10000B408166D366C4F380421203230348BF5C
:105E200042F48072E50648BF42F40052A00648BF23
:105E300042F40072610648BF42F480622306A84B18
:105E400048BF42F40062DB68A64882EA030123EA05
:105E50000203C360A44B0A40BD058160DA6007F409
:105E6000007300F16781A14A1D46D2F8A41002F523
:105E70000052C2F8A410C2F8A0104FF05022C2F88D
:105E8000A4309B4AE00448BF45F48035A10348BFD5
:105E900045F4801582F89430A20748BF45F4800588
:105EA00014F4001FDFF8888206D0D8F8000004F050
:105EB00067FF08B945F40025E3028E4B48BF45F45F
:105EC0000035F8061A6A48BF45F40005610248BF6C
:105ED00045F4001585EA020323F0010386491A40C0
:105EE0000A621D40CB61854A854B16F0010F1D6289
:105EF000844B18BF13467A07834A48BF43F00063B8
:105F0000126F824883EA020122EA03020267804A92
:105F10000B40416613677F4A04F00103D26C3D04D5
:105F200048BF43F480637C4883EA020122EA03020B
:105F3000C2647A4A0B408164D364D8F800202002FE
:105F400048BF774B92F8292158BF764B610748BF6D
:105F500043F4806322B114F4C06F18BF43F480731C
:105F600032074FF03A42BDE8F047D2F8181148BF67
:105F700043F0004383EA010222F4A0226A48114060
:105F8000C0F818111340C0F81421684AC2F818313B
:105F9000FFF7BEBE4FF40043994208BF48454B4C43
:105FA00063D081458B41FFF40DAFA0F580630B43B7
:105FB00006D020F48063A3F500730B437FF402AF97
:105FC00004F0D1F8D4E9003223EA060322EA0502FC
:105FD00042EA08023B43C4E90032554A126892F88B
:105FE0002911514A09B313F4C06F1ED04FF48073C6
:105FF00011E004F0B8F8354AD2E9003123F0040387
:106000003B4341EA080157EA0807C2E900314FF46F
:106010008063454A0BD0C2F81431A2F58052C2F811
:106020001831BDE8F04704F0A2B84FF48073C2F80D
:106030001831C2F81431F4E704F095F8234AD2E994
:10604000003123F001033B4341EA0801C2E900317A
:106050000123314A57EA08071BBF9364A2F5805217
:10606000D364D36408BF9364DBE704F07CF8D4E91D
:10607000002323F400433A4343EA0803C4E900231E
:1060800057EA08074FF48063234AE5E750EA010323
:106090007FF498AEB9F1010F7FF494AE04F063F889
:1060A0000B4A136823F0010343EA0A0313604FF419
:1060B0008063164ABAF1000F04D05366A2F58052ED
:1060C0001367AEE713675366ABE700BF080B00200A
:1060D000A0120020004000B8006000B8005000B8D6
:1060E000004001B8006001B8005001B80040005005
:1060F000003F00B0000002B8002002B8041C0003FA
:10610000001002B80418000300C001B800E001B894
:1061100000D001B800C000B800E000B800D000B85E
:106120000D0A0A09090A0A09002000BA001000BA7B
:10613000A412002001234FF48025A2E6BDE8F087D9
:10614000024B5868C0F3C000704700BF080B002026
:10615000024B186800F00100704700BF080B0020D8
:10616000024B5868C0F3C030704700BF080B0020D6
:10617000034B1B6813F4C06F14BF0120002070474D
:10618000080B002010B50446FEF778FEFFF76CFD03
:1061900004F18000FDF7C4FFFEF708FEFEF750FC97
:1061A000FEF7BCFCFFF79AFB13490723134AD1F80B
:1061B000FC1004F1D800FFF7D3FB4FF080710020F2
:1061C000FEF7D8FC4FF000720D4B4FF40011012088
:1061D000C3F80021FEF7CEFC02F072FE20B940F2B7
:1061E000E722142101F020F9FFF79EFABDE81040E4
:1061F000012002F07BBD00BF004F00B0983F00B00F
:1062000000D001B8F8B5084C084D636C0423084F62
:106210006B64636C5B0300D4F8BD042602207E64CB
:1062200004F038FB6E64F4E7000002B8001002B816
:10623000002002B8A82238B51B4B5D6C03F5005353
:106240005A6410229A60A3F5804302F100521A6743
:106250005A66FFF78DFC154B1B7813B90320FEF728
:106260006BFC0024124B9C67FFF7CCFF114A124BCA
:10627000D2F8FC1E0B40C2F8FC3E04220F4B5A64BD
:106280000F4BC3F8D440FFF757FCAB0608D50D4BB6
:10629000D3F88830B3F5817F22BF8022024B1A6188
:1062A000BDE8384002F018B9000002B879160020A5
:1062B00000C001B8003000B0DF0000FF002002B8CD
:1062C000003E00B0003F00B010B551B920B3154BEF
:1062D000DB681B0E13F00E0F1ED1134B1B6CD9077E
:1062E0001AD4FFF79FFC0F4C0020FEF71FFF032876
:1062F00001D0092805D1A36ADA07F5D4A36CDB0322
:10630000F2D4FFF77FFF0122084B5A6102229A6202
:10631000042203F580535A644FF4C062044B9A651B
:1063200010BD00BF000002B800C002B8001002B8E3
:10633000006001B808B503210920FEF77FFE202286
:10634000014B1A6108BD00BF000002B80D4A10B52C
:10635000D2F8A030D2F8A4100B40B3F1804F0CD388
:106360004FF040400849094CC1F8A400D467C1F877
:10637000A0004FF48021064AD161034AC2F8A03040
:1063800010BD00BF00400050006000500000FF0141
:10639000001002B838B5054603F0E5FE0446FDF7E7
:1063A00079FE35B1FFF752FC2046BDE8384003F0D6
:1063B000DEBE084B1B78002BF6D0074B1D78002D56
:1063C000F2D1FFF743FC2A464FF480400021FFF74B
:1063D000BFFCE9E775160020741600202DE9F84F80
:1063E0005B4B06460D4614465B6C002A40F0AC80C1
:1063F00013F0A00F14BF4FF001094FF0000902F095
:106400006BF8FFF799FBA0234FF0000ADFF85C81DF
:106410000320C8F84430FEF78FFB0420FEF78CFB06
:106420004C4FFFF713FC4C4B4FF0040B7B67C7F846
:1064300078A0FFF7E7FE494B4FF48071D3F8CC2EDC
:1064400042F02002C3F8CC2EFF22C8F80820404AB0
:106450001161D3F8FC2E42491140C3F8FC1EC8F864
:1064600044B0C3F8D4AE7B6913F0060F04D0FEF736
:10647000A5FB5846FEF760FBB9F1000F09D04FF4B9
:106480000063384A53640223C2F8F433A2F5E032C1
:10649000936666B1344BDB6C180701D4FFF7C2FB7F
:1064A000FFF748FF0420FEF747FBFFF761FB284B8F
:1064B0005A69D10746D5DA6812F0706FFBD12B4BC1
:1064C0002B4A5A642B4A936F23F0F003936715B15C
:1064D0002046FFF75FFF284BD3F84C315A1C01D000
:1064E0005B0002D50122214B5A615CB31E4BDA6E70
:1064F00003F500539A6603F5D0331B6A1B4A23F059
:106500000103D3611D4BD96803F50053996003F56E
:106510000053D3F8841003F5005399674FF03A43C2
:10652000D3F8181103F50053C3F81411144BD96CA8
:1065300003F500539964134903F5803359664FF608
:1065400008435364BDE8F88F4FF0000957E700BFD8
:10655000000002B800C001B800000101003000B026
:10656000DF0000FF001002B8004000B8002002B8B1
:1065700010003000003F00B00080E00F004001B884
:1065800000C000B85000002FA64B2DE9F04F9A6EC6
:10659000DB6E87B002EA0308A34BC3F868804FF0B4
:1065A0003A43D3F81461D3F818311E409F4BC3F817
:1065B00014619F4B9A68DB6802EA030A9D4BC3F89B
:1065C00008A003F52043DA691B6A02EA03099A4B23
:1065D0009A4A09EA0303D361994BD3F80422D706F8
:1065E00006D4D3F80431DD06C3F3001740F1F5807B
:1065F00003F0B9FD934B5A695F6E12F0060F14BF9A
:10660000012200221B6F01921F408F4A27F0007366
:1066100023F400637C07536606D58C4A92F8C93090
:106620000133DBB282F8C93003F0A1FDB8F1000FED
:1066300000F0F48018F0020400F0EE80844B002596
:10664000D3F8F4B303F500530BF00702CBF3800447
:106650001BF0020FC3F8F4234FEA44542BD003F08D
:1066600082FD0290FFF79EFA0346764A106A116A8D
:106670008842FCD0106A8142FCD00393FFF792FA63
:10668000039B704A984240F0AA80029803F06FFD85
:10669000704A039B13606E4A526C12F4E05140F052
:1066A000A08023F07F4323F0DF030BB9FFF7C2FD87
:1066B0004FF080731C431BF0010F13D0644B5F49F4
:1066C0005B6C03F460424A64002A00F09F801A0465
:1066D00000F19F8013F4005F0CBF4FF000534FF0A8
:1066E00000631C43C8F340384FEA48085A4B334014
:1066F000002B4BD016F4206F0AD040F60F02062173
:10670000002000F091FE0020FFF744FE26F48026D2
:10671000F00506D5FF22494B44F4C0649A60FFF7A8
:1067200081FA16F0090F0BD040F624020821002050
:1067300000F07AFEFFF7FEFD4FF03A4301225A6364
:1067400016F0106F0CD040F62D020921002000F049
:106750006BFEFFF7EFFD002211461046FDF76EFCC1
:1067600016F4202F0AD040F635020721002000F051
:106770005BFE0020FFF70EFE26F48026F10301D514
:10678000FDF7C8FD002EB8BF48F0080872070ED507
:106790004FF03A431B6B13F4005F4FF4005317BFE5
:1067A000224A2E4A136344F4000408BF136373059E
:1067B00048BF44F0040416F4802B00F0B580FDF7C8
:1067C00067FD013806284BD8DFE810F030013301AF
:1067D0003001360139013C013C01019726E70346AF
:1067E00044E7CDE90221FFF725FD0399134B029AF7
:1067F0005964D10407D412F4806F0CBF4FF080535A
:106800004FF0806356E74FF0804353E74FF000733B
:1068100067E74FF0004364E7254663E74446454693
:1068200064E700BF004000B8006000B8002000BA74
:10683000004001B8006001B80000F7FF002002B876
:1068400000E100E000C001B800E001B8003E00B087
:10685000000002B89C120020090B0B89001000BA3E
:1068600040F666020321002000F0DEFD4FF03A42C0
:106870000121D2F88C30D2F8AC0003F007030633C4
:1068800001FA03F3C0F30C001B1A9BB2072B12D9B9
:10689000764B5B6C58020ED47548D36CD26E406D4B
:1068A00058B103F0070306339940C2F30C03C91A29
:1068B00089B2072901D844F400746E4B1B78002B71
:1068C00032D04FF03A43D3F8143113F4A02F2BD128
:1068D000694B6A4A1B7893B9FB0410D4137873B1DF
:1068E000E308674943EA457383F00103D1F8FC1ECE
:1068F00003F001035B0021FA03F3980714D104208D
:10690000FEF71AF95F4B60495967FFF79FF95B4A39
:1069100013782BB95D4B5E4A1B682340134201D1AB
:1069200044F4804427F48057BAF1000F1DD01AF4C4
:10693000805F18BF44F480241AF4807F18BF44F4A9
:1069400000241AF4005F18BF44F010041AF4007F0A
:1069500018BF44F020041AF4806F18BF44F04004BC
:106960001AF4006F18BF44F08004B9F1000F3FD053
:1069700019F4802F18BF45F4007519F4803F18BF33
:1069800044F4805419F4801F18BF44F4003419F4FF
:10699000800F18BF44F0020419F4003F18BF44F4FC
:1069A000801419F4000F18BF45F0100519F4002FDA
:1069B00019D0334BD3F8CC3E13F0C00F13D02B4A71
:1069C000D368C3F30363032B01D0072B05D1936C6A
:1069D000D90602D4D36C1A0737D54FF400222D4BB9
:1069E00029F40029DA6119F4001F18BF44F4800467
:1069F000002F00F016813B0540F186802649DFF824
:106A000084A0CB78254A002B4ED04FF40060013B88
:106A1000DBB25066CB7033B9214B1B78C3B140F663
:106A20000142204B5A67002300226BE044F480347B
:106A30001CE744F4006419E744F4806416E744F466
:106A4000807413E744F0080410E744F40014CAE724
:106A5000DAF8783013F4A05F15BF4FF4807340F676
:106A60000143CAF85830CAF87830DCE7000002B8B1
:106A7000004000B87616002075160020771600201A
:106A8000003000B000C001B800000101080B002078
:106A9000088D0100002002B86916002000E001B84E
:106AA0007916002000D001B80320FEF745F8DAF887
:106AB0001430A24813F0060F04BF41F61F73A04A1A
:106AC000A04908BF53674FF400629D4B5A66DAF83D
:106AD000143013F0060308BFCAF87830B0F8CA3093
:106AE00013F400625CD023F40063A0F8CA300B7882
:106AF00003F0FF0A002B57D1FEF760F8FFF79AFB6F
:106B0000534620221C431543B80009D52E2002F01D
:106B1000CBF94FF000528A4B45F008051A675A66C8
:106B2000F90606D52B2002F0BFF91022844B1A6714
:106B30005A6617F0306F05D1FA045FD5019B002B20
:106B400000F0AA803B0111D5292002F0ADF9FFF732
:106B5000F7FA48B17C4B7D49794A53660B6701F5DA
:106B60004051C968480422D445F0040517F0007369
:106B700028D00420FDF7E0FF272002F095F9FFF769
:106B800059FB4FF000726E4B5A66714BD3F8FC2ED6
:106B900052067BD46F4B02229A6045F002052AE030
:106BA0000B784FF40053ADE74FF400433CE7136715
:106BB0002020536602F078F92D2045F00C0502F0F4
:106BC00073F9D3E717F0807FDFF88CA149D0042058
:106BD0000193FDF7B1FF282002F066F9DAF878207A
:106BE000019B002A3AD1FFF725FB554B564A45F049
:106BF00001051A675A660022574B9A653A0404D574
:106C0000564B1B68984704430D437B0509D5544AEE
:106C10009378002B00F08C80013B9370002348EAAE
:106C20000308424620462946FFF792F8BBF1000FC1
:106C300001D0FDF761FB01224A4B06F00436C3F890
:106C40001461494B19F4002FC3F884211EBF4FF47F
:106C50000022404BDA6107B0BDE8F08FCAF8783007
:106C6000C3E7F904C7D50420FDF766FF3F4BCAF818
:106C70007430FDF7A3FFDAF8643013F0407FBAD127
:106C80002A2002F011F9FFF7D5FA7EE7D3F8CC3EBF
:106C90009B0682D4364B7EE7314A13794BB1013BD8
:106CA000DBB2137113B9294B324A5A6700231C43D4
:106CB000A4E70420FDF740FF0320FDF73DFF264B2E
:106CC0002A4A5A6703F04FFA82460DF11700FEF781
:106CD0002DFA294B1B781BB10190FEF7A3FF0198F9
:106CE00003280BD10020FEF721FA032806D1234BFD
:106CF0009A6AD007F6D49A6CD103F3D49DF8173072
:106D0000032B06D101221E4B50461A7003F02FFAB6
:106D1000CCE74FF03A43D3F8143113F4A02FF1D15C
:106D2000FEF794FF504603F022FA4FF48043BEE78B
:106D30000220FDF701FF012371E700BF003E00B014
:106D400000E001B8791600201000002000D001B842
:106D5000003000B0002002B800C001B80C0A0020CA
:106D600069160020002000BA00E100E000000101E7
:106D7000001002B80000010D78160020000002B8D3
:106D8000751600200122024B1A62DA61704700BFBB
:106D9000002002B8074A08B5D369116A0B400649BA
:106DA00098B2DB07C86104D5D068C0F30360FFF771
:106DB000E9FF08BD000002B8002002B8154B10B56D
:106DC0009C6CDB6C1C40144BE2079C640DD5134B90
:106DD00040F6AC221878122100F0010000F024FBEC
:106DE000002201200021FEF7B3FF630510D50B4BF5
:106DF00040F6B32258684D21C0F3C03000F014FBB8
:106E0000BDE81040002200204FF40041FEF7A0BF73
:106E100010BD00BF00C000B800E000B8080B0020A3
:106E20000C4B10B51C6C5A6C14400B4A24F0020138
:106E30001164E20705D540F6F3220020196800F03E
:106E4000F3FAA30705D50222034B1A64A3F50053F6
:106E50005B6810BD0080095000A0095070B5802605
:106E60000A4C0B4DD4F88430DB070AD4A36FD4F856
:106E700084201340074A936770BDFFF7D1FFC5F820
:106E80008461D5F804311A06F7D4EBE7008001B825
:106E900000E100E000A001B870B514460D4603F013
:106EA00062F9064BD3F8CC6E74402C407440C3F8A2
:106EB000CC4E03F05CF906EA050070BD003000B06E
:106EC000034BD3F8CC3E99430CBF01200020704700
:106ED000003000B0184BD3F8CC2E12F0010312D0C2
:106EE000164B93F85830164A43F08073C2F8D030EE
:106EF0004FF4801302F50052C2F8B430A2F580526C
:106F0000C2F8B830704712F0C00FECD10B4B93F8B9
:106F1000571021B1D20602D593F85430E3E74FF46D
:106F200080120020074B0649C3F8B820C1F8D000F2
:106F3000C3F8B420704700BF003000B0003F00B07D
:106F4000004000B8006000B8F8B50D4610B9002444
:106F50002046F8BD0E4F3E68002EF8D100F030F804
:106F600004460028F3D0386000F076F8204603F09D
:106F700008FD38B130463E6000F06EF8204603F060
:106F8000FBFCE4E7002DE3D02046A847E0E700BF84
:106F9000A4120020024B1868003818BF0120704767
:106FA000A4120020431E033306D8044B984228BF86
:106FB0001846642838BF6420704700BF40420F0065
:106FC000F8B5054603F0CFF807460F4B1E6826B903
:106FD000384603F0CCF8344611E0B4688CB194F82C
:106FE00010C01CF0010F0CD14CF0010C95E80F0003
:106FF00084F810C084E80F00384603F0B8F8204643
:10700000F8BD3668E3E700BFF009002038B5054653
:107010000C4641B10B6833B11B68013303D0CB6818
:107020000BB18B684BB903F0BFFEBDE838404FF49D
:1070300092724121002000F0F7B9084601F0F8FDF6
:107040000023044A85F81031C5E93043C2E9003312
:1070500038BD00BF100B002010B5044618B9054B11
:10706000054A136010BD00F053FBD4F8CC30002B60
:10707000F6D1F4E765A90008EC09002010B50C462C
:1070800000F084FB054B002103205B6898471CB18E
:1070900001F070FA0128FBD110BD00BFF8090020F3
:1070A00008B502460868FFF77DFF08604868FFF7EB
:1070B00079FF48608868FFF775FF8860C868FFF748
:1070C00071FF0B69C860581C03D00B48834228BF6E
:1070D00003460B614B69581C03D00748834228BF05
:1070E000034688694B61FFF75DFFBDE80840886192
:1070F000104601F091B900BF40420F002DE9F84F52
:10710000D0F8C43006460F4613B1438B8B4244D0AF
:10711000D6F8C0B0BBF1000F42D0DBF80830002B2E
:107120003ED0DBF80C1000293AD0D6F8D4A0BAF142
:10713000000F38D04FF000094D46C84601E0DBF89B
:10714000083005EBC50203EB8204E3890135BB423D
:1071500014D8238ABB4211D3B4F91220B6F92630D1
:10716000934250DD304696F80411FBF767FCB37D7F
:1071700081468342A04606D9DBF80C108D42DED34F
:10718000B8F1000F39D00023424630461946D047A7
:107190007783C6F8C48086F80D910020BDE8F88F8B
:1071A0000320BDE8F88FD14647F6FF755446524696
:1071B00004EBC40803EB8808B8F80E30BB4216D8BD
:1071C000B8F81030BB4212D3B8F91220AA4202D14B
:1071D0004FF0FF09DCE7304696F80411FBF72EFC70
:1071E000B37D81468342D3D94246DBF80C1001348B
:1071F000A14204D9DBF80830DAE70120CEE7002A03
:10720000FBD09046C4E7A046BDE700BF2DE9F0479C
:1072100082B004468946164601F096F9002850D1FE
:10722000404D2B68D4F8C0A0D4F8C4700BB15345BE
:1072300058D04FF00008C5F8089001F09BF90128DC
:1072400043D12B68DAF800103A6813B11868884205
:1072500053D0204603F040FD637CC5E900A713F03E
:10726000010F0CBF32460122D4F8D45062F3000360
:1072700063748DF80760002D46D000222046114629
:107280000DF10703A847204600F02AFD0546B8F196
:10729000000F00D08EB1B5FA85F040F2DE32332116
:1072A000400900F0C1F83146204600F0B9FF1E4BFE
:1072B0000546394620461B689847284602B0BDE877
:1072C000F0870023174D6B60ABE7012000F05EFAFA
:1072D000164B002103205B68984701F04BF9012809
:1072E000FBD1AEE76B68002BA3D0BB42A1D1AB684A
:1072F000994514D04FF001089DE7696811B10968FC
:107300009142A9D05968A4E7A17D94F80D31324685
:10731000994228BF1946204600F068FCB3E70025D3
:10732000CBE700BF100B0020EC090020F80900207B
:10733000F8B50E46054602F016FF314607462846C8
:10734000FFF7DCFE044620B1384602F010FF20466D
:10735000F8BD01F0E1F8224631462846FFF756FF16
:1073600004460028F0D195F91030002BECDA2846BD
:1073700003F0FBF90028E7D022462846297E03F0D7
:10738000BBFC0446E0E700BF084B10B4002A14BF62
:1073900014461C46064B1C6019B15DF8044B03F003
:1073A000FCBA08465DF8044B704700BF65A90008A9
:1073B000EC09002013B50446694603F076FB20462D
:1073C00003F035FCFF28024606D020469DF8001049
:1073D000FBF7C4FB02B010BD0048FBE70080FFFFD5
:1073E00008B50B460249194003F088FB002008BD90
:1073F000070011004FF4007307B50A490DF10602AA
:10740000ADF8063003F09AFBBDF80630B3F5007F07
:1074100005D1022808BF002003B05DF804FB01205D
:10742000FAE700BFA812002008B550B90548064B7E
:1074300001601A60054B1A68054B1A60186802F063
:1074400089FA08BDF4090020AC140020A412002021
:10745000A8140020F0B50F468BB001210546FCF7BB
:10746000FDFA044670BBEB7D03AC2B7607F10C06EE
:107470000FCE0FC496E8070084E80700284603A94A
:10748000FFF70EFE0446E8B9D7E9010101AB83E836
:1074900003001946284603F0B6FC044690B94FF0A5
:1074A000FF3128463A6803F067F9044650B90246AE
:1074B00006492846FCF738FB044618B90621284639
:1074C00000F03EF920460BB0F0BD00BFC8BC00087C
:1074D000431C07D06FF0FF02034B10405A62A3F524
:1074E00080535862704700BF00E000B810B5042315
:1074F0004FF03A4101240A4AD1F81801C2F8183174
:10750000C2F814314C634FF400511163410742BF7C
:10751000C2F81431A2F58052C2F8183110BD00BF74
:10752000002000BAD0F8C83013B11A68032A10D866
:10753000094BDB6BC3F3C20213F0380F03F00700F3
:1075400018BF504313F4E07FC3F3821203D05043BB
:107550007047986A400E7047008001B8424B2DE991
:10756000F7431E6801F4007900F00103174653EA5F
:10757000090205460C463CD04FF0000873B30022C8
:10758000002301200021CDE90088FEF7F9FB4146E8
:107590003046FDF765FD4146B0830120FFF76EFDE3
:1075A000B16B06F1D800FDF7CDFD30490868FFF753
:1075B0008FFF4FF0FF330B602D4B1A68511C06D024
:1075C0006FF07E402B49C863A1F58051CA634FF02C
:1075D000FF321A60337C43F004033374B9F1000FB7
:1075E00007D00121304603F095FA24F400740543D6
:1075F0000C43D6E94E232A40234052EA030104F407
:10760000004803D01C49304609688847B8F1000F8C
:1076100009D000230022CDE90033002000234FF4DD
:107620000041FEF7ADFBFB070FD51449144A08686B
:107630000021136811600121124A117003B19847AB
:10764000114B002102205B68984717F00E0F08D0FD
:1076500040F2F3123B21002003B0BDE8F043FFF7F6
:10766000E3BE03B0BDE8F083A4120020040A0020AA
:10767000000A002000E000B8080A0020BC14002026
:10768000C01400207D160020F8090020F7B504463C
:107690001046D4E94EC7DDE908268CEA020587EAE0
:1076A00006010540194085EA0C057940C4E94E51B0
:1076B000002523F4004106EA010320F0010043F411
:1076C0000073024043F00203CDE90055FEF758FB7A
:1076D000237C9A0717D5D4F83C319B0513D54FF47A
:1076E0008811204603F016FA237C65F341032374C6
:1076F000D4E94E2302400B4052EA030103D0034970
:10770000204609688847002003B0F0BD080A002021
:1077100038B10368044A002B08BF1346034A1360BC
:107720007047014BFAE700BFEBAB0008080A0020E6
:10773000024B986F00F00F00704700BF003F00B091
:107740000F2938B505460C460ED800F013FF012866
:107750000CD1074A2846936F23F00F032343936706
:1077600003F0EFFA002038BD0120FCE70220FAE721
:10777000003F00B0014BD86F704700BF003F00B022
:10778000014B0020D9677047003F00B003282DE966
:10779000F7435BD82F4B13F800802F4B1E5C2F4B09
:1077A00013F8009002F0DFFC0746FEF7D1FC054617
:1077B00040B100230022CDE9003301200023002145
:1077C000FEF7DEFAFEF7CCFC48B100230022CDE93B
:1077D0000033002000234FF40041FEF7D1FA002EC1
:1077E00032D01F4BDC6C04F008041E4B3146DC64C5
:1077F0004046FEF769FD4A4631464046FEF7EEFD3B
:10780000194BDC64D5B1194B1868816BD830FDF782
:1078100099FC17490868FFF75BFE4FF0FF330B60D8
:10782000144B1A68511C06D06FF07E401249C86391
:10783000A1F58051CA634FF0FF321A60384603B099
:10784000BDE8F04302F093BC3446CEE703B0BDE898
:10785000F08300BF24130108201301081C13010842
:10786000004000B8006000B8005000B8A41200202A
:10787000040A0020000A002000E000B870B50D46A0
:10788000064620B9194B1B68A3B1032011E000F094
:1078900071FE012828D1164B93F90040C4F127044A
:1078A000641BC4F11C03002BB8BF5B42232B0CDD0F
:1078B000012070BDA1F10B03002BB8BF5B42232B4D
:1078C000F6DC0B4B19700020F3E7F57402F04BFC6B
:1078D000084AE402136A04F4FF2423F4FF231C4340
:1078E000146202F044FCEEE70220E2E7A41200205A
:1078F0007A16002000C000B80B4B08461A6D9202A1
:107900000FD4D3F84021D1070CD4D3F83823D207B1
:1079100008D4D3F8803013F4706F14BF0120002016
:1079200070470120704700BF004001B8F8B50D4610
:10793000836B02EA010423EA0103234383633B4A86
:1079400001F00B0323EA0401D1642340A2F5805225
:107950006F070646D36410D50121FFF7CDFF60B154
:10796000FEF750FC4FF4007314F0040F14BF304ABC
:10797000304A13650422304B5A64E90606D514F0E8
:10798000100F14BF00221B222C4B5A652A0618D553
:10799000230611D54FF40012254BDA6402F0E3FB05
:1079A0000E2107460320FDF749FB40F20122234B3D
:1079B0003846DA6202F0DBFB214606F1D800FDF71B
:1079C000C1FBEF0503D5E0052AD5FDF725FBA90589
:1079D00003D5A20527D5FDF72BFB15F0600F0AD0C4
:1079E000D6F8C810304603F001F98022144BC3F8D2
:1079F0008800144B1A612B0510D5FEF703FC124AC0
:107A000014F4006FD2F8FC3E14BF43F0006323F07F
:107A10000063C2F8FC3E0422074B5A640020F8BD04
:107A2000FDF7F4FAD3E7FDF7FDFAD6E7006000B8FA
:107A3000005001B8006001B8002002B8004000B852
:107A4000003F00B0000002B8003000B070B50E4634
:107A500002F089FB054600F0B1FD044620B128463E
:107A600002F085FB204670BDFEF7CCFB104B327850
:107A7000D3F8FC3E022A23F0F00315D0101F424237
:107A80004241520043EA02137278022A0ED0111FBB
:107A90004A424A41520043EA8213054AC2F8FC3E78
:107AA0000422044B5A64DAE70122EBE70122F2E7F1
:107AB000003000B0002002B870B50E4602F053FB53
:107AC000054600F091FD044620B1284602F04FFB28
:107AD000204670BDFEF796FB104B3278D3F8FC3E83
:107AE000022A23F00F0314D0101F424242415200D9
:107AF00013437278022A0ED0111F4A424A415200A3
:107B000043EA8203054AC2F8FC3E0422044B5A644D
:107B1000DBE70122ECE70122F2E700BF003000B012
:107B2000002002B8F8B50D7804460A2D0E4690F8EC
:107B3000047108D106252846FCF70CFC18B901355C
:107B4000EDB20A2DF7D12846FCF704FC002844D0FA
:107B500094F80431AB4208D1B288A36C9A4204D1A4
:107B60007288B4F806319A4235D084F80451B3884B
:107B70002846A4F80831738804F58275A4F8063104
:107B8000B388A364FF23E37502F074FEA075284652
:107B9000FCF798FC10BB2846FCF7D2FBF0B9D4F8F0
:107BA000C43053B194F80411B94206D02046B3F959
:107BB0001220FAF743FF84F80D012046FCF7A2FDDE
:107BC0000849A4F808010123074AD1F8FC1004F180
:107BD000D800FDF7C5FE0020F8BD01200E2384F873
:107BE0000431F9E7004F00B0983F00B070B505468A
:107BF00090F804010C460E281DD0FF291DD01AB1A3
:107C00004FF0FF320E4B1A6002F034FE064695F834
:107C10000401FCF7D9FB844228BF0446E4B2B44215
:107C200038BF3446E0B2E875FCF7B0FEA0F1FF03C0
:107C30005842584170BD0220FCE70120FAE700BF1E
:107C40008809002010B590F8043104460E2B3ED070
:107C5000D0F8C4308175BBB3D0F8D420DAB990F82D
:107C60000D318B421DD300222046FFF7BFFF88B99C
:107C7000184B1B78063B032B0BD82046FCF742FD24
:107C800015490123154AD1F8FC1004F1D800FDF77D
:107C900067FE002010BDB0F92620B3F912309A42D9
:107CA000E1DD0022204694F80D11FFF79FFF002828
:107CB000F0D1C4F8C400204602F0B0FE01462046D0
:107CC000BDE81040FFF734BBFF23C375E1E7022096
:107CD000E0E700BF700A0020004F00B0983F00B0FE
:107CE000F0B5036C95B0012B03D10025284615B0E3
:107CF000F0BD0446774902F0E1FDD4F8C4600146C6
:107D0000658BC4F8C80026B1336813B15B68002BDB
:107D100058D102F028FA01462046FFF703FC074637
:107D2000084602F024FAD4F8C810B3898DF80E7012
:107D3000EB1A9BB2D6E9012000FB03226648ADF89E
:107D40000C3003680292994208D0204602F04EFFA0
:107D500080226249624BC1F888001A61614D604E11
:107D600000F008FC0128FBD12B6CD807F8D4736C09
:107D7000D901F5D4637CDA070CD5D6F878215A4BB3
:107D8000C6F8EC23D3F8F830D6F8A0209B06C6F846
:107D9000F02355D4637CD4F8C8106FF300036374E8
:107DA000204612919DF80E20029908ABFDF776FA55
:107DB00020B908A901A8FDF7E5FC48B1022528462D
:107DC00015B0F0BD1A68032AA3D99F6A7F0EACE7ED
:107DD000628B464B5A64FCF701FB0546002885D1AF
:107DE000237C60F341032374FCF726F8D4F8C430F5
:107DF000411E5B69C9B21E68FD290246049623D95B
:107E0000F71C34D93A490136096818BF0126C81C45
:107E100045D85B68FF2A0491059347D1DF1C1ED823
:107E2000204604A902F0DCFC002E7FF45EAFD4F8FB
:107E30003C31980521D4237C43F00203237454E79A
:107E40002046FCF75FFCA5E75B680128059304D09A
:107E5000204604A902F0C4FC47E70126DEE701330F
:107E6000234B5B6824D0D91C1ED80593D8E75B68E8
:107E7000FF280593F1D02A46EAE74FF480312046E7
:107E800002F048FED4E94E2302400B4052EA0301BF
:107E90003FF42BAF174920460968884725E7FF2A9A
:107EA0005B680DD00593BFE7FF2ABDD10022B7E77D
:107EB000DD1C08D8204604A9059302F091FCB6E722
:107EC00001220593AAE7FF2AB1D10022204604A986
:107ED000F3E700BFFC4F00B0B0140020003F00B03B
:107EE000000002B800C002B8004F00B0008001B826
:107EF00090090020080A002038B505460C4641B11B
:107F000002F01CFF28B14FF400312846FEF7D8FFDD
:107F100004342046FCF770FE024B4042C3F8EC0EDE
:107F2000002038BD003000B070B58030814214BFF1
:107F30000C460024164602F016F94FF49C530C49E7
:107F40000546CA68C2F30362D340DA0702D54B6C18
:107F50009B030AD4204601223146FCF76FF8044601
:107F6000284602F004F9204670BD0324F8E700BF5C
:107F7000000002B82DE9F0418B780646012B0F4630
:107F8000A6B003D9012026B0BDE8F081CA78012A45
:107F9000F8D80B78012BF5D849780529F2D809B122
:107FA000012AEFD1012B58D1304602F0DEFB002828
:107FB000E8D1304602F0C2FE0028E3D1B37C002BAA
:107FC000E0D1304602F0E2FE0028DBD03868C6F887
:107FD00028017D78002D48D100F0E6FD4FF0605279
:107FE000804BC3F88C5003F59033DA647E4B1B78DA
:107FF00013B106227D4B9A674FF080527C4B06F1FD
:10800000D8001A65B16BFDF79DF84FF48072794B7B
:10801000C3F81821C3F81421BB78002B40F0D98095
:108020004FF03A4341F6FF721A633B78012B02D1BD
:10803000304602F0B1FEFB78002B40F0CD804FF0CF
:108040003A4341F6FF721A6760226B4BDA6403F51C
:10805000E833402200205A6495E796F82831012B36
:10806000B4D1304600F0EEFAB0E74FF03A431C6D61
:108070005B6D1C4414F00304CED11822214608A8DD
:108080000DF1100802F0F6FF013D10222146404696
:10809000CDE90144039402F0EDFF042DBCD8DFE8E4
:1080A00005F02F031B818400544B554CD3F8383313
:1080B00013F0010F02D14FF40013E36400F074FDDC
:1080C0004FF060524F4BDA644FF0C1530422E36427
:1080D000444BC3F88C204BE04B4D19AC0FCD0FC473
:1080E0000FCD0FC40FCD0FC42B682C2200210EA87A
:1080F000236002F0BFFF07238DF83830022313E01E
:10810000424D19AC0FCD0FC40FCD0FC40FCD0FC40E
:108110002B682C2200210EA8236002F0ABFF07235E
:108120008DF838304FF400730F93344BD3F8383355
:10813000DB075EBF4FF40012314BDA64344B082288
:108140001A930023CDE90423ADF8663020930693FB
:1081500019AB08930EAB099301ABCDE90A3800F0D7
:1081600023FD08A800F082FA00F0C2FC00F0A8FC91
:108170001C4A936F23F0060343F0040393674FF008
:108180008052244B1A65FDF7F3FF00283FF444AFFB
:108190004FF48073174AC2F81431A2F58052C2F826
:1081A000183139E71C4D19AC98E71C4D19AC0FCDAF
:1081B0000FC40FCD0FC40FCD0FC42B682C2200218C
:1081C0000EA8236002F056FF06238DF838300123F5
:1081D000AAE7FFF78BF928E76022044BDA6403F57E
:1081E000D83336E7004000B87B160020006000B8A6
:1081F000002002B8002000BA005000B8004001B8CA
:10820000005001B8006001B8281301085C13010890
:10821000800000BA001002B890130108C4130108CE
:10822000F8B504460E4611B9037C5A0647D43B4BB9
:108230003B4A5B6AE18BC3F3032313704FF6FF7372
:108240009942D4F8C87004D0364B1B680BB1204655
:108250009847354D2B68BB4255D0344B1B683BB11A
:108260001FB13A68002A50D0BF6839462046984767
:1082700007272046FCF746FA002E3AD006202C4B62
:1082800094F9132093F900302449C3F127039B1A72
:108290000A6ADB0222F4FF2203F4FF2313430B627A
:1082A000D4F8C820234B2A60986700F00DFD012206
:1082B000214B20461A7002F044FD0020F8BD4FF615
:1082C000FF7C66F38613154A0374536A164D1449EE
:1082D000C3F30323D0F8C8700B702B68A0F81EC03E
:1082E000BB4217D0114B1B68002BB9D1FCF70AFA1F
:1082F000072712493B46124AD1F8FC1004F1D80076
:10830000FDF72EFBBAE70127B3E7174620463946AB
:108310009847ADE7FCF7F6F90127EAE700C000B897
:108320007C160020B8140020B0140020B4140020E3
:108330007A160020006000B87B160020004F00B0C5
:10834000983F00B008B558220021064802F092FE7E
:108350001022FF21044802F08DFEBDE80840FEF720
:10836000B9BD00BF003F00B0443F00B0002373B56B
:10837000C3747D23C0F8E0308123A0F8F430642377
:108380004FF0FF350E26C0E93933C0E93B334FF6D5
:10839000FF7304460376C38380F804618564C58255
:1083A00005628584FDF7EEFE2046FFF7CBFF012234
:1083B000154B2046C3F8382294F91310FFF75EFAE4
:1083C0006023124A41F6FF71D3644FF03A421163C1
:1083D00011670F4A2946D36440220E4B20465A6447
:1083E000A26BFFF7A3FA002240F2022310461946BF
:1083F000CDE90066FDF7C4FCFBF7C2FF204602B0E2
:10840000BDE87040FEF7F6BF005001B8004000B86C
:10841000005000B8002002B8034670B50C68B0F8F0
:108420000821013408BFD3F8E0408D6808BF0C6014
:108430004C68D830013404BFD3F8EC404C606E1C5B
:1084400038D1D3F8E840CE688C60751C38D1D3F8A9
:10845000E4500E69CD60013604BFD3F8D8600E61D8
:108460004E69013604BFD3F8DC604E618E69013677
:1084700004BFD3F8F0608E618E693EB37D32B242A4
:1084800038BF32460E688A61C3F8E8404C68C3E9D9
:108490003865C3E93B420A69C3F8D8204A690C49E8
:1084A000C3F8DC20D1F8FC1007230A4AFDF758FA7C
:1084B000002070BD02F17D04AC4238BF2C46C2E7FB
:1084C00002F18105B54238BF3546C2E76422D9E7DB
:1084D000004F00B0983F00B038B501F044FE4FF6B1
:1084E000FF710A4A13888B4203D101F040FE03203A
:1084F00038BD074C074D1B046567A4F580546367BE
:10850000118001F034FE0020F2E700BF760A00205F
:10851000006001B80000FFFF08B5094BD3F84C31EB
:108520005A1C0CD05B000AD40320FFF72FF94FF040
:108530008062044B1A6501225A6102229A6208BDC8
:108540000080E00F001002B84FF40022034B586C7B
:1085500003F500535A64C0F3C0407047000002B8EE
:10856000034BDB6913F4401F0CBF01200020704750
:108570000080E00F0F4BDB68C3F30363013B0B2B61
:108580000FD8DFE803F006060C06060606080A0800
:108590000808022070470420704705207047032018
:1085A0007047054B5B6913F0060F0CBF01200420D8
:1085B000704700BF000002B800C001B8094AD36884
:1085C000C3F303630B2B08D06FF49050184100F0F5
:1085D000010080F0010040007047506C10F48030C2
:1085E000EDD17047000002B80C4AD368C3F30363AF
:1085F000062B07D8042BD8B20BD8C31E58425841BB
:1086000040007047072B06D1D2F868010028ECD152
:108610007047022070470020704700BF000002B87A
:10862000D0F81C31064AC2F8D830D0F82031C2F850
:10863000DC30D0F82431013B9B00C2F8E0307047B9
:10864000003E00B003224FF44061064BC3F88C207B
:10865000054A51654FF40042C3F8B820C3F8B4206E
:10866000704700BF006000B8006001B84FF0B05222
:108670002DE9F04FB74B00269A660368B64A1C787E
:108680005D68072C94BF002101211170B34AB449E1
:1086900014700269002A08BF8022072C0A605A88D9
:1086A00000F21481AF490E6102260E61AE4E756272
:1086B000002A40F01E814FF0010CAC4DAC4E9200F0
:1086C000AE620CFA04FC8A621D6AD3E906273A43BB
:1086D00093F824702A4342EAC72293F82970197D3F
:1086E00042EA476293F826704CEA012C42EA87522C
:1086F00093F82770072C42EAC75293F828701E6936
:1087000042EA076242EA0C0222F000424FF0FF37D1
:10871000D3F80CE022F4002200F2EF80DFF848C228
:10872000CCF870208F4A0CF5005CCCF87470C2F85D
:1087300074E0CCF878709667002D40F030814FF6E9
:10874000FF769D68CCF87C60ADB2D567D3E906278B
:10875000B2F5803F40F07E814268072CD2F80C8051
:10876000D2F80490D2F814E0D2F81CC049EA080507
:1087700045EA0E05DF69D2F824A04FF0070392F80E
:1087800000B045EA0C0500F21281784EB7F5802F53
:108790003364744BC3F840B04FF0080BC3F840B0DB
:1087A0004FF0FF3BC6F84CB0C3F84C90C6F850B041
:1087B000C3F85080C6F854B0C3F854E0C6F858B0B7
:1087C000C3F858C0C6F848B09D64C3F840A040F054
:1087D000498155780723654E4FF0FF377364614B2D
:1087E0005D6408255D64D2F808803766C3F8608050
:1087F000156977665D66D2F818E0B766C3F868E079
:10880000D2F820C045EA080545EA0E0545EA0C0500
:10881000F766C3F86CC0F765DD65926A5A648268D2
:10882000D2E900532B4343EA81014F4B01F01F0172
:108830004FF6FF75C3F88010926803F5005192B2AD
:1088400003F58053C1F88450C168C3F88420444BB9
:10885000072C1A68D1E9003543EA05038D684FF00B
:10886000FF3443EA050303F01F03CD6800F20981DA
:108870003D49C1F888303B4B01F50051C1F88C40AF
:10888000C3F88C508A61DA614A230122394903F026
:108890000B0302FA03F3C1F888318B60364B416950
:1088A00019602E4B1B78082B04BF344B5A602A4B9F
:1088B0001B78002B00F0F380012B40F0F280304B4E
:1088C000012203F580535A60BDE8F08F2D490E61F7
:1088D00002260E612A4E75626AB94FF0010C2A4DCC
:1088E000234E92000CFA04FCAE624FEA2C2C8A62F2
:1088F000EAE6013ADFE6013AEFE7DFF884C0CCF8B8
:108900007020204A0CF5005CCCF87470C2F874E05A
:10891000CCF87870966735B94FF6FF769D68CCF83D
:108920007C60ADB2D567082C0DD0A4F10B02012AF2
:1089300035D893F825504FF40042002D35D0134D13
:10894000C5F870222BE0DE6A0C4A114D16BB0126D9
:10895000AE6020E0009000507F1600207E160020C0
:10896000C8140020001003B8000003B8002003B8AA
:10897000FCFF070000E100E0C4140020009003B8F1
:10898000004003B8005003B8006003B8005001B8BD
:1089900000A003B8966006271E6BAF6096601A6A47
:1089A000B2F5801F7FF4D2AED6E6404DC8E7404E08
:1089B000B7F5802F33643F4BC3F840B04FF0080B3E
:1089C000C3F840B04FF0FF3BC6F84CB0C3F84C9032
:1089D000C6F850B0C3F85080C6F854B0C3F854E09D
:1089E000C6F858B0C3F858C0C6F848B09D64C3F87C
:1089F00040A037D1557807232D4E4FF0FF377364D1
:108A00002C4B5D6408255D64D2F808803766C3F896
:108A10006080156977665D66D2F818E0B766C3F8BE
:108A200068E0D2F820C045EA080545EA0E0545EAA7
:108A30000C05F766C3F86CC0F765DD65926A5A6489
:108A40008268D2E900352B4343EA81011A4B01F0D9
:108A50001F01EDE6B7F5802F04D14268072C557849
:108A6000C9D8B7E68268B7F5C02FD2E9005343EA08
:108A700005034FEA8105F0D0072C45EA0301E5D84C
:108A8000D3E60D49C1F888300A4B01F50051C1F811
:108A90008C40C3F88C508A61DA614B23F5E6074BB2
:108AA0000EE700224FF480535A60FFDE006001B8E9
:108AB000006003B8005003B8004003B8000003B8DA
:108AC000084B1B783BB1012B07D1074B022203F562
:108AD0008053DA607047054BF8E700224FF480536B
:108AE000DA60FFDE7F160020004003B8000003B804
:108AF000084B1B783BB1012B07D1074B042203F530
:108B00008053DA607047054BF8E700224FF480533A
:108B1000DA60FFDE7F160020004003B8000003B8D3
:108B20000F4B1B788BB1012B11D10E4A012102F59D
:108B300080528B4291600FD80A4A0B49002B08BF24
:108B40000A4693689B07FCD47047074AEEE7002269
:108B50004FF480539A60FFDE00239B68FBE700BF61
:108B60007F160020004003B8000003B838B50B4B57
:108B70000B4C002818BF1C46A569E3691D4007D0AF
:108B8000084B1B682BB12846984704F50054A56193
:108B900038BD6B05F9D5FFF7C3FFF6E7004003B812
:108BA000000003B8C41400201B4B9B6E03F0B053AD
:108BB000B3F1B05F2ED1194B19491B78E3B1012BEA
:108BC0004FF0000201D0D261FFDE1648C2610A7880
:108BD000082A04BF144A5360124A012102F50052C8
:108BE0008B42516013D80F4A1049002B08BF0A4628
:108BF00053689B07FCD470470C4AD3610A78082A53
:108C000001D00A4AE9E70121074A5160F9E7002348
:108C10005B68D9E7704700BF008000507F160020D6
:108C20007E160020004003B800A003B8000003B87F
:108C3000054BA622D3F84C013121431C0CBF012067
:108C4000C0F38070FEF7F0BB0080E00F10B5044663
:108C5000FEF7A0F978B1154B1B786BB964B1144BD2
:108C60001B784BB1134B1B78013B012B04D84FF4FD
:108C70000042114B1A6510BD104B1B6D1B04FAD43A
:108C800001F071FA0446FDF7BDFA4FF400420C4BB7
:108C90002046BDE810401A6502220A4BC3F824257D
:108CA0000422054B5A6401F062BA00BF801600200E
:108CB00081160020CC140020002002B8000002B869
:108CC000001002B800D00350054BD3F8843013F0E5
:108CD000030F4FF4802314BF024A034A9364704782
:108CE000004000B8005000B8006000B870B50546FC
:108CF000FCF79EF801213A20F8F7AAFD3C4C3D4BC9
:108D000000201D70FFF7A2FF2378013B012B07D83D
:108D10000122237CE17B9A4030235943364B5A5041
:108D20000022364BC3F824259DB94FF6FF71344A13
:108D3000C2F88410F821A2F58052C2F88410C3F85A
:108D40002455304B4FF080421A65FFF7BDFF0020DD
:108D500070BD63685BB3FCF7C7F8626800EB520351
:108D6000B3FBF2F3013B1B0243F0F80326782449DE
:108D7000022E254A1DD0032E4FF6FF751F4825D021
:108D8000012E2ED143F00203C1F88450C2F8843082
:108D90000723C0F8243530230120E17B227C59438E
:108DA0001A4B00FA02F25A50FFF750FF17E0F8236F
:108DB000DCE74FF6FF7043F00103C1F88400C2F80E
:108DC000843006220D4BC3F82425E4E743F0050365
:108DD000C1F88450C2F884300423C0F824350C4B09
:108DE000B0E7C1F88450C2F884300023F5E700BF33
:108DF000CC1400208116002040E0035000C0035036
:108E0000006000B8002002B8005000B840D0035005
:108E1000001002B8F8B5214F06463D4604460FCE75
:108E20000FC533682B60FCF703F801213A20F8F7EF
:108E30000FFD00221A4BC3F82425A17A627A42EA78
:108E40000142C3F83025217CE27B42EA0142C3F8AB
:108E50002C25207B617B40EA0142C3F828253B7822
:108E6000032B19D8DFE803F01202060C00230422BA
:108E7000F9F7E6FB00230422217CE07BF9F7E0FB15
:108E800001230422A17A607AF9F7DAFB054B1878FE
:108E9000BDE8F840FFF72ABF0120F8BDCC14002040
:108EA00000C0035081160020034B1B6D002BBCBF7C
:108EB000024BC3F888007047000002B8004000B8B9
:108EC0004FF604014FF60502044B01201B6C9BB2C8
:108ED0008B4208BF1346024A136670470080E00FBA
:108EE00000C001B8034B1A6E596E03F500530A40D7
:108EF0001A66704700800A50124A10B5D2F84C31F9
:108F00005468D269104912F4401F0FD15A1C0DD178
:108F100024F0404424F44004240C24040B4801F0C1
:108F20004BFF2146BDE8104001F046BF084A1940FA
:108F30009442F3D103F4FE43B3F5807F08BF41F4BC
:108F4000A061EBE70080E00FE0FFF01FCF13468B3E
:108F5000140015012DE9F0470C4681B1B1F1006F05
:108F60000DD31C4BCA1C9A4209D84FF0000844F696
:108F7000FC7654F828104FEA88094B1C01D1BDE853
:108F8000F08701F019FFC1F30263032B844608F157
:108F90000107C1F3074514D18BB2F31AB5EB930F58
:108FA0004FEA930A0DD909F104015246214401F018
:108FB0001EFF844608F10208013D08EB0A07A5EBF5
:108FC0000A052A46604604EB870101F010FF07EB13
:108FD0000508CEE7FFFF07082DE9F041044668B118
:108FE000B0F1006F0AD3254B00F117029A4205D861
:108FF000234B244A19780023994224D8002524279A
:10900000FFF77AFF2168FFF7A5FF6168FFF7A2FF6E
:10901000E668AE4221D12269111A4B424B41B4F1AC
:10902000006F15D3154904F117058D4210D88242FF
:1090300022D1134A1378052B09D8124941F823404D
:109040000133137003E052F8040BA04203D1012353
:109050001846BDE8F0810133CEE707FB05F3A268AF
:109060000135D15802EB0308FFF774FF042208EB27
:10907000020101F0BCFECCE70023E9E7FFFF07088F
:1090800082160020E014002053B94AB9002908BF15
:1090900000281CBF4FF0FF314FF0FF3000F082B9C5
:1090A000ADF1080C6DE904CE00F006F8DDF804E03F
:1090B000DDE9022304B070472DE9F04F099D0C460D
:1090C000002B4DD18A420F4684469646B2FA82F36F
:1090D00060D94BB102FA03FEC3F120029F4000FAAF
:1090E00003FC20FA02F217434FEA1E461FFA8EF4E1
:1090F0004FEA1C42B7FBF6F106FB117701FB04F0C7
:1091000042EA0742904208D91EEB020201F1FF3702
:1091100002D2904200F231813946121A1FFA8CFCB9
:10912000B2FBF6F006FB102200FB04F44CEA024C02
:10913000644508D91EEB0C0C00F1FF3202D26445E5
:1091400000F21E81104640EA0140ACEB040C002105
:1091500025B12CFA03F30022C5E90032BDE8F08FF7
:109160008B4205D90DB1C5E9000100210846F5E79C
:10917000B3FA83F100294DD1A342C0F0F3809042AD
:1091800080F0F080064623460846002DE6D0C5E96B
:109190000063E3E7002B40F0A3808A1A4FEA1E47E2
:1091A0001FFA8EF60121B2FBF7F407FB14204FEAF9
:1091B0001C4242EA004206FB04F090420FD91EEB2B
:1091C000020204F1FF382CBF4FF001094FF00009F3
:1091D000904203D9B9F1000F00F0CC804446121A36
:1091E0001FFA8CFCB2FBF7F007FB102200FB06F61F
:1091F0004CEA024C664508D91EEB0C0C00F1FF321C
:1092000002D2664500F2B3801046ACEB060C40EA91
:1092100004409DE7C1F120068B4004FA01FE22FACA
:1092200006F720FA06FCF4408A401F434EEA0C037E
:1092300000FA01FE4FEA17484FEA13491FFA87FC6C
:10924000B4FBF8F008FB104449EA044400FB0CF9B5
:10925000A1450ED93C1900F1FF3A2CBF4FF0010B8C
:109260004FF0000BA14503D9BBF1000F00F08B803C
:109270005046A4EB09041FFA83F9B4FBF8F308FB8A
:10928000134403FB0CFC49EA0444A44506D93C19E9
:1092900003F1FF3801D2A4457BD8434643EA00409E
:1092A000A4EB0C04A0FB02984445CC46434602D3F1
:1092B00006D1CE4504D20138B9EB020C68EB0703A6
:1092C000002D6CD0BEEB0C0264EB030422FA01F318
:1092D00004FA06F6CC4000211E43C5E900643DE7D0
:1092E00002FA03FEC3F1200104FA03F200FA03FCC0
:1092F000CC404FEA1E4720FA01F11FFA8EF6B4FB6C
:10930000F7F00A4307FB1044110C41EA044100FB4B
:1093100006F48C420ED91EEB010100F1FF382CBF80
:109320004FF001094FF000098C4202D9B9F1000F4A
:109330002CD04046091B92B2B1FBF7F407FB141185
:1093400042EA014204FB06F1914207D91EEB0202F8
:1093500004F1FF3801D291421ED84446521A44EA21
:10936000004120E7861A64EB030301200DE7F44473
:1093700002384AE7023C724431E702397244CCE6D3
:10938000F4440238DFE602383C4472E702387144A4
:10939000D0E7023B3C4481E7023C7244DEE72946C9
:1093A000DCE600BF704700BF08B5064B044613B1AA
:1093B0000021AFF30080044B1B6803B1984720469F
:1093C00001F044F80000000030160020002310B522
:1093D00004468360818119464366C2810822836105
:1093E000C0E90033C0E904335C3001F043FE0D4BAB
:1093F000246263620C4BA3620C4BE3620C4B23634D
:109400000C4B9C4206D003F16802944202D0D03348
:109410009C4205D104F15800BDE8104001F032BE75
:1094200010BD00BF73AF000895AF0008CDAF0008B6
:10943000F1AF0008F8140020024A0349034801F084
:1094400025BD00BF100A0020ABB10008200A002093
:1094500041680C4B994210B5044601D001F0A5FEBD
:10946000A168094B994202D0204601F09EFEE168B6
:10947000064B994204D02046BDE8104001F095BE4D
:1094800010BD00BFF814002060150020C815002092
:1094900010B50B4B04210B4C0B4A20461A600022DE
:1094A000FFF794FF04F1680001220921FFF78EFF06
:1094B00004F1D00002221221BDE81040FFF786BF60
:1094C00030160020F814002039940008014801F0FB
:1094D000DABD00BF84160020014801F0D5BD00BFF1
:1094E0008416002010B50446FFF7F0FF236A1BB175
:1094F000BDE81040FFF7F0BF044B2362044B1B682C
:10950000002BF5D1FFF7C4FFF2E700BF519400082C
:1095100030160020024B0146186801F0D5BC00BF90
:109520001C0A002038B5294B05460C46186818B1AE
:10953000036A0BB9FFF7D6FFB4F90C30190722D430
:10954000DA0607D409222A6043F040034FF0FF30C7
:10955000A38133E0580712D5616B41B104F1440394
:10956000994202D0284600F09DF800236363A38946
:1095700023F02403A3810023636023692360A3896C
:1095800043F00803A38123694BB9A38903F4207333
:10959000B3F5007F03D02146284601F053FEB4F90D
:1095A0000C3013F001020AD00022A260626952421C
:1095B000A261226942B913F08000C5D138BD990774
:1095C00058BF6269A260F4E70020F7E71C0A002098
:1095D00038B50023054D044608462B6000F034FFE3
:1095E000431C02D12B6803B1236038BD3416002020
:1095F00038B50446064D0846114600222A601A4630
:1096000000F02CFF431C02D12B6803B1236038BD4E
:109610003416002038B50446064D0846114600228F
:109620002A601A4600F01CFF431C02D12B6803B1CC
:10963000236038BD3416002038B50446064D084670
:10964000114600222A601A4600F019FF431C02D17D
:109650002B6803B1236038BD3416002070B50D4D62
:1096600000260D4C641BA410A64209D10B4D002608
:109670000B4C01F025FE641BA410A64205D170BD61
:1096800055F8043B01369847EEE755F8043B0136A0
:109690009847F2E7800A0020800A0020800A002014
:1096A000840A002038B50546002941D051F8043C11
:1096B0000C1F002BB8BFE41800F0D8F81D4A13683F
:1096C00033B9636014602846BDE8384000F0D4B870
:1096D000A34208D9206821188B4201BF19685B6832
:1096E00009182160EDE71A465B680BB1A342FAD96D
:1096F00011685018A0420BD1206801445018116025
:109700008342E0D118685B68084453601060DAE770
:1097100002D90C232B60D6E7206821188B4202BFA8
:1097200019685B680918636008BF21605460CAE764
:1097300038BD00BF3C16002070B50F4E0C460546E4
:10974000316811B900F0C0F830602146284600F0B9
:10975000BBF8431C03D14FF0FF34204670BDC41C3E
:1097600024F00304A042F8D0211A284600F0ACF8F7
:109770000130F2D1EFE700BF381600202DE9F041AB
:10978000CD1C064625F0030508350C2D38BF0C25E9
:10979000002D01DBA94204D90C2333600020BDE871
:1097A000F081314F00F062F83B681C4644BB29460B
:1097B0003046FFF7C1FF431C044650D13C682146A8
:1097C000002941D1002C44D02368304604EB030823
:1097D00000F07AF880453CD1216830466D1A294660
:1097E000FFF7AAFF013034D023682B4423603B6885
:1097F000002B36D05A68A24229D100225A600EE0CE
:109800002268521B1DD40B2A16D96119A342256068
:1098100018BF5960636808BF396062514B603046B9
:1098200000F02AF804F10B00231D20F00700C21AF3
:10983000B5D01B1AA350B2E7A3426268DED13A60EA
:10984000EDE723466468B1E70C464968B8E713467C
:10985000CEE70C233046336000F00EF89EE705603B
:10986000DDE75B60FFDE00BF3C160020014801F031
:109870000ABC00BF83160020014801F005BC00BFF0
:109880008316002038B50023064D044608461146CD
:109890002B6000F0DCFD431C02D12B6803B1236078
:1098A00038BD00BF3416002038B50023054D0446EE
:1098B00008462B6000F0D0FD431C02D12B6803B199
:1098C000236038BD3416002038B50023054D04460A
:1098D00008462B60F6F794FF431C02D12B6803B1B6
:1098E000236038BD341600207047704708B5F6F77E
:1098F00049FDF9F73DFBF9F7CDFAF9F7F7FAF6F775
:10990000E9FCF9F7DFFA08BD08B5F7F763FAF6F7EF
:1099100055FE08BD08B5F9F79FF9F9F7A7FA00F069
:10992000B2FC00F02FF808BD7047704770477047D1
:10993000704708B500F009F808BD08B5F9F7DEFE74
:10994000F9F7EAFDFFF7F5FF08BD08B5F6F758FD92
:1099500008BDFEE708B5FFF7FCFF08BD704708B576
:10996000FFF7FCFF08BD704738B504460D46F9F710
:109970007DF929462046FFF7F6FF38BD08B5FFF709
:10998000B3FF08BD08B5F6F7A1FD08BDFEE7134615
:109990002AB9704750F8043B41F8043B13465A1E5D
:1099A000002BF7D17047002070474FF400407047FC
:1099B0004FF47A70704700B589B084460E980790CE
:1099C0000D9806909DF8300005900B9804909DF836
:1099D0002800039000200290019300920B466246FB
:1099E0000121F6F71FFF09B05DF804FB0B7BC3767E
:1099F0008B7BC3774B7B0377CB7B80F820304B7F0F
:109A000043778B7F80F82130CB7F837791F82030AC
:109A100080F8223000207047816200230B80816A29
:109A20004B80816A8B8080F83030C2621380C26ABA
:109A30005380C26A938080F8313080F833307047A9
:109A400010B582B0044600293CD001230422C17F16
:109A5000C07EF8F7F5FD0123022294F82010207F44
:109A6000F8F7EEFD94F83530022B04D0032B1AD012
:109A7000002002B010BD0023012294F82110607F65
:109A8000F8F7DEFD0023042294F82210A07FF8F7F7
:109A9000D7FD94F821100123019300930A46607FBB
:109AA000F8F764FDE4E70023012294F82110607FB9
:109AB000F8F7C6FD0023042294F82210A07FF8F7DF
:109AC000BFFDD5E700231A46C17FC07EF8F7B8FD79
:109AD00000231A4694F82010207FF8F7B1FD94F87F
:109AE0003530022B10D0032BC2D100231A4694F834
:109AF0002110607FF8F7A4FD00231A4694F8221085
:109B0000A07FF8F79DFDB3E700231A4694F82110D3
:109B1000607FF8F795FD00231A4694F82210A07F85
:109B2000F8F78EFD94F82110002301930123009390
:109B30000A46607FF8F71AFD9AE710B582B0F7F78A
:109B400099F920B1044690F83530022B01D002B0CB
:109B500010BDF7F7A1F92076637E022BF7D194F8B8
:109B60003230002BF3D18DF807300DF10701A068DA
:109B7000F7F74CF8237E13B194F8333033B1002358
:109B800084F83330A068F7F701F8E0E70028DED169
:109B90009DF80730002BDAD0A068F6F7D7FFD6E79C
:109BA00010B5044690F8363093B9036804225A6120
:109BB00023689B6913F0020FFAD023795B0103F14C
:109BC000A04303F5703341F298721021995010BDF3
:109BD000022BFCD10068836C13F0010F0CD005211F
:109BE00000F0F1FA2379A6335B0103F1A04303F5FA
:109BF000703310225A60EAE7062100F0E4FAF1E738
:109C000010B5044690F836306BB903795B0103F167
:109C1000A04303F5703342F2987210219950036803
:109C200008225A6110BD022BFCD10068836C13F02E
:109C3000010F0DD0092100F0C6FA237903F59373C3
:109C40005B0103F1A04303F5703310225A60E9E78A
:109C5000002100F0B8FAF0E72DE9F84304460D467C
:109C60001646F7F72FF9804610B14046BDE8F88355
:109C70001620F8F721F90746E36A9B889BB23BB1AF
:109C800094F8323023B9002FF6D0F7F741F8F3E714
:109C900094F8363083B923689F6907F0020717B933
:109CA0002046FFF77DFF012384F8343094F83630E6
:109CB0008BB1022B18D124E0022B01D04746EFE7ED
:109CC00023689F6C07F00207E9E715F8011B20687D
:109CD00000F0BEFA4E4606F1FF39002EF5D123689A
:109CE0009B6913F0200FFAD0002FBED12046FFF75A
:109CF00087FFB846B9E715F8011B206800F088FA1D
:109D00004E4606F1FF39002EF5D123689A6C42F2D7
:109D100020039343F9D1E7E738B505460C46F6F73B
:109D2000D9FC05B128600CB10D23236038BD30B5D6
:109D300083B005460C46002301934FF0E0231B69D6
:109D400013F0040F0CD0F6F7DFFC01900C23009306
:109D50000DB1019B2B600CB1009B236003B030BDA3
:109D6000694601A8F7F7C8FBF2E770B505460E464D
:109D7000144600F0F8F92B685C4034405C402C60DD
:109D800000F0F5F970BD08B5F6F7D0FC0021F7F743
:109D900025FD08BD10B582B0002301930093B0F5F6
:109DA000807F00F20781B0F5807F00F27681DFE8E6
:109DB00010F048017401740174017401740174019C
:109DC00074017401740174017401740174017401EB
:109DD00074017401740174017401740174017401DB
:109DE00074017401740174017401740174017401CB
:109DF000740148018601480186014F014F014F015E
:109E00004F014F0186011F0139015701A801390196
:109E10008601860186017401740174017401740164
:109E20007401740157018601860186016E01B20139
:109E30008601740174017401740174017401740168
:109E40007401740174017401740174014F014801BB
:109E500048014801AD01390139016301B7019E0193
:109E60007D017D0174017401740174017401740138
:109E7000740174017401740174017401740174013A
:109E8000740174017401740174017401740174012A
:109E9000740174017401740174017401740174011A
:109EA000740174017401740174017401740174010A
:109EB00074018201740174017401740174017401EC
:109EC00074017401740174017401740174017401EA
:109ED00074017401740174017401740174017401DA
:109EE00074017401740174017401740174017401CA
:109EF00074017401740174017401740174017401BA
:109F000074017401740174017401740174017401A9
:109F10007401740174017401740174017401740199
:109F20007401740174017401740174017401740189
:109F30007401740174017401740174017401740179
:109F40007401740174017401740174017401740169
:109F50007401740174017401740174017401740159
:109F60007401740174017401740174017401740149
:109F70007401740174017401740174017401740139
:109F80007401740174017401740174017401740129
:109F90007401740174017401740174017401740119
:109FA0007401740174017401740174017401740109
:109FB0007401A301B0F5D06F00F0A3800CD9B0F507
:109FC000286F00F0AD8050D9B0F5306F64D100211A
:109FD00001A8F7F73FFA60E0B0F5607F7AD00CD9BE
:109FE000B0F5A06F00F083802FD9B0F5B06F34D1F9
:109FF000002101A8F7F704FA4FE0B0F5007F0AD17D
:10A00000F6F768FB04464FF40070F7F7B9FBB4FBB2
:10A01000F0F4019441E011D9B0F5207F4FD0B0F5B4
:10A02000407F3AD1F6F770FB04464FF42070F7F703
:10A03000A7FBB4FBF0F4640801942EE0B0F5C07FF8
:10A040002BD1F6F761FB019027E0B0F5806F24D1AA
:10A05000002101A8F7F76EF91FE0B0F5C06F1CD121
:10A06000002101A8F7F748FA17E0B0F5106F4DD0BE
:10A0700007D9B0F5206F10D1002101A8F7F762FAD7
:10A080000BE0B0F5E06F46D0B0F5F06F05D10021E0
:10A0900001A8F7F729FB00E002D2019802B010BD39
:10A0A000B0F5386FDCD0B0F5406FF6D1002101A8D3
:10A0B000F7F774F9F1E7F6F70DFB0190EDE7F6F726
:10A0C00023FB04464FF42070F7F75AFBB4FBF0F47F
:10A0D0000194E2E700216846FFF71EFE009C4FF462
:10A0E0006070F7F74DFBB4FBF0F40194D5E7002165
:10A0F00001A8F7F7CDF9D0E7002101A8FFF717FE77
:10A10000CBE7002101A8F7F771FAC6E7002101A803
:10A11000F7F798FAC1E7002101A8F7F7BFFABCE703
:10A12000002101A8F7F740FAB7E708B5002903DDD9
:10A130000121F7F753FB08BD0021F7F74FFBFAE7C2
:10A1400008B502214FF42070F7F70AFE08BD08B5E4
:10A1500001210220F7F7E4FEFFF715FEFFF7F0FFFD
:10A16000F7F7E0F808BDEFF3108072B6704700B95A
:10A1700062B67047EFF31180302383F31188704784
:10A1800080F3118870477047436813F0010F19D0AE
:10A19000836813F0010F03D0036913F0010F09D096
:10A1A0000A238363436D13F0500FFBD1836C13F0CC
:10A1B000030FFBD100F5005301225A60436813F0EE
:10A1C000020FFBD1704708B5F9B10A4600F580537C
:10A1D0000121596002F00F01436DC3F30B03002B03
:10A1E000FAD18163436D13F07803FBD112F0010FB4
:10A1F00000D0012312F0040F01D043F00203826C5F
:10A2000002F003029A42FAD108BDFFF7BDFFFBE757
:10A21000836C13F0400FFBD04164704708B50023F6
:10A220001A46F8F793F808BD08B500231A46F8F760
:10A230008DF808BD70B505460E461446FFF793FF2E
:10A240002B685C4034405C402C60FFF790FF70BD91
:10A25000836913F0400FFBD0C163704708B500213C
:10A2600000F099FB002008BD08B539B1A1F10C033D
:10A27000DBB2102B05D8F8F731FD01E0FFF7EEFF58
:10A2800008BD0120FCE708B500214FF0FF3000F0C9
:10A290005AFC08BD70B50C461546034630B15E68E1
:10A2A0004EB12A4621461868B04770BDF8F788FEBF
:10A2B00003460028F3D12320F7E72DE9F04182B0CF
:10A2C0000E4617461C46054670B18CB195B1D5F8BF
:10A2D0000880B8F1000F0FD023463A46314628686F
:10A2E000C04702B0BDE8F081F8F76AFE0546ECE72A
:10A2F00001ACEBE72320F4E72320F2E710B5044696
:10A30000A36B9B6C13F0400FFAD000231A46616CCC
:10A3100094F84000F8F794F900231A46E16C94F899
:10A320004800F8F78DF994F8603013F0010F13D15D
:10A3300094F8603013F0020F16D1A36B03F50053AD
:10A3400004221A650021A06BFFF73DFF0021E06B9E
:10A35000F7F77EFA002010BD00231A46616D94F8CD
:10A360005000F8F76DF9E3E700231A46E16D94F821
:10A370005800F8F765F9E0E710B50446FFF7F3FE7B
:10A38000A36B9A6C12F0800F0BD003F5805304225C
:10A39000DA64A36B03F5805304221A65FFF7E7FE26
:10A3A00010BD03F500530422DA64F2E708B5806BB0
:10A3B000FFF72EFF002008BD10B50468A36BDA6C10
:10A3C00012F0040F16D003F500530422DA64237E42
:10A3D00053B1637E73B194F82D3063B9A36B03F569
:10A3E000005304221A6505E0A36B03F500531A65B8
:10A3F0000123237610BD002384F835301321A06B90
:10A40000FFF706FFA36B03F5805304221A65A36BC5
:10A41000DB6BDBB2112B04D0132B11D0132BE9D142
:10A4200002E0012384F83430237A03EB43031B0159
:10A4300003F1A04303F58023DB6E013B2363D9E7DF
:10A44000002284F83420E9E700207047FEE74FF44B
:10A4500000534B6000207047012070470020704778
:10A4600000B583B00020019001ABFFF726FF0198F3
:10A4700010B103B05DF804FB4FF0FF30F9E710B501
:10A4800014460020FFF706FF204610BD80F82C1070
:10A49000704790F82C007047037E6BB330B4037A9A
:10A4A00003EB43031B0103F1A04303F58023DC6EA0
:10A4B000C16805694B199C4213D0013C8C4201D202
:10A4C0006C1E0C442346026B9A4212D01A78112A51
:10A4D00009D0132A07D0013B8B42F4D26B1E0B44E8
:10A4E000F1E70C46E9E7112A14BF0022012280F8A7
:10A4F0003420046330BC704770472DE9F0470446B0
:10A500000F46154690F82C9000264FF0010802E007
:10A5100094F834307BB9AE4221D294F82D30002B20
:10A52000F6D0FFF727FE82462046FFF7B5FF5046DC
:10A53000FFF726FEECE7B9F1000F02D03B780A2BBB
:10A5400008D0E369397820469847804638B9013702
:10A550000136E0E7E3690D2120469847F1E74046E0
:10A56000BDE8F08708B5FFF7C8FF002008BD2DE95A
:10A57000F0411646002A5DD004460D46037E002BAE
:10A5800069D0037A03EB43031B0103F1A04303F5F6
:10A590008023DB6EC16802690A44934212D0676966
:10A5A0009F4211D09F4211D2DF1BB74228BF3746CE
:10A5B000FFF7E0FD804694F82D30002B3FD03E465B
:10A5C000002210E00B46EAE7617EEBE7D71BECE7E1
:10A5D000206B814212D0013E6369216B8B4214D003
:10A5E000013363610132BA4212D261690B78112BD7
:10A5F000EED0132BECD005F8013BEDE7112B14BF87
:10A600000023012384F83430E5E701312163E7E7D3
:10A61000216BE2682369134499420ED06169E268B4
:10A6200023691344994214D02046F8F77BFE404634
:10A63000FFF7A6FD3046BDE8F0812263EEE73A461B
:10A640006169284600F021FD63693B4463613E4631
:10A65000E4E76261E8E70026ECE72DE9F041064611
:10A660000F4690461C46FFF785FD05464246394693
:10A670003046FFF77CFF20602846FFF781FD236806
:10A6800013B10020BDE8F0811B20FBE701F00303BC
:10A69000DB004FF0FF0C0CFA03FC07290ED810B5B5
:10A6A0004FEA910E0EF10C0150F821409A406240A1
:10A6B00002EA0C02624040F8212010BD704708B544
:10A6C000F8F704FF08B5FFF7FAFF08BD08B5002149
:10A6D0000846F8F781F908BD08B510F0010F09D157
:10A6E000002110F0020F01D041F002010020F8F724
:10A6F00059F908BD0121F4E738B5FFF73BFD0446E1
:10A700000020F8F761F910F0010F11D1002510F0C9
:10A71000020F01D045F0020500F003010020F8F718
:10A720004DF92846F9F726F82046FFF729FD38BDF0
:10A730000125ECE708B53E20FFF72CFB08BD08B566
:10A74000FFF7D4F8FFF7E0F8FFF7F7F8FFF7E2F8C4
:10A75000FFF7EAF808BD08B5FFF7E7F8FFF7E6F8F6
:10A76000FFF7E5F8FFF7E4F808BD4021FCF7A8BBC8
:10A770000022114600F084B870B50C4611F00101BA
:10A7800018BF02F0010315461ABF4FF480311A04B6
:10A790000A4604F0040604F00803A4070BD5AC072E
:10A7A00041F4003148BF42F400322EB963B9FCF7DE
:10A7B00073FB002070BD36B16C0741F4802148BFA7
:10A7C00042F48022F2E733B12B0741F48011EED539
:10A7D00042F48012EBE70029EBD04FF48031E6E73A
:10A7E00038B5054610460C46F9F7E2FAD5B1D5F86A
:10A7F000C430BBB15B69ABB1421ED2B2FD2A13D9E2
:10A800000A68013204BF6FF001020A600A68FF287B
:10A810001A6007D16268013202D16FF001026260F2
:10A8200062685A60002038BD0128F2E710B504685C
:10A830000246090494B9D9B1B1FA81F3C3F12003F6
:10A84000C3F10F00012838BF012003F01F03D940D6
:10A850008C4201D201384908116010BDB4FA84F36A
:10A8600031B1B1FA81F01B1A002BE9DC0F20EFE7C0
:10A870000F20F1E7063803288CBFFF200120704726
:10A8800000207047704708B5FAF780F9BDE8084026
:10A89000FAF7A0B938B50446FFF7F5FF0546FFF70C
:10A8A000F2FF431BA342FAD338BD08B521B1920091
:10A8B00000F0EBFB002008BD0120FCE70B0CB3F51A
:10A8C000384FF7B506460D468FB216D04BF601024B
:10A8D000934214D04BF60202934212D0B3F5304F9C
:10A8E00014BF04240324D6F8C4300BB1196851B93D
:10A8F000D6F8C0309BB928680FE00024F3E70124A4
:10A90000F1E70224EFE7234668463A46FAF7A4F94E
:10A910009DF804300098002BEAD103B0F0BD19680F
:10A920000029E8D0234668463A46FAF795F99DF89B
:10A9300004300098002BDED1EFE730B14FF47A738A
:10A940005843A0F57A60FAF7B5BF4CF25030FAE7F9
:10A95000FBF71ABEFBF718BEFBF716BEFBF714BEDB
:10A96000FBF712BE7047431E012B03D9031F584249
:10A9700058417047012070474FF4CC72002100F01D
:10A9800079BB10B504460021FEF7AFFF2046BDE8B5
:10A990001040FDF7EBBCFCF7D3BEF8B505460E46FC
:10A9A000FDF7DEFD38B13046FEF716FB4FF4A67218
:10A9B0004121FCF739FD31462846FCF727FBD5F845
:10A9C000C03073B15B6963B1FAF78EFAD5F8C03065
:10A9D00040F26B125B6942211B1A58425841FCF746
:10A9E00023FD00224FF6FF734FF0240CF768D0B21E
:10A9F000B84208D31C4621462846FCF799FC00F0D3
:10AA0000D7F92046F8BDB1680CFB0011CC899C42F7
:10AA100002D2002CEFD023460132E8E7408B70478A
:10AA20000A7838B505461046FFF79DFF60B14C78AF
:10AA30002046FFF798FF38B12243530704D4284635
:10AA4000BDE83840FDF702B8012038BDFFF7E8BF88
:10AA500010B504460878FFF786FF58B14A781046CB
:10AA6000FFF781FF30B1042A04D02046BDE8104032
:10AA7000FDF722B8012010BDFFF7EABFFCF706BEC4
:10AA8000FAF75ABE38B5044648880D4600F08EF9EC
:10AA9000D4F8D4302BB929462046BDE83840FDF71C
:10AAA00041B8022038BD00F082B900F0B7B873B5E4
:10AAB000044600200D4600F079F9D4F8D4606946C8
:10AAC0002046FFF7F2FF5EB99DF800102A462046A7
:10AAD000F7F7B4FF01462046FDF7B4F802B070BDA9
:10AAE000002329461A462046B047F7E7FFF7CABEBB
:10AAF000D0F8D400003818BF0120704738B504469C
:10AB00000D46FFF730FB002365632363BDE8384043
:10AB1000FFF72DBB38B505460C46FFF724FB6B6BE2
:10AB20001C402B6B23432B63FFF721FB211E18BF17
:10AB300001210020490238BDFDF71CBA00F0ACB875
:10AB40000846FEF767B9431C08BF0020FCF796BE15
:10AB5000FFF70BBE38B505460C46FFF7F9FF80B18D
:10AB6000FDF708FDC3070AD5214600222846F8F75D
:10AB7000DBFF04462846FFF7FBFD204638BD0224D4
:10AB8000FBE70324F9E737B50446FFF7E1FFB0B16F
:10AB9000FDF7F0FC012814D100212046FCF7D0FD80
:10ABA00000254FF0013369462046CDE9005300F0FF
:10ABB0002AF929462046F8F751FF03B030BD03209B
:10ABC000FBE70220F9E738B504460D46FFF7C0FF62
:10ABD00028B129462046BDE83840F8F769BF032070
:10ABE00038BD00207047002070477047836B03F02A
:10ABF0006003402B0DD0602B03D0203B58425841BE
:10AC0000704749B10B68012B06D9486940F0010033
:10AC1000704740F201107047002070470346D0F89B
:10AC200004010860B3F8083100208B80704790F869
:10AC300004310E2B14BFC07DFF207047F8B50C46C1
:10AC400040210546FCF73CF94FF4006107460646F3
:10AC50002846FCF735F930B17CB195F8FE3073B178
:10AC60006FB93046F8BD22024FF480712846FCF7D8
:10AC700013F9061E18BF0126F3E72246F4E74FF446
:10AC80008072F1E74A024FF40071FCF705B98A02BD
:10AC90004FF48061FCF700B9084611F0030110B5CC
:10ACA00018D113883F2B15D9B3FA83F3C3F11904D4
:10ACB000E4B2062C01D8192B03D0062C214628BF5C
:10ACC000062101238C1DE4B2A3401380F9F7E2F8BA
:10ACD000002010BD0120FCE738B5154604460846A3
:10ACE0000121FAF70FF901212846FAF70BF9637CE5
:10ACF00043F00103637438BD38B504461546017648
:10AD00004AB1FFF732FD08B9002016E0237C43F07A
:10AD100080032374F8E70846F9F760FEFF282076E1
:10AD200008D02046FFF721FD0028EDD0237C65F3F5
:10AD3000C713EEE7F9F776FE012038BD8021FCF756
:10AD4000BFB838B50546FCF715FD04462846FCF7A4
:10AD5000EFFC072811D1D5F8C43024F47F41DB691A
:10AD600021F0080103B15B7841EA032141F02001A1
:10AD70002846BDE83840FCF703BD24F02001F7E782
:10AD800090F82801431E584258417047D0F81C01E2
:10AD9000003818BF01207047FDF742BC0020FDF7C6
:10ADA000E5BE0120FDF7E2BEFDF7B6BB7047704778
:10ADB000704700200021704700EB8023C0EB831315
:10ADC00053FA81F303EB8322C3EB8213C1F307220F
:10ADD000134403EB8322C3EB8213C1F307421344F2
:10ADE00003EB8322C3EB821303EB1160704738B58A
:10ADF0000D46144604B938BD55F8041BFFF7DCFFB7
:10AE0000013CF7E7704773B50D7806460C4635B33D
:10AE100004238DF804302379304601A98DF80530DC
:10AE2000FFF716FE0546B8B92278A37952BB8DF814
:10AE30000430E379304601A98DF80530FFF7F0FDC5
:10AE4000054648B923783BB161883046FDF754F890
:10AE500001213046FFF7F2FE284602B070BD2946B8
:10AE6000FFF7ECFE29463046FFF70CFF2946304637
:10AE7000FFF70DFF2378002BCAD123798DF804301A
:10AE80006379C9E702228DF80420D3E72DE9F8435E
:10AE90000746884614460026D4E90195B9F1010910
:10AEA00005D52468002CF7D13046BDE8F883AB897E
:10AEB000012B07D9B5F90E30013303D029463846A6
:10AEC000C04706436835E9E7036A70B505460E4694
:10AED00084680BB9FEF706FB636EDB0705D4A38914
:10AEE000980502D4A06D00F0CEF8A389190702D509
:10AEF0002369002B35D121462846FEF713FB80B38A
:10AF00004FF0FF35636EDA0705D4A3899B0502D4A1
:10AF1000A06D00F0B9F8284670BD002B15DB236842
:10AF20005A1C22601970A36816F8011F013BA36028
:10AF30000029F2D1002B16DA22460A21284600F019
:10AF40005BF80130DCD00A25DCE7A2699A4201DC1B
:10AF50000A29E4D12246284600F04EF80130E2D119
:10AF6000CEE7013EDFE723685A1C22600A221A70EE
:10AF7000E9E710B50C46B1F90E10FEF74BFB0028BF
:10AF8000ABBF636DA3891B1823F48053ACBF63650B
:10AF9000A38110BD2DE9F0411F468B8905460C4663
:10AFA000DB05164605D502230022B1F90E10FEF787
:10AFB0001FFBA3893246B4F90E10284623F48053B0
:10AFC000A3813B46BDE8F041FEF736BB10B50C4609
:10AFD000B1F90E10FEF70CFB431CA38915BF606589
:10AFE00023F4805343F48053A38118BFA38110BD81
:10AFF000B1F90E10FEF7ECBAF8B50E461446054648
:10B0000018B1036A0BB9FEF76DFAA369A360A389AF
:10B010001A0701D5236943B921462846FEF782FA6B
:10B0200018B14FF0FF373846F8BD2368F6B22269F1
:10B030003746981A6369834205DC2146284600F0AA
:10B04000B4F80028EDD1A368013BA36023685A1C23
:10B0500022601E70431C62699A4204D0A389DB07F8
:10B06000E1D50A2EDFD12146284600F09EF80028BF
:10B07000D9D0D6E702440346934200D1704703F883
:10B08000011BF9E77047704770470A44431E91421D
:10B0900000D1704710B511F8014B914203F8014FF0
:10B0A000F9D110BDB1F90C202DE9F0411707054683
:10B0B0000C4656D44B68002B02DC0B6C002B3DDD9C
:10B0C000E66A002E3AD0002312F480522F68216ADB
:10B0D0002B6025D0626DA389580705D56368D21A05
:10B0E000636B0BB1236CD21A216A0023E66A2846EF
:10B0F000B047411C24D00023636023692360A389E7
:10B10000DA0400D56065616B2F60B9B104F14403C6
:10B11000994202D02846FEF7C5FA002363630DE08A
:10B1200001232846B047461C0246D4D12B68002B89
:10B13000D1D01D2B01D0162B2AD12F6000202EE05C
:10B140002A68B4F90C3042B11D2A01D0162A21D147
:10B150000023636023692360D5E76260226922606F
:10B16000CEE70F69002FE9D093070E680F600CBF80
:10B170004B690023A6EB07088B60B8F1000FDDDDFB
:10B1800043463A46216A2846A66AB047002808DCAA
:10B19000B4F90C3043F040034FF0FF30A381BDE819
:10B1A000F0810744A8EB0008E7E738B50B690546CE
:10B1B0000C4613B90025284638BD18B1036A0BB9EF
:10B1C000FEF790F9B4F90C30002BF3D0626ED00783
:10B1D00004D4990502D4A06DFFF755FF28462146F7
:10B1E000FFF760FF636E0546DA07E4D4A3899B0589
:10B1F000E1D4A06DFFF748FFDDE770B50C46B1F96B
:10B200000E1096B0154600291E460CDAA3890021BF
:10B2100013F0800F14BF40234FF48063002031608F
:10B220002B6016B070BD6A46FEF72CFB0028EDDBE4
:10B23000019901F47041A1F50053594259414FF46D
:10B240008063EBE78B89F7B59D0706460C4607D56B
:10B2500004F14703236023610123636103B0F0BD60
:10B2600001AB6A46FFF7C9FF009F054630463946E5
:10B27000FEF784FA48B9B4F90C309A05EED423F0FD
:10B28000030343F00203A381E2E7A389206043F0B4
:10B290008003A381019BC4E904075BB1B4F90E10DC
:10B2A0003046FEF701FB28B1A38923F0030343F0E6
:10B2B0000103A381A3891D43A581CFE700000000FE
:10B2C000F8B500BFF8BC08BC9E467047F8B500BF93
:10B2D000F8BC08BC9E46704700000000000000005B
:10B2E000000000000000000000000000000000005E
:10B2F000000000000000000000000000000000004E
:10B3000068656C6C6F20776F726C64007465737421
:10B3100020636F6D6D656E740000000058B3000807
:10B320000000000034B3000801000000000000002D
:10B33000C01753020000000000A1BC3340420F00C0
:10B34000000000001400FF7F08080020000000003B
:10B3500000000000000000000C400200000000009F
:10B3600000400000204002000F000000000000002C
:10B370003040070000000000000000000000000056
:10B380000000000000000000004000000007000076
:10B3900050400100000000005C400200000000007E
:10B3A00000000000A840010007000000BC400400AD
:10B3B000000000000000000000000000000000008D
:10B3C00008410400FF4C000000000000FF4D000099
:10B3D0000000000020C0011000F8070020C001306C
:10B3E000FE01280024C00110FF00000024C001302D
:10B3F0000013000028C00800EC80B30343754051DF
:10B40000A00F00B830400000A8AA0700000000000C
:10B41000000000000000000054C01400872130002C
:10B420002E002BE68A000000192327292B0000009C
:10B4300088C60200E0040000BA10000000003F00CF
:10B440008D00EE00F601AC03F5049607DE099C0DB5
:10B45000C3119317FE1DF526BD32FF3FFE15F81BE5
:10B46000DC23B42DD039FF3FFF3F0000A8C005000A
:10B47000BD4B721511A3180510325476980A0000BE
:10B4800000000000CCC004006600000000000000C6
:10B4900001000A0001002800080001014407000023
:10B4A00018000101000000002000010101A00000BF
:10B4B000404026010000F0400000000010000000A5
:10B4C000000000040FC08200000000200000000007
:10B4D0000000000300000020000000009909FC00AB
:10B4E0004008000010000000120014006FB10000BE
:10B4F00000000000790D000000000000D9033A00B0
:10B500000000066200000000040A142232414A4F83
:10B51000000000000000000000000000000000002B
:10B52000000000000000000000000000000000001B
:10B53000000000000000000000000000000000000B
:10B54000000000000000000000000000E0400111C9
:10B55000F8010000E0400131010200001041020149
:10B56000331E0500000000001C410E010050558CE8
:10B5700000000000FF0483078813C83AFF06660C2A
:10B58000FF0483078813FF03BC200AF0D00B51008F
:10B5900001619E40008DF655A429C841893B4000B9
:10B5A000C00300805841020100000000FFFD0000C0
:10B5B000644101010C0100006C410B0100000040DE
:10B5C000000000000000000000000000000000007B
:10B5D0000000000001010000000000000000000069
:10B5E0000000000000000000A44102010000000073
:10B5F00000000000B0410C0100000000E09537C0E1
:10B60000000000000000000000003C00AAAA0600A4
:10B61000000000000000000055555555E5005F8012
:10B620000400620000000000E4411501328C320D7C
:10B63000EF6731008B257F00882337002DFDA80D93
:10B64000DCFA8B0350265331EA6B8F00B3000E00F7
:10B65000773A0E002FBFBB0015BA4C0F2206A70485
:10B66000981DF9210000008000000000400000004B
:10B670000000000060180040000000000000000012
:10B680003C4201010000000044420301140000009C
:10B69000000000000800030430430F010000000018
:10B6A000000000000000000000000000000000009A
:10B6B000000000000000000000000000000000008A
:10B6C0000000000000000000000000380000000042
:10B6D000000000000000FF5810800101030000007E
:10B6E00038800201F4421000030000009C80030136
:10B6F0000000000070B80300D0000000A880011115
:10B70000F6010000A880013101420101AC80011165
:10B71000F6010000AC800131013EFD00B080020165
:10B72000000300023700000198000302000000003F
:10B73000000C00044C040000D8000202050040AADE
:10B7400088010000EC000112E00F0000EC00013263
:10B750000D205151F00001022B05000000010102F3
:10B760001001000004010112000000000401013278
:10B77000100100001001011200FF0F001001013242
:10B78000020000422C01011200FC1F002C010132BA
:10B79000A9008000400101023F0000005001011299
:10B7A00000C0000050010132610051006801020236
:10B7B00010000600002001007401010269811B0CC9
:10B7C0007801011200001C00780101324004E0CF32
:10B7D000800101127907000080010132020000009F
:10B7E000880102025000000000000000AC010112BC
:10B7F000F8010000AC01013204020100B0010102B5
:10B8000000000000FC4F010310B80008FFFFFFFF1D
:10B8100010000000188661000000000090B80008C9
:10B8200084B80008000000000800000000000000CC
:10B8300020A107000101F400F442100700000000FD
:10B8400060B80008000000000000000000000000D8
:10B8500029A1070000000000000000000000000017
:10B8600001000000C0175302040C0000E0020000B9
:10B8700000003C0301020504980301020505F403DE
:10B8800001020605AF250000AF250000D00700002B
:10B8900014290200003111000000010002640001BF
:10B8A000012F00000700000005000000000000005C
:10B8B00000C20100000200000010000000000000B3
:10B8C0000000000000000000000011003C000A50D1
:10B8D000010100001E000003050000000000000040
:10B8E00000C2010000050000001000000000000080
:10B8F00000000000050000000000000000C2010080
:10B900000002000000100000000000000000000025
:10B910000000000004040404040400010203000009
:10B92000000901F02CBA0008000901F0E0B9000894
:10B93000000901F094B90008000901F048B90008B5
:10B940000000000000000000CEFF84FEFF00CEFFDC
:10B950000A000000F00094077D240500D300C80809
:10B960004A720500BA00DB07482C0500A6004F0705
:10B97000B4FD040094007506A9AC04008500F4052C
:10B98000017804007600C004A6EE03004F00A50174
:10B990005B2702001E0084FEFF001E000A0000005C
:10B9A000F0001F0845CA0200D400220AB0AD020010
:10B9B000BA00380925B20200A500960703AA0200C2
:10B9C00090009F06609B02008100E1051E89020035
:10B9D00073004305987402004B005A011E7B01005E
:10B9E0006E00A2FEFF006E001E000000F000C40BFF
:10B9F0007391FEFF88004606813600005B00C3039A
:10BA000057AF00003C0070022CC500002A00B601B0
:10BA10002DBC00001D001F0151A200001400B80041
:10BA2000838400000C003A009648000096001AFF3C
:10BA3000FF0096001E000000F000671427ADF7FF1E
:10BA4000530087041126FFFF2E001902C2FBFFFFDF
:10BA50001E005001A92800001400D0008C36000000
:10BA60000D0085003C35000009005A004D2F0000F4
:10BA7000050022006F1E00000103100101090300F0
:10BA80000B0000000C00000003000000000020205C
:10BA900000000000020000003C3C3C0000000000F0
:10BAA000000000000000000080B285330037A4339E
:10BAB000FFFFFFFFFFFFFFFFFF7FFF7FFF7FFF7F96
:10BAC000030304041105000090DBD83380BBC233AC
:10BAD000A009C3330037A433FF7FFF7FFF7FFF7FC1
:10BAE000020100031004000090DBD83380BBC23396
:10BAF000A009C33380B28533FF7FFF7FFF7FFF7FC5
:10BB0000020100030F04000000045C360016D63664
:10BB1000FFFFFFFFFFFFFFFFFF7FFF7FFF7FFF7F35
:10BB2000030304040E050000000D99368015253628
:10BB3000A06325360016D636FF7FFF7FFF7FFF7F8D
:10BB4000020100030D040000000D99368015253612
:10BB5000A063253600045C36FF7FFF7FFF7FFF7FF9
:10BB6000020100030C04000080BBC23380BBC2335F
:10BB7000A009C333FFFFFFFFFF7FFF7FFF7FFF7F32
:10BB8000020100040B000000A0D1E336A006F0364D
:10BB900060630537FFFFFFFFFF7FFF7FFF7FFF7FB2
:10BBA000020202040A020000000D9936000D9936C7
:10BBB000205B9936FFFFFFFFFF7FFF7FFF7FFF7F47
:10BBC000020100040900000040E3CB3340E3CB3323
:10BBD0006031CC33FFFFFFFFFF7FFF7FFF7FFF7FE1
:10BBE0000201000408000000A03BFC3660981137F9
:10BBF00060373637FFFFFFFFFF7FFF7FFF7FFF7F4D
:10BC0000020202040702000080E7913380E79133CB
:10BC1000A0359233FFFFFFFFFF7FFF7FFF7FFF7F96
:10BC20000201000406000000C008D336C072EB36E3
:10BC3000E0C0EB36FFFFFFFFFF7FFF7FFF7FFF7F4F
:10BC40000201000405000000C008D336C008D33646
:10BC5000E056D336FFFFFFFFFF7FFF7FFF7FFF7FB1
:10BC60000201000404000000C008D336C072EB36A5
:10BC7000E0C0EB36FFFFFFFFFF7FFF7FFF7FFF7F0F
:10BC80000201000403000000000D993680152536DE
:10BC9000A0632536FFFFFFFFFF7FFF7FFF7FFF7F52
:10BCA000020100040200000090DBD83380BBC233E5
:10BCB000A009C333FFFFFFFFFF7FFF7FFF7FFF7FF1
:10BCC0000201000401000000000D993680152536A0
:10BCD000A0632536FFFFFFFFFF7FFF7FFF7FFF7F12
:10BCE00002010004000000006090A31AF26EEF034E
:10BCF000410821066310420AA518630EE72094123A
:10BD000049A9B518AC39F72251CA3929D55EAC39E1
:10BD1000BDFB0F0000B801B802B800B0030404086E
:10BD20000805000000000000000000000000000006
:10BD3000843B000078000000FC3B00000C00000089
:10BD40006C3E00000000000090360000F40400008B
:10BD50000C3C000004000000743E000003000000E2
:10BD6000D8310000B8040000083C000004000000C6
:10BD70006C3E00000800000000000000D831000008
:10BD8000783E000000000000783E00003C0000000B
:10BD90002F3600000000000000200880704710B51A
:10BDA000010000208F4A14680122A240012904D01A
:10BDB000022909D1BA49097802E0B9490978090983
:10BDC0001140914200D1012010BDFEB50C00864FFC
:10BDD000797A4907490F072901D1012500E000259B
:10BDE000824E31884022002D00D080220090100029
:10BDF000084028D0914301910C20002D04D102204D
:10BE0000FFF7CDFF0A30C0B2019A0321114389B276
:10BE1000A44AFB780C2B05D00D2B03D00F2B01D09F
:10BE2000102B02D13B88DBB213601160090A11604C
:10BE30001060002D01D030791060009800791060FA
:10BE40000820B149086021000098FFF7A5FFFEBD5A
:10BE500080B5664A9279825C182A06D18020000457
:10BE6000AA4A10600020088002BDFFF7AEFF02BDA5
:10BE700010B55E4A9379C45C012C08D15B1C9371A8
:10BE8000A3484860DBB25B1C0B80002010BDFFF7AD
:10BE90009CFF10BD38B5554A9379C45CFF2C14D073
:10BEA000514D2D88AC4201D0042032BD5479042C70
:10BEB00008D15B1C937197484860DBB25B1C0B8018
:10BEC000002032BDFFF781FF32BD0020088032BD67
:10BED000F0B5427A904B0024904D2D68ED060ED5BA
:10BEE000057A6D076D0F032D09D18D4800788242C8
:10BEF00001D00A20F0BD80204005D86228E0057AF4
:10BF000081262E40812E23D1664D467936018779D0
:10BF10003F093743FFB22F608679360107793F0921
:10BF20003743FFB22F60067936014079000930436C
:10BF3000C0B228600F202860032028602A607F207C
:10BF400028602C60286008206F4A10600004186088
:10BF50000C800020F0BD42791302F02212011A4039
:10BF6000807902439248824205D01F48008882426D
:10BF700001D004207047A44848600A2008800020AF
:10BF80007047A24A9379C05C92785207520FD04012
:10BF9000C00701D40420704700200880704770B5A6
:10BFA000124A9379C05C104C2488641EE026064037
:10BFB000A41B24B2002C08D4C006C00E55796D1CF9
:10BFC000854202DBE510A84201D2042070BD5480F6
:10BFD0005819401C90718E4A4A60C0B2401C0880BB
:10BFE000002070BD284000A8DC3E00006C3E000030
:10BFF000F2B582B041680A02120C009208240F27A1
:10C00000120A0F251540090E0191824E717A4907D7
:10C01000490F072903D1057A0C20092404E00220E6
:10C02000FFF7BDFE0A30C0B20199814201D206205D
:10C03000FEBD76490D71009A0A80019A101A487166
:10C04000621C0020009B1F40012F1ED025D3032F10
:10C050000CD022D233881B0601D10420FEBD8C7186
:10C060006D49029B596002990A80FEBD2B48006809
:10C07000C0060AD5280004D0307A854201D00A20B3
:10C08000FEBD80204005654B18608C7164480299A4
:10C090004860029802800020FEBD02990880FEBD23
:10C0A000E53E0000E40000AA5E4AD368006800BADA
:10C0B000984201D00420704708201268520303D42C
:10C0C000594A4A60088011E0584A10605848006890
:10C0D000E0225200024080204000824202D15548B6
:10C0E000072201E0544809220A8048600020704776
:10C0F0004C490968C90302D54B49082201E04F4960
:10C1000004224160028070474C2002A8441002A81B
:10C1100091320000B13200001C1002A8480002A8B1
:10C12000E43E000070B54478FF23384A8025D5717D
:10C130000D88042D0AD1630878251D40D57123028E
:10C14000F02424011C4083781C43194B09884018B3
:10C15000401E0578334E3068C00213D4308AA042A6
:10C1600001D0A3420CD1B17C55290BD08D4209D00E
:10C17000854207D00A2D05D04A2D03D0552D01D078
:10C180000C2070BDD079B075FCF7C2FFB17DFE28E0
:10C1900000D107200843B075B48229480068000A1E
:10C1A000F075357780208003264908600B2070BD2C
:10C1B000FF0F000080B50078552801D0542811D118
:10C1C000214848600120088019480068E022520098
:10C1D000024080204000824201D1042000E0032080
:10C1E000088002E00800FFF783FF002002BD80B551
:10C1F0000C490968890304D5144941600121018073
:10C2000001BDFFF775FF01BD113300006C3E00005A
:10C21000C3330000DC3E0000DF330000481002A8FA
:10C22000D5320000CC3E0000D93100004C1002A8ED
:10C230004C4001A89733000031340000E93400007D
:10C240001CC000A81C1002A865350000F5350000D0
:10C250006C3E0000A5310000BD310000BD31000082
:10C26000BD310000BD310000BD3100000000000004
:10C27000000000000000000000000000BD310000D0
:10C28000BD310000BD310000ED290000BD310000CE
:10C29000272B0000372B0000DB2B0000532C000065
:10C2A000B32C0000392E0000D32C0000C92E000052
:10C2B0001F2D0000712D0000ED2D00001930000031
:10C2C000E9300000F52A0000E9260000E92100001D
:10C2D00007270000DD270000BD310000CD28000049
:10C2E00091280000BD310000BD3100001929000077
:10C2F000BD310000BD310000BD310000BD31000086
:10C30000BD310000BD31000013130000091300000F
:10C3100056488068000200D4704780B580208002B3
:10C3200053490860CF2000F0D1FA10205149096824
:10C33000014003D0B849C8630220086001BDF8B5C8
:10C340004D48816B4D4F802292033A604C4E3368CA
:10C3500040241D050BD41C402AD0012003F067F8AF
:10C36000002825D08020C0058E49086020E0130BEE
:10C37000A0250D4002D10068C00601D53B6017E042
:10C380000A403FD18020884A1060884A10601940D6
:10C3900038D0364D287A400705D5012084490860F9
:10C3A0000002844908602878002801D0062801DBB3
:10C3B0000020F2BD00F09CFB716889684E68297806
:10C3C000052907D1E105B9606E60B668CC21890105
:10C3D000784A116000F095FB012E00DA0226BC209D
:10C3E00080058E490860942080058D4908606E485C
:10C3F0000021C9430164714241648021894A11606E
:10C400000460D5E7A3480360FFF782FF0120F2BD77
:10C4100018480168890504D5C06E0004000F022881
:10C4200001D0002070470120704738B580245E4855
:10C43000046000F05DFB05009748006800F0CAF951
:10C44000280000F05EFBFFF763FF0848007A000752
:10C4500005D5A0000949086000F02CFC31BD60033F
:10C460008C4908608D48046031BD0000783E0000B2
:10C470001C1002A8440002A80C0002A8442002A834
:10C48000CC3E0000FEB50400854D8C208001686024
:10C49000012684480660FFF7BBFF002826D08248AB
:10C4A000007800287DD031020194052802D0224670
:10C4B0000A4076D1CC2292012A607C4A12688123FC
:10C4C0001B02134001D0032301E053075B0F0C0153
:10C4D000022804D1022B62D3364804605CE04D018F
:10C4E000032804D1022B5AD932480560F7BD04282D
:10C4F00002D1114053D0F7BD052850D10198002832
:10C500004DD0C005C10F684641700198C004C10FED
:10C510006846017000F0ECFA029063484068694692
:10C520004978002903D006688021204A11606704F9
:10C5300099496A461278002A0CD0C2680B68D21A50
:10C54000964B1B683B4001D0066800E04668964267
:10C5500000DD1600684640786A461278024308D02B
:10C5600008684242B01E824202DA7042886000E0EF
:10C570000026029800F0C5FA0198800501D59C4874
:10C5800007600198054001D09A480760002E06D048
:10C59000CC20800107490860BA480460F7BDFFF766
:10C5A00044FFF7BD4C6201A80CC001A890E001A8AF
:10C5B000C4D000A8145001A838B580248E48046067
:10C5C000012038490860384D2878052802D06000DD
:10C5D000AD490860FFF71CFF002812D02E48006804
:10C5E000000A80214140A868000EC9B2814208D2E9
:10C5F0002E4800684007400F022802D2FFF715FFBF
:10C6000031BDA2480168C0220A4002D1C06F20405B
:10C6100001D00448046031BD082002A808E001A848
:10C6200008D001A894D001A80A0000D1704780B5B5
:10C630001822514340180C304069002803D0802153
:10C64000090300F0E5F901BD38B500F051FA040026
:10C650008F480568A86881782800FFF7E5FF68889B
:10C6600001210143698002208A4908608A490860E3
:10C67000200000F046FA31BD10B500F039FA040090
:10C68000834800688168C978FFF7CEFF200000F07A
:10C6900038FA10BD441002A818C000A8100002A863
:10C6A000106001A8C4E000A8783E0000184001A86E
:10C6B000F1B582B00F00A020384003D17748006860
:10C6C000C00603D580208000754962E000F010FAB2
:10C6D00001906F480468F80204D5A06800690290D0
:10C6E00000F081FB00F0D3FB80210903606800F0BB
:10C6F0008FF926780020761C6178B14200D200269E
:10C700001821714365180C3529780829F3DA267049
:10C71000A5602978634A1170B9050FD500F0E8F9D2
:10C720005B4909688968C968009100F0EAF9F80274
:10C7300003D40098032188430090009859498860E9
:10C74000012738400DD158480299426B891800687A
:10C75000081A56494018012803DB00F08FFC01F04D
:10C7600011F8F904686900F053F93C2000F0AEF8C4
:10C77000F0B200F0ABF860884D490140618001984B
:10C7800000F0BFF93805464908604A48076038029A
:10C79000494908600298FEBD48C001A84C0002A8A3
:10C7A00010B546480068800501D4FE2010BDC020A9
:10C7B00080034349086000F09BF9354909688A788D
:10C7C000D20702D589688C7800E00C7800F099F9DE
:10C7D000200010BD2E4909688A688B78DB0704D5D4
:10C7E000927818235A438A180C32906070470000E0
:10C7F0004C1002A84C2002A894E001A8F1B582B028
:10C80000304F3C680026200F000702D1E001029063
:10C810002AE000F0B7FF00F06BF9019080210903D6
:10C82000606800F0F5F825786D1C6078A84200D2A9
:10C830000025E80020180C3000900068029080214C
:10C8400009030098406800F0E3F83D2000F03EF84E
:10C85000E8B200F03BF825700098A060019800F065
:10C8600050F902A801F022F817480068800407D5A3
:10C87000F86901F096FC02990818029000D502961A
:10C880000298FEBDAC3E0000146001A814C001A8CF
:10C89000D03E0000284000A8448001A80C0002A857
:10C8A000442002A8783E00009C3F00000010FFFFDB
:10C8B000FEFF0000C0E000A8106001A8440002A82C
:10C8C000441002A8D43E0000FC0302A845490968B0
:10C8D000002901D5444908607047F2B582B0434C45
:10C8E000A168434D4A004ED50126090100D52126F5
:10C8F0000100404A1068526800922A689206920E1F
:10C9000023689B0080273B4013437A001A4301921F
:10C91000394F0A0026D0890601D5012008E0F02110
:10C92000014007D16946097A0C220A4002D0022050
:10C9300000F042F8396EBC22920091420DD12F498D
:10C940000968C90309D52168490306D52168090783
:10C9500001D4022100E0032100914836019A396890
:10C96000890002E0019AB96B09094023194011437B
:10C970009A00009B002B02D013432B6608362966D1
:10C9800002432A662E66E86D45076D0F00F09AF89F
:10C99000A8070BD0052D09D0A068000406D400F02C
:10C9A000A7F80221164A116000F0ABF800F093F8E6
:10C9B000002000F001F8F7BD0E490A68F0239A4301
:10C9C000000110430860C0B270478020C0020D49CA
:10C9D0000968890701D10C4900E00C4908607047DB
:10C9E00000000000500002A8884000A8480002A8EB
:10C9F000284000A8783F0000184001A8CC3E000065
:10CA000024D50350844000A8486000A8485000A8DE
:10CA100080B5494A116001F0EFFBFFF7D6FF01BD79
:10CA200070B500F065F8454A454BD1688C0819008F
:10CA30002140D1246400D52901D2D52102E0A142B0
:10CA400000D921000D0046352D041E042E400D0096
:10CA5000463D2B4033431360C0221206394B1A6007
:10CA6000394A137C002B0AD0384BD52902D98025AE
:10CA7000ED051D60A14202D2802424061C60002323
:10CA8000334C23605388002B00D1118000F039F81B
:10CA900070BD80B52F48304908603048C168090230
:10CAA000090A19225143416005210160FFF7B8FFCF
:10CAB00001BD2A480068C00300D4704780B5FFF765
:10CAC000AFFF01BD8020C0021B49086024480068F8
:10CAD0004007FBD470478020C0022249086070479D
:10CAE00001E021490860214909680140F9D17047F6
:10CAF0001F48006820211F4A116010211E4A116042
:10CB000070473021014002D110201A490860704757
:10CB10001748006830210140102901D101207047D9
:10CB200000207047154801210160C1607047012055
:10CB30001349086070470000441002A87C40005070
:10CB4000FF010000A0600050843F0000A45000508E
:10CB500018E000E07F1A0601540002A810E000E08F
:10CB6000440002A8442002A8282002A8280002A805
:10CB7000600002A8602002A8601002A8789001A8B6
:10CB800084A001A8FEB54D4880214902C16102215F
:10CB90004B4A516000214B4A11604B4A11800321DE
:10CBA000474A116002210160484804680020484952
:10CBB0000860202047490860802047490860CC2051
:10CBC0008001464908600120454908603D48806F62
:10CBD00001900F26000B3040009042480068C505C8
:10CBE000ED0D103DC0202843C0B2FFF76FFEE005F9
:10CBF00004D50098092801D001F052F901980640A7
:10CC000039480468032E04D0022E06D10098032868
:10CC100031D000F0A2FA032E04D0009806282AD1C1
:10CC2000062D28D0314800680127C00B384001D0BC
:10CC300001F002FC2E480068000108D5052D06D140
:10CC400001252C4807606805FFF74AFF00E0002532
:10CC50002100009800F0DAFA0400274E002D05D0DC
:10CC600000F086FC37600220244908607805706572
:10CC70008009234908601248802149020162009915
:10CC8000002908D10221416000200E490861C0201E
:10CC9000C000124948642000FEBD80B5FFF712FFB6
:10CCA00018480078800602D4022017490860FFF770
:10CCB00012FF01BD02201549086070472C1002A820
:10CCC000282002A8380002A8B03E0000B80002A840
:10CCD000AC3E000094E001A80CC001A8146001A8BB
:10CCE000C4E000A804ED00E0B44000A800E200E0C9
:10CCF000FC3E0000645000A8646000A82C4000A81E
:10CD000080E200E0CC3E0000081002A8082002A843
:10CD100070B5714C714D80267601924800683040A4
:10CD200005D06660062001F057FC6E6004E06E607E
:10CD3000062001F051FC66603D20A0607021296052
:10CD40000F222A602160A86070BDF8B5854C80254F
:10CD5000ED02854E6F097068384002D16068800529
:10CD600025D5FFF7C5FE81490D60FFF7CAFE706843
:10CD70007F49014090204001084370607D487E4912
:10CD80000860002060607068384002D1F0208000A8
:10CD900060607068074025D078480068C00721D5DA
:10CDA0007748007880071DD401F01EFC18E0306839
:10CDB000C00717D5FFF79CFE6C490D60FFF7A1FE79
:10CDC0007048FF21FE314160F12149026A4A116039
:10CDD0002168C90401D5822100E0C3214902016014
:10CDE000FFF796FFF1BD80B5634801215E4A1268E6
:10CDF0000A4006D0644A1268920501D4CA02026051
:10CE00008160C0214160FFF773FE8021C902BA4AE8
:10CE100039E0F8B5594804685C4D80270226344251
:10CE20000AD05B480068E021C900014004D02F60AF
:10CE30000420686101206861FFF75AFED021C90310
:10CE4000214007D18A490968314003D1894901222B
:10CE50004A600E60210507D52F6004216961C14930
:10CE60000D220A600F220A60FFF74BFEF1BD80B56C
:10CE7000FFF73EFE0121804A1160934A02231360AE
:10CE800051600021914A1160FFF73BFE01BD9048BF
:10CE90000068C007FBD4B4480421416180210160CF
:10CEA00070478C4908680122104200D1704710B5C4
:10CEB000E023DB000340FF24A41CA34207D3AB4BB9
:10CEC0009C6BA40602D41B68DB0600D548680240B0
:10CED00001D000F001F910BDA82102A8A81102A8F4
:10CEE000F8B5C821854A11600621854A1160802164
:10CEF0004903844A1160844C8909216083490A6886
:10CF00004B691C251D40102D01D1012300E0002399
:10CF100005000720824313430B60286894490F687B
:10CF2000874200D30700C01B28600121280000F0C1
:10CF300087FB06002868C0192860FFF76AFF8D4844
:10CF40000168C90603D584208000E06107E09549A7
:10CF500008220068104001D00A6000E04A603000FA
:10CF6000F2BD0000AC0102A8EC0002A83850005A43
:10CF7000FFE3FFFF00FEFFFFAC2102A8500002A864
:10CF8000803E0000AC1102A8B00102A8841102A8E2
:10CF9000980102A8F1B582B08348844908608020D6
:10CFA000C00183490860834E0820B0650421B16543
:10CFB000814901220A601F23B362804B83246400ED
:10CFC0009C61022410256B4F3F682F4004D00096CF
:10CFD0007B4F019737600EE00D270197654F3F6843
:10CFE000074004D01F0010370097B26503E01F0010
:10CFF00014370097B465019E009F3E60714E3668FD
:10D00000002E00D4986170481860C020C0006F4E98
:10D010003668F827FF01374001D1D86200E0486147
:10D020006B480068104007D05A666A48006880055F
:10D0300003D4D002D86500E05D635D4D286C0240EA
:10D0400008D0686BC00705D463480068044001D16C
:10D0500001F002FB029C0020C04360490860FFF71A
:10D06000D8FE200001F0A6FA686B8001FCD4F7BD61
:10D0700000400C5000500C50982102A838B5FFF722
:10D08000F6FE4D4CB72040002060554D032028632C
:10D090004D48A8660020E061524908600D203549DE
:10D0A0000968090701D5A86700E0E867FFF79BFE5C
:10D0B0001020E061012028600C20286380200002FD
:10D0C0003B49086031BD000000600C5000000C506E
:10D0D0009C0102A8883F0000F0210901424A11602A
:10D0E00001404248016020204149086041490968E7
:10D0F00008404149086070473860005A548001A8D0
:10D100000C9001A8982002A8A41002A8740102A8FB
:10D1100080B53A483A4982680A4002D1C268114053
:10D1200001D02149016025480821364A13680B4087
:10D1300000D081611178C90602D5862109010160FC
:10D14000FFF7AFFE1420FE2189010860B448016892
:10D15000490701D0FF21416101BD1348134908600F
:10D160007047000000100C50842102A80C0002A897
:10D170009C3F0000FC0302A823480068A9490968F5
:10D18000890F89070CD0A8490968C90708D5A7499C
:10D19000802292030A60A64B1A60104000D00A60F9
:10D1A00070470000601102A801200000706201A811
:10D1B000100002A8C01002A8682102A8501102A8FD
:10D1C000FF03000028C000A8043E0000A88001A8BA
:10D1D000EC0002A8B00102A8803E0000B46000A8E4
:10D1E000E82002A8C00002A8586001A8585001A871
:10D1F000482002A8184001A8481002A8704201A8BF
:10D2000000800080F84F00004C4001A8F0B587B0C6
:10D2100005000C0087480068400102D5200040242A
:10D2200004438548006805908448C66AFFF760FC9F
:10D230000690B00503D582480068FFF7CBFA0020BE
:10D24000009001227006C00F01907E488668002180
:10D250008160B82149007C4B19606308B8211940EE
:10D260000078F0230340402B02D108004021014305
:10D270000D2D02D1300004260643700704D50800A6
:10D2800014210143102084437048036820003400B7
:10D29000DB0506D580235B006D4D2B600B00012163
:10D2A00019436C4D019B002B11D10C230B40082B13
:10D2B0000DD00B00614EB66BF70601D41027BB43AF
:10D2C000B60601D42026B343B1261E4042D0130037
:10D2D00042D0AB6DDB04DB0C792B07D38021062217
:10D2E000564B1A604A02A14B1A60002281230B4060
:10D2F00035D00823019E002E00D12B622600082481
:10D30000344310239843042302931B059C4E33603F
:10D310005B08464E336013001ED0029B062B25D3BC
:10D32000444BDE6CF60621D5964E3668360E0096D6
:10D330005B699BB2934EF66B360603D01E008023CA
:10D340005B0133432B611B122B61404B1B68DE05D5
:10D350009ED40BE008222A620390049133E000BFC0
:10D360003DA34E06F60E9B5D0293D4E70390049115
:10D37000029832490B6B834A12682E686F46BE8052
:10D3800028261E400643980CC00130431E001B0E89
:10D39000334010263340034390004022104018438E
:10D3A00001AA9070486B000A01A9C870FFF7F8F94C
:10D3B00001A908710098487173480068C8800198F5
:10D3C000E8660298E8660698FFF79BFB0820039939
:10D3D000490601D56A4988606C490860E1B2049841
:10D3E000C0B2FFF77AFAFFF7C7FEBC20800065499C
:10D3F0000A6E824207D1059AD20301D4086E0BE06F
:10D40000634A644B1A60096E814205D10598C003D6
:10D4100002D5614800688047039807B0F0BD00005E
:10D420000C4000A84C4201A8384301A84C5001A868
:10D430004C6001A8084000A8CC3E0000180002A8DB
:10D440001CC000A8783F0000B46000A81C0100AA1E
:10D450001C2100AA540000AA0301070603010706C5
:10D460000501060605010606030207060302070674
:10D470000502060605020606F8B5484F484C0F257A
:10D4800001264849A06BC00621D5012008704648F6
:10D49000006846490A68824204D289695118491CC9
:10D4A000081A00E0101A424909684018012852DBA6
:10D4B00001F040FC3F490968090B0D40022D48D19D
:10D4C000B1053D4A116010213964266041E0206CAD
:10D4D000C00026D539480068E021890501403AD0CE
:10D4E000344C37480068C00504D42068000B28403D
:10D4F0000228F5D033480668FFF7FAFA3249F2B24B
:10D500000A603204120E0A603202120E0A60320EF3
:10D510000A60FFF7F6FA2068000B28400228DFD0E7
:10D52000F1BD2A4C2068002815D00E7001F042F899
:10D53000002810D101F0FEFB1E490968090B0D40BF
:10D54000022D06D131041C4A1160022139600021EC
:10D55000216001F0F3FBF1BD802080041C490860CC
:10D560007047802040041A4908607047141100AACF
:10D5700018480168490701D0FF2141617047000048
:10D58000441002A8184001A8448001A8845000A8B3
:10D5900008000400482002A8043C0000082002A85B
:10D5A000100002A8B23E00001CC101A820C001A8C2
:10D5B000EC3E0000B00002A81C1002A84C4001A8DC
:10D5C000084000A8904000A8640000AA983E00000F
:10D5D0003C2002A80C4000A8F0B5802000020821E1
:10D5E0007D4A11600A217D4A012301248C400443B5
:10D5F0008CA56D5C25431560F025794E3560764D20
:10D600008BA6765C022737432F6004262E60754D6B
:10D610002D681D4003D1156C2D03F8D401E00220C4
:10D62000F0BD156C566C6D036D0BAE4200D2200040
:10D63000491EDAD508216A4B196010600020F0BD40
:10D64000F3B581B00500FFF712FC6748046867482E
:10D65000006865490860664E286831684718012FE0
:10D6600013DB00F052FDC001381A01280DDBFFF773
:10D670000EFC00F087F828683168401800F09AFF27
:10D68000010002D00021296013E08027BF00594823
:10D6900007605948006F022507282DD00521084052
:10D6A000052809D0544801670C2000F095FF0100BF
:10D6B00002D04D490C60FEBD504EFF207A307062A2
:10D6C0000420B062FFF7E3FB3560E020C0044C4962
:10D6D00048604848290641600560012000F07CFF51
:10D6E0007762022000F078FF680270620820B06262
:10D6F000022000F071FFB5626846007A0127002819
:10D7000005D03D480068384001D0FFF71EFB3D4E74
:10D71000E02040003060042000F05EFF69460870A1
:10D7200068460078002826D135480560A802B06216
:10D73000C001B062344D10202860F76540263348A0
:10D740000068304007D1FFF747FF69460870684618
:10D75000007800280FD12F600020E867022000F039
:10D760003BFF2B4D2E60B0002860022000F034FFFC
:10D770008120C002A862FFF79CF91B48046068463C
:10D780000078FEBD70B5FFF772FBFFF780FB022447
:10D790001D4804601F4E0820B062C0017062012065
:10D7A00000F01AFF2502756234600620B0621A4844
:10D7B0007062E020400016490860114E3460FFF7A7
:10D7C00081F916480078002800D005201449086027
:10D7D000FFF781F9356070BD889001A84C8001A8E1
:10D7E00088A001A8140002A8780102A8F80302A8E2
:10D7F000D03F0000981002A8EC0002A85C1102A81B
:10D80000982002A82C9001A80C8001A8500002A822
:10D810002CA001A85C2102A8F9610000703F000063
:10D820005C0102A8000000010102020208081000C9
:10D83000505050404030303030202000F8B50400C7
:10D840000F00404DA878FF2801D12E8808E0FFF78F
:10D850004FF93D4909684905CE0DFFF752F92E8071
:10D86000E92E01D2E92604E0CC204000864200D90E
:10D87000060020003978814200DA080001217A563A
:10D88000010051430222BA5E891841430420385EE8
:10D8900008182E49711848438015001901D5002039
:10D8A000F2BDE978814200DA0800F2BD38B5040023
:10D8B000102027490860FFF7EAFAC020C000254978
:10D8C0000968F822D2010A4001D1234900E0234926
:10D8D00008602348C82181640A2101602148802111
:10D8E000490301608909C1601F4801684269E0235A
:10D8F0001340802B01D1012200E00022072399432D
:10D900000A43026019480068C821C9014518206807
:10D91000854200D30500401B206000212000FFF756
:10D920008FFE21684919216032BD80200001104915
:10D93000086000030F49086002200F4908600F4982
:10D9400008607047F83F000088400050D6FEFFFF97
:10D95000984101A8AC8001A87C1102A87C2102A8F2
:10D960000C8001A8981002A8740102A8983F00003A
:10D97000441002A8442002A8F41302A8685000A88A
:10D98000F1B584B0C54800680190C54CE068C82175
:10D99000C90140180499884204D2081A00F00AFE0E
:10D9A000002803D10126BF4D6868304000D0CBE18C
:10D9B0000420BD49C8628003BC498862BC48006835
:10D9C0000290A86B8007800F00907704032803D093
:10D9D0001020B549C86224E008468762E96B8906D1
:10D9E00001D5012045E00299090611D5EA6B022113
:10D9F0000A400DD10522C04B1A60EA6B10231A4071
:10DA00001143BD4A116000211160A96B090A116020
:10DA10000421C162E86B002803D5A3488762002077
:10DA20000090A86B400704D5A86BC00031020840E5
:10DA300002E02068304201D0FFF74EFB029805213A
:10DA40000140052909D1C148009989014018006A9F
:10DA5000C004C00C401EBE490860C0208000BD4903
:10DA6000486500990902BC4A1160BA4B986551603B
:10DA70000020296C942292050A40110000D0012157
:10DA80006A46117069460978014341D088483021BF
:10DA9000405CC021014040290CD1FFF7FEF8A06B8B
:10DAA000019001A8FFF71CFA002833D10198FFF775
:10DAB00071FA01E0FFF7FEF8202028606846007840
:10DAC000002800D140E1A54FA54CA86B40070CD51C
:10DAD000B00376498862400273498862266002205A
:10DAE000386000F031FA00280BD004206E49C8627B
:10DAF00040026E49886200036B4988620220206000
:10DB000038606B480078000600D41DE1F00419E18C
:10DB10006868304000D017E16448C762FEF7D2FF62
:10DB2000286C000406D4FEF7E3FF0221994A116035
:10DB3000FEF7E7FFFEF7CFFF30032860964FC020C7
:10DB400000063863300495490860A86B4007C10F90
:10DB500068460170FEF7CCFF91490E60FEF7D1FFD9
:10DB6000904891498861686B000206D58F48801CF7
:10DB70000068F1054C4A916200E0A06C296CC90272
:10DB800009D5202807D900BF76A1019A520700D4F1
:10DB9000891DFFF753FE854A1070002801D100222D
:10DBA00009E042091F231840062A04D940003043E7
:10DBB000202800D31F20530103435002184338602C
:10DBC00001207B4AD36F7B4A1A43794BDA677E6622
:10DBD0008022FA620822714B1A66019AD20603D596
:10DBE000AA6B920603D403E0019A120700D4002026
:10DBF0006D4DA9492960FC212961002809D0280020
:10DC00003C300290206DE16C1A46D166616ED1679E
:10DC100008E0280040300290A06D1946626DCA6687
:10DC2000A26ECA6762490A68FF239A4310430860DC
:10DC3000A020C0003863052000F0CEFC019840070A
:10DC400001D5802000E0402002990860022038635E
:10DC5000062000F0C1FC08203863052000F0BCFC61
:10DC60003E633002A864042000F0B6FC76027E60B9
:10DC7000022000F0B1FC842080003863022000F014
:10DC8000ABFCEE61062000F0A7FC02988349401827
:10DC9000019949070ED520210DE000BFFC0302A821
:10DCA0008C3F0000100002A81C2002A81C1002A833
:10DCB000CC3E000010210160062000F08DFCBE6407
:10DCC0000020C0432349086000F01FFA401DC00136
:10DCD000E1684518700198494E6F06409749086001
:10DCE000974F049885420AD2E168401A00F062FC1E
:10DCF000002803D03E6027E0E40000AA049D012034
:10DD000000F06AFC8020400024490860280000F0F0
:10DD100051FCC03C68460078002806D1864800685F
:10DD2000606280200004874908603E606846007891
:10DD3000002809D0012000F04FFC2078000603D510
:10DD4000802000039749086005B0F0BD0C0000AAD0
:10DD5000204000A8B46000A8085100A8685000A89E
:10DD6000F41302A8C0350C109E8DAF1B3813460D5E
:10DD700080B5FEF7BDFE8C4900220A600A22CA6106
:10DD8000FEF7BFFE8948832109040160884941608C
:10DD900001BD000024E503503C1102A8B81002A800
:10DDA00000500C50FF0E0000242102A8FA3F000092
:10DDB000280102A8FF3FFF3F7E48806B800300D40C
:10DDC0007047F8B57C4804687C4D0826E00629D5E4
:10DDD0007848806B800627D42800483000900120C6
:10DDE00000F0FAFB00277648076076480660764820
:10DDF0000068C00403D4754800683040FBD002209E
:10DE000000F0EAFB842080006865022000F0E4FB5B
:10DE100070016F490860042000F0DEFB600706D542
:10DE2000202005E03442D7D128004C30D6E710201E
:10DE300000990860FEF75CFE0121664A1160FEF75A
:10DE400060FE0220686500F0C7FB09206865C020FD
:10DE500000066865022000F0BFFB00980F494018DB
:10DE6000610701D5802100E040210160A020C000B1
:10DE70006865082000F0B0FBB001E8662E60E02085
:10DE80002865554807604760B0024A4908600001AC
:10DE900052490860F1BD00003F3F000000F0FFFF65
:10DEA000F8B54F4800680D2707400424002F00D123
:10DEB00004274C480225102608214B4A4B4B1B686F
:10DEC0002340126818D04260394005D00220FEF786
:10DED00073FD6003464908603C4007D04548006830
:10DEE000064344480660280341490860012042492E
:10DEF00008604248056018E00260394005D0022001
:10DF0000FEF75AFDA0023A4908603C4006D0394865
:10DF100001680E43066068023549086036480560AE
:10DF200036480560A8062D490860FFF745FF002127
:10DF30000020FEF7D2FCF1BD20C001A894E001A8AA
:10DF400094D001A81C1002A810B580202C490A68A2
:10DF500002400AD02B4B1A680624144005D15C6E8F
:10DF6000294A22401B6D9C0101D5002010BD096883
:10DF700008400DD02548824203D1180501D5012063
:10DF800010BD23480068C107C90F481E8041C00F5B
:10DF900010BD204803210164A821C1631021016044
:10DFA000704700001C2002A8D80000AA442002A844
:10DFB00004000080100002A8FC0302A8182102A897
:10DFC000B80002A8106001A8D84001A8104001A81C
:10DFD0006C1102A800600C50A00102A8482002A801
:10DFE000B44000A8F43E00001CC101A8480002A8EB
:10DFF000441002A8783F0000F41302A8685000A85B
:10E00000440002A814C001A81F1F0000010C00005A
:10E0100030C101A8082002A86C480068012108420C
:10E0200009D16B4A12686B4B000C1840F0329140DA
:10E030000B40984201D00220704700207047F8B58D
:10E0400007000F386A461080604CE0680A0004D16F
:10E050006B461B8882B29A423AD200226B461A80E3
:10E06000012502263A0013D02268324007D0002949
:10E070002ED059480088401C57490880002039009C
:10E08000216156490E6080B2B84201D369460D80C5
:10E090005348456000E030BF2068304003D1FFF7AF
:10E0A000BBFF0028F7D04D484560390010D02168EB
:10E0B000314005D048490A886B461B88D2180A802F
:10E0C000066000202061E068B84201D24448066042
:10E0D000FFF7A2FFF2BD38B5050000F02BFE0400EB
:10E0E000012199204543A8093E4A12688018123838
:10E0F00080B2FFF7A4FF05008020C0013A49086004
:10E10000200000F01BFE280032BD3348038835494B
:10E11000096802889342F9D1100408187047FEB5C7
:10E120001238070C6946088000F004FE0190274C65
:10E13000294D2888B8421ADA01202C490860274E58
:10E1400030BF02202168014006D0306040032649DC
:10E1500008602888401C2880FFF75EFF010002D17C
:10E160002988B942ECDB0121716000280DD1288893
:10E17000B8420AD1E06869460988884205D2002180
:10E1800068460088FFF75BFF01E0FFF745FF0400EA
:10E190008020C00114490860019800F0CFFD2000E4
:10E1A000FEBD10B512490A680E4B1B680C689442FC
:10E1B000FAD0DB014033141A02D288692418641C97
:10E1C0000C4800684443181B10BD0000280002A83A
:10E1D00004ED00E0FF3F0000B03E0000282002A850
:10E1E000281002A8340002A880E200E02C1002A847
:10E1F00020C001A8A83F0000F0B502E00A601C6042
:10E200002E607EC84F1C07D05F1C04D06F1CF5D158
:10E210000A601C60F0BD0A60F0BD000080B5FEF72A
:10E22000CBFB01207C49086001BD80B5EB2000F0EC
:10E2300001F801BD30B5FE2189010B68184010229C
:10E24000134210D0754B764C2468224008D0754A92
:10E2500014682402FF252D0225401D63002414604C
:10E26000802252031A60086030BDF3B50100160029
:10E270001C00002500956C48019A330000270BE034
:10E28000BC464F5D4743AE009E597E40575D4743B5
:10E290003740664637436D1CA542F1D339093943EF
:10E2A0008A080A43510811430840C10901430F205D
:10E2B0008A0B0A4302405040F6BDF1B582B00E0011
:10E2C000002058490860594DEF7AA87A01900F2133
:10E2D000394000910ED00B46554A56490298FFF737
:10E2E000C4FF019901404F48016099484143994852
:10E2F000084001D1012400E04401380915D0320062
:10E300003B0929000298009E6D7A75194019FFF7A4
:10E31000ACFF019909110140424802680B01134307
:10E320000360002901D048004443FC2080010068BC
:10E33000204001D10420FEBD0020FEBD80B50A00B2
:10E3400000211180844952888018FFF7B6FF02BD72
:10E35000F0B50F22814B5C7905780F202040C54035
:10E36000200928409C79C440E40701D40320F0BD73
:10E370002B4C2468A50708D5794D9E684700F65BAD
:10E38000761E2E608026B601EE60DD78DE79C6400E
:10E39000F00711D5E0060FD5002D0DD0714848606B
:10E3A0000888488008881C7800192A4080185A7804
:10E3B00080182A09801800E0002008800020F0BDA5
:10E3C00080B569480168694A0820014200D090611F
:10E3D000C90602D58621090111606549654A13689D
:10E3E000034005D0644B1B689B0F9B0700D008605F
:10E3F0000B480078C023034002D18020400508600C
:10E4000010682022104008605C480068C00101D4F8
:10E41000FFF70BFF01BD00002C4000A81C1002A854
:10E42000CC3E00009C3E0000010101014C3F000079
:10E43000043F0000443F0000F8B5514801684668B9
:10E440000E405048304050490860504A0221002098
:10E450000127330422D50097137E002B09D11369BD
:10E460004B4CA361D36854691B19494C63611776FF
:10E4700007E0474BD4689C611469556964195C6175
:10E480001076537E002B00D000905076009B002B1E
:10E4900004D004233F4C23603F4B19600C053F4DD3
:10E4A000F3022BD51268130605D53D480068A86015
:10E4B0002F70A98016E03A4203D03A48A860AF8096
:10E4C00010E0D10610D52749A960374A91780B078B
:10E4D0001B0F12789A1809095118A980E880A8889A
:10E4E000002809D0264309E0510604D5281D2F49EC
:10E4F00009688847F3E7A880FFF797FE264026D0F3
:10E50000214E74603460A9881D4800290DD0026A2C
:10E510008A420AD3291D2648AA6890470100F2D0F2
:10E52000FEF74AFA1A480760F1BD0A000CD0FC2237
:10E530009202F261184A0B03936634601465006A14
:10E54000884204D3D464F1BDEB20FFF773FEF1BD24
:10E550001111000021840000243F0000543F0000FE
:10E56000204000A8ED200000F84F0000502102A834
:10E57000481002A8184001A84C4201A8D04000A8A9
:10E58000B44000A8FFFFDFFFB46000A8CC3E00004D
:10E590002C4000A8F41302A8685000A8A03E000078
:10E5A0000C3C000001210000553F0000083C000029
:10E5B000D84000A810B5C409FFF7A7FD201A3128DC
:10E5C00006DAC000183801D4C01EFDD5002010BDE9
:10E5D0002000FFF7A4FD10BDC32148436F3801D4CC
:10E5E0001E38FDD500207047524801210170524964
:10E5F0000A684260496881605049E02252010A601D
:10E60000802292004E4B1A60FD224A604D490968F3
:10E6100001614D494D4A11608121C9004C4A116088
:10E620004C490968C16007204B49086002204B49EA
:10E63000086070473F48017800290CD00169414AC1
:10E64000116000210170C168424A11603A49826834
:10E650004A60406808607047FEB5C020C004404969
:10E660000860404C404860654048A0651020FFF7B6
:10E67000B3FF01005CD1FF2000053D4908603D4823
:10E680003D4908603D48206080256D03384805609D
:10E690003B4807680820FFF79FFF010048D1082684
:10E6A000384806600120FFF797FF354880680190E1
:10E6B00035480660354820602D4805600820FFF782
:10E6C0008BFF010034D12F4806600120FFF784FF43
:10E6D0002B4DA86800902C4806602D4820600199B9
:10E6E000009800F05FF80004FC26B603064001988D
:10E6F000C10B0098C00B00F055F80106FC20800506
:10E70000084030432349020C4A40FF239B1CD21887
:10E710001140014321602F608020000314490860EC
:10E720001D481E4901601E494160FFF783FF00201C
:10E73000FEBD0000843E0000AC0102A8AC1102A89E
:10E74000B02102A8F00002A8083E0000F02002A8B4
:10E75000F01002A8704001A8706001A8705001A8D4
:10E7600020E000A84C0102A857140000FF3FFF3F23
:10E77000B42002A80000380EB41002A810103030E7
:10E78000104101A8105101A8106101A830301010EB
:10E79000202020203F3F0000A02102A8F703F00026
:10E7A000FF3F000010B54904CA104004C310991A75
:10E7B00000209A18D30F9A18521052188B115B0E22
:10E7C0005B18DB11D2182023541A01D422001843FD
:10E7D000CC0F611849105B08F6D110BD10B5C2000E
:10E7E00018231340FF249C40E2438907090E9940F7
:10E7F000030004D47D489B089B00C01806E07E4BB4
:10E800000007000F083880088000181803681A40B5
:10E810001143016010BD80B57B225421002000F01F
:10E8200035FA01BD10B500F085FA714901220A6080
:10E83000704B724C2360724C23600323714C236035
:10E84000714C2360714B1A60714B1A60714AA24B74
:10E850001A6011228A6300F071FA10BD00F06AFAA2
:10E8600005000024012160B2FFF7B8FF641C0E2CE4
:10E87000F8D301210F20FFF7B1FF01211120FFF78D
:10E88000ADFF01211320FFF7A9FF01211720FFF79A
:10E89000A5FF03210120C043FFF7A0FF01211E2097
:10E8A000FFF79CFF01211F20FFF798FF5A485B49A3
:10E8B000086002205A490860012095490860470411
:10E8C000584C20683840FCD0FEF7E3F8280000F0F0
:10E8D00035FA554D0AE000281BD0FEF709F918E07B
:10E8E00020683840FCD0300000F028FA206D000489
:10E8F000000F022801D1FEF7BFFD00F01BFA060051
:10E90000FEF706F900286878E5D0002801D1FEF767
:10E91000F8F801202978002906D17049096889068C
:10E9200001D43F49086030BF0021297002213C4AD0
:10E93000116077490860D3E77648016842680A4069
:10E94000754810402D490860800703D57C48018830
:10E95000491C01807047FEB57A480168406808404C
:10E96000000E00060090784800680190774C784DC2
:10E97000802189044A0ABC239B00764E009FFF0138
:10E9800011D537689F420CD110400AD0A967724850
:10E99000C167724FA76386277F022F60C0273F01A0
:10E9A000076002202060009808401CD0E9673068AA
:10E9B000984218D10198024015D00C20A66EF1B2F1
:10E9C0002A290DD1664800688047FF2000023040A8
:10E9D000BC210902884202D1A848006880478C20E7
:10E9E00020600120A0630098A867F7BD00E400E064
:10E9F000040002A80000FF3F1CED00E0282002A850
:10EA00002C1002A840E002A844C002A804C001A83B
:10EA1000044001A820006006FFFF9BC000E100E069
:10EA2000602002A8600002A8B23E0000F8B5824C47
:10EA3000206865680540924805608026F605494AC9
:10EA4000B00C90490B68002B10D105420ED08E4BB4
:10EA50005F68FF070AD51B68DB0007D580231B060C
:10EA6000136000BF00BF1660854B1860964F3B785F
:10EA7000062B0FDA08688C218901014329401BD03D
:10EA800000F058F900902800FDF7FCFC009800F019
:10EA900055F911E00B68526B92050DD5C822D204CE
:10EAA0001A432A4005D0FEF767FB2800FDF7EAFC71
:10EAB00002E0AA0200D5086084480068064009D038
:10EAC000A80607D5A068000704D53878072801D123
:10EAD000FDF7BAFDF1BD0000145001A8F40302A82F
:10EAE00010B57B48016844680C407A480460802176
:10EAF0000C4205D04160784801600020FDF7C2FC5F
:10EB0000600403D5802040057449086010BD0000F2
:10EB1000601002A8280002A8FFFF00C038B57048A6
:10EB2000016844680C40E00707D500F003F90500D0
:10EB3000FDF742FD280000F001F96A48046031BD8C
:10EB4000B03E0000B44000A8CC3E00002C4000A81D
:10EB50003C6000A8784001A83C5000A80D002000AF
:10EB6000FC3B0000100002A8FEB55F4C206C676CF7
:10EB7000074001252F4216D02E065C48066020680B
:10EB80005B490D60002802D00021FDF741FF594884
:10EB90000068A021C90188428041C043C00F564986
:10EBA000487056480660FDF7A3FF01900220074019
:10EBB0003ED06168CEB20F0A51490822454B44034A
:10EBC000012E24D0022E31D1012F22D14D4EF679C3
:10EBD00000964C4E37780126BE404B4F3E60494E62
:10EBE0003678760590277F04F71903263E43474F72
:10EBF0003E601C60464B1C600B68009C1B194B65FB
:10EC0000404909788D4043490D6043490DE000902B
:10EC1000DFE7002F0AD1414E356000254D655C606D
:10EC20001C60C1043E4B19603E490A6030490860CF
:10EC30000198FDF766FFF7BD104001A870B5FDF71C
:10EC400057FF040000F076F830490A68D2070FD564
:10EC50002B4A566D1368344D2E60CE68AE604968FD
:10EC6000E9808021C904214E3160297B5918516502
:10EC700000F064F82000FDF744FF70BD003C000088
:10EC8000106001A8AC3E0000344301A8002800D069
:10EC9000704770B50C00FDF72BFF050000F04AF837
:10ECA0000600FDF73FFF214804600121204A116062
:10ECB000026C0A40FCD1FDF73AFF300000F03EF84C
:10ECC0002800FDF71EFF70BD783E00004C4201A8F1
:10ECD00090C001A890E001A80CC001A804ED00E0DC
:10ECE000C0C000A8C0E000A800C002A8441002A84C
:10ECF00040E002A8404000A8B23E0000442002A824
:10ED000018800A50C13E000068A00A5060C101A8E6
:10ED100094D001A868900A50F42302A860E101A8E9
:10ED200080E200E0F41302A8BC3E0000008009501D
:10ED300040900950EFF3108072B67047002800D160
:10ED400062B6704780B5FDF71DFFB9480068000343
:10ED50000CD4FEF702FAFFF72FF8FEF78FF9012027
:10ED6000FFF706F8FEF70EFDFFF764FC8020800534
:10ED7000FDF7B6FE01BD80B5FDF704FF802040021F
:10ED8000FDF7AEFE01BDF8B5FDF79CFE864C0520F3
:10ED90006065FDF7A0FEFEF76AF880208001C021C3
:10EDA0008901824A1268D205D20D012A00D10800D9
:10EDB0007F4A116020607F4F802000043860FDF79B
:10EDC000E1FE7D480168009140687C4908609948EF
:10EDD00001688805C40F984D00202860200003D0EA
:10EDE0000098FDF765FC009001262868304005D1A9
:10EDF0006846FEF775F800280BD107E0002C05D017
:10EE000098480068304001D0FDF79FFF0098FEF75A
:10EE1000C1F83E60022094490860C820C0049349AC
:10EE200008607004FDF75CFEF1BDF8B5904F8F4CA3
:10EE30000125904890490968014081420FD18F48CF
:10EE4000006828400BD08E4801688E480560680530
:10EE5000E063B863014000D1E063A6480560A64EB8
:10EE6000306CC00506D580200006306000BF00BFB2
:10EE700040083060FEF74CF9FDF784FE280320605F
:10EE80003860FDF75CFA04009C489D490860A804BE
:10EE9000FDF726FE002C01D08020306099480570D7
:10EEA000F1BD70B5FDF76EFEFDF70CFE924C02252C
:10EEB000206C000405D4FDF71BFE93490D60FDF79F
:10EEC00020FEFDF708FE1020C04390490860002096
:10EED000E0638F4908608F4E30780521014002D0F1
:10EEE000FDF7DBFE01E0FDF7E5FE3068054001D0EF
:10EEF00001202060FFF764FA80200003FDF7F0FD99
:10EF000070BD80B5FDF73EFE49480068000303D49C
:10EF1000FEF7B4F8FEF736FC80204003FDF7E0FD75
:10EF200001BD38B5FDF72EFE734C2025FFF70CF818
:10EF3000002806D0606B000704D5FFF72AF8FEF71B
:10EF4000F4FC2560FEF79AF8FEF71CFC7148007887
:10EF50000C210140042902D1FDF79FFE01E0FDF7DD
:10EF6000A9FE6804FDF7BCFD4020206031BD80B5DE
:10EF7000FDF7A8FD0520B8490860FDF7ACFDFDF7D9
:10EF800001FEFFF706F8FF20800100680090684648
:10EF9000FEF78CFC002802D10098FEF7F1FC8020DF
:10EFA0004004FDF79DFD01BD081102A83C8001A8A9
:10EFB000082102A8442002A8AC3F0000983E0000AF
:10EFC000F8B5FDF7DFFDA54CA56A5020284002D01A
:10EFD000FDF763FE01E0FDF76DFE474FFEF7B4FF5E
:10EFE00000281BD1B86B40071DD4786BE021490184
:10EFF000014018D1A80611D4FDF764FDA56A984E0A
:10F00000354207D0FF20C0432D18A562802000059F
:10F0100094490860FDF75FFD2E4002D00120386062
:10F0200001E00020206080208004FDF759FDF1BD43
:10F030000C0002A8440002A8803E000080B5FDF745
:10F04000A1FDB8480068C00501D5FEF717F80120FA
:10F05000FEF78EFEFEF796FB8020C004FDF740FD14
:10F0600001BD0000EC0002A8305201A8106001A808
:10F07000145001A840000800CC3E0000884101A8BF
:10F080004C4001A8405101A810B522480468FDF782
:10F0900079FDA5490968090326D40321C00601D5D5
:10F0A000214001E0A0080140012902D1FDF7F5FD52
:10F0B0000BE0200107D50E20FFF7B0F89B48042194
:10F0C000016008210160FDF7F5FD99480169994A41
:10F0D00011600068002807D04000122802D2FFF714
:10F0E0007BFA01E0FEF7F7FF80208003FDF7F8FCD4
:10F0F00010BD0000406101A8100002A870012000AE
:10F10000B46000A8B23E000024E50350482002A8E5
:10F110009C3E0000FC3E0000F0B585B0012768462B
:10F12000077000240394FDF72DFD04907E4D2868A0
:10F1300000036FD40320A0490864A048006802902F
:10F140009F4EA0490007000F032804D00298000436
:10F15000000F06283AD19C4800684A6803922A6C3E
:10F16000920701D589680391FFF71BF803994018AE
:10F1700001D5019400E00190A86B0107C80F03219D
:10F18000326B0A40022A1BD1049AD20618D5326883
:10F19000D30513D5EF6B8D4B1F409F4203D1102138
:10F1A000854A11640CE092050AD42A6C2823134086
:10F1B00006D16B461C702B4A116001E06A46147040
:10F1C000039068460778002F02D10EE0086801908E
:10F1D000FEF7BAFE002808D0FEF7DBFE03980028F1
:10F1E00002D0FEF7A2FB00E000270220724908606F
:10F1F000002F10D03020305C0C210140042902D0B7
:10F20000E86BC00602D5FDF748FD01E0FDF752FDB1
:10F210002020686019E0FDF731FF01A8FEF746FBEA
:10F22000002812D102980007000F03280AD1A86B0A
:10F23000800507D5A020400031680140814201D1FE
:10F24000FDF71AFA0198FEF79BFB80200004FDF7FA
:10F2500047FC05B0F0BD00005C1102A8D43E0000E0
:10F2600000FFFF00481002A8FEB500240194FDF73E
:10F2700089FC574EF06E574D0007000F072807D145
:10F280007068002804D40020FEF772FD286841E071
:10F29000012103204A4A73685B070BD44E4B1B685D
:10F2A0000B4007D01368DF050BD55B0502D433682C
:10F2B000DB0503D40191116B890904E01021474B50
:10F2C0001960116B0909084000900020FEF750FDFD
:10F2D0000098002805D17068C00602D4FDF7EAFC4A
:10F2E00001E0FDF7DAFC00200199002903D13C4838
:10F2F0000068FEF756FF6969401801D5009400E0E8
:10F3000000906846FDF7ECFD002805D10098FDF758
:10F3100041FEA8690749086080200005FDF7E0FB71
:10F32000F7BD0000680102A80C0002A880E200E01E
:10F33000A03F0000983E0000F8B5FDF723FC002434
:10F3400000252848466B80277F05300606D5300704
:10F3500009D5FEF71EFEFEF7E8FA29E001251E4852
:10F360000068284019D00020FEF702FD0220064068
:10F3700002D01D490C60C8611C480468002D03D0F0
:10F380002000FDF73BFA0400FEF703FE2000FEF725
:10F39000F7FA3800FDF7A4FBF1BD15480078C0214D
:10F3A0000140402902D1FDF778FC01E0FDF782FC25
:10F3B00020200C490860ECE7082002A8B00002A851
:10F3C000CC3E0000B43F00000CC101A810000010AA
:10F3D000440002A8B03F0000B44000A8481002A8B2
:10F3E0001CC101A8100002A8180000AACC3F000010
:10F3F000FC3E0000FFF716FA024803494860FFF799
:10F400002DFA00BF0D2600000000000080B5EFF3CC
:10F4100005800B2801D23A2100E029218C225200DC
:10F420000020FFF733FCFEE7440E01080000000057
:10F43000C8F600080400000000000000C0175302D6
:10F44000440E01080000000058F700080400000006
:10F4500000000000C0175302440E01080000000025
:10F46000E8F700080400000000000000C017530285
:10F47000440E01080000000078F8000804000000B5
:10F4800000000000C017530208F9000800045C36B1
:10F4900000000000000000000000FF7FA409002021
:10F4A00000000000000000000000000008F9000853
:10F4B00000045C3600000000000001000100FF7F36
:10F4C000A40900200000000000000000000000006F
:10F4D00008F9000800045C3600000000000002008B
:10F4E0000200FF7FA40900200000000000000000CF
:10F4F0000000000008F9000800045C36000000006D
:10F50000000003000300FF7FA409002000000000AA
:10F51000000000000000000064FB00088015253694
:10F5200000000000000000000000FF7FAC09002088
:10F5300000000000000000000000000064FB000864
:10F540008015253600000000000001000100FF7F4B
:10F55000AC090020000000000000000000000000D6
:10F5600064FB000880152536000000000000020042
:10F570000200FF7FAC090020000000000000000036
:10F580000000000064FB0008801525360000000024
:10F59000000003000300FF7FAC0900200000000012
:10F5A0000000000000000000C0FD0008000D9936BA
:10F5B00000000000000000000000FF7FB4090020F0
:10F5C000000000000000000000000000C0FD000876
:10F5D000000D993600000000000001000100FF7FCF
:10F5E000B40900200000000000000000000000003E
:10F5F0001C000108000D993600000000000000000A
:10F600000000FF7FBC090020000000000000000097
:10F61000000000001C000108000D993600000000E9
:10F62000000001000100FF7FBC0900200000000075
:10F6300000000000000000001C000108000D9936C9
:10F6400000000000000002000200FF7FBC09002053
:10F650000000000000000000000000001C00010885
:10F66000000D993600000000000003000300FF7F3A
:10F67000BC090020000000000000000000000000A5
:10F6800078020108000D993600000000000000001B
:10F690000000FF7FC40900200000000000000000FF
:10F6A0000000000078020108000D993600000000FB
:10F6B000000001000100FF7FC409002000000000DD
:10F6C0000000000000000000D404010800045C36C3
:10F6D00000000000000000000000FF7FCC090020B7
:10F6E000000000000000000000000000D404010839
:10F6F00000045C3600000000000001000100FF7FF4
:10F70000CC09002000000000000000000000000004
:10F71000D404010800045C36000000000000020070
:10F720000200FF7FCC090020000000000000000064
:10F7300000000000D404010800045C360000000052
:10F74000000003000300FF7FCC0900200000000040
:10F75000000000000000000030070108000D99368D
:10F7600000000000000000000000FF7FD40900201E
:10F770000000000000000000000000003007010849
:10F78000000D993600000000000001000100FF7F1D
:10F79000D40900200000000000000000000000006C
:10F7A00030070108000D993600000000000002003B
:10F7B0000200FF7FD40900200000000000000000CC
:10F7C0000000000030070108000D9936000000001D
:10F7D000000003000300FF7FD409002000000000A8
:10F7E00000000000000000008C090108A06325361D
:10F7F00000000000000000000000FF7FDC09002086
:10F800000300000000000000000000008C09010857
:10F81000A063253600000000000001000100FF7F0A
:10F82000DC090020030000000000000000000000D0
:10F830008C090108A06325360000000000000200CA
:10F840000200FF7FDC090020030000000000000030
:10F85000000000008C090108A063253600000000AC
:10F86000000003000300FF7FDC090020030000000C
:10F870000000000000000000E80B0108801525369C
:10F8800000000000000000000000FF7FE4090020ED
:10F89000010000000000000000000000E80B01086B
:10F8A0008015253600000000000001000100FF7FE8
:10F8B000E40900200100000000000000000000003A
:10F8C000E80B01088015253600000000000002004A
:10F8D0000200FF7FE409002001000000000000009A
:10F8E00000000000E80B010880152536000000002C
:10F8F000000003000300FF7FE40900200100000076
:10F900000000000000000000FC4F0103701101081E
:10F910000C400200000F00000040000020400200E8
:10F920000700000000000000484001000007000040
:10F9300008410400FF40000000000000FF410000FB
:10F940000000000020C0011000F8070020C00130B6
:10F95000FE0328003CC001000000000058C0040065
:10F960001C001AE6540000000A1518191A000000BD
:10F970006CC00100E00F000008000101A4070000B6
:10F9800018000101B8F00000200001010884000007
:10F9900040400101000000004C40040120F9130424
:10F9A00007006200387000000000000060400F0196
:10F9B0000068010F40B824405505E00041080000F0
:10F9C00002000000B00710005E0000000000000010
:10F9D000236300009278DDC818000F0000800060EB
:10F9E000BE0A00000101103050707F7F1C410201EF
:10F9F0000000E08C590B00003841070190200AF00C
:10FA0000204C520000000000B75635120000005094
:10FA1000803B0000000000005C410101001E00006E
:10FA20006C41060100140CC016212A32383E454BA9
:10FA30005050436587A9CB0C28AA00C58841040112
:10FA40001721286414171A002004C8AAA1201A0933
:10FA5000A841010129000000B4410101000020007B
:10FA6000D041030100000000D000000000000200AF
:10FA7000E4410F011DACF10E74390C00B08076002A
:10FA800089DCB300933C6400C689C7048F1A651DE6
:10FA90001DACF10E74390C00B080760089DCB30027
:10FAA000933C6400C689C7048F1A651D00000000DE
:10FAB000244202014C0000001D23CDF3304202011C
:10FAC00001008002400240004C4201010800000495
:10FAD00030430401000000000000000000000000AE
:10FAE0000000000044430A01000000000000000084
:10FAF0000000000000000000000000000000000006
:10FB00000000003800000000000000000000FF5866
:10FB100038800101466E1000A4800101D8800100E8
:10FB2000AC800111F6010000AC800131011A5100D6
:10FB3000B4800101370000016C01010200200100C6
:10FB40007401010269811B0C800101127907000018
:10FB50008001013202000000880101025000000013
:10FB6000FFFFFFFFFC4F0103601201080C40020081
:10FB700000000000004000002040020007000000DC
:10FB80000000000048400100040700000841040094
:10FB9000FF40000000000000FF41000000000000E6
:10FBA00020C0011000F8070020C00130FE0128002D
:10FBB0003CC001000000000058C004001C001AE610
:10FBC000540000000A1518191A0000006CC001004A
:10FBD0000005000008000101A00700001800010155
:10FBE000FF000000200001018000000040400101F2
:10FBF0000000F0304C400401020000042DC08200DF
:10FC00000032002000D00B0060400F0100000020F7
:10FC1000000000001176F8004108000048000400D0
:10FC200012004D00EA030000000000000906000079
:10FC30000000000075030A00008008620000000058
:10FC4000000003173E5254541C4102010050558CD1
:10FC50000000000038410701BC200AF018B951002B
:10FC600067329940FFFF3FA899FF71B18B3B40007D
:10FC7000C00300805C410101FFFD00006C410601F2
:10FC80000000004000000000000000000000000034
:10FC90000000000000000000884104010000000096
:10FCA000000000000000000000000000A841010169
:10FCB00000000000B44101018CD02BC0D0410301F1
:10FCC000AAAAAAAADA80168005000200E4410F0160
:10FCD00029AC51042F1F2E00E8BD0500E5D32D00EF
:10FCE0005E7CB10D0CBCCE032C267C301E90810CAA
:10FCF0000C490600A8DF6D00C00BB100183DA5003F
:10FD0000E80A0205271BD71D0000008024420201DB
:10FD1000A8000080000000003042020101004800FD
:10FD20009E0018004C4201010800041430430401F5
:10FD300000000000000000000000000000000000C3
:10FD400044430A0100000000000000000000000021
:10FD5000000000000000000000000000000000386B
:10FD600000000000000000000000FF583880010182
:10FD7000466E1000A480010170B80300AC80011130
:10FD8000F6010000AC80013101420101B4800101A3
:10FD9000000300026C010102002006007401010250
:10FDA0006901100C80010112790700008001013205
:10FDB000060000008801010290000000FFFFFFFF25
:10FDC000FC4F0103201101080C400200000000005C
:10FDD000004000002040020007000000000000007A
:10FDE000484001000407000008410400FF400000F3
:10FDF00000000000FF4100000000000020C00110D2
:10FE000000F8070020C00130FE0128003CC00100BE
:10FE10000000000058C00400270024E67500000020
:10FE20000A1D2123240000006CC001000000000016
:10FE300008000101A407000018000101B8F000004B
:10FE400020000101088400004040010100009011E1
:10FE50004C400401020000040FC082000002002098
:10FE600000D00B0060400F01000000000000000007
:10FE7000FD2FFC00410C00004000000012001C009F
:10FE8000AA0F0000000000000A06000000000000A9
:10FE900092030800008003620000000002061021A7
:10FEA00034444E521C4102010080208C00000000AE
:10FEB00038410701BC200AF0F0C45E002979AF4048
:10FEC000FFFF0FAAAF4339B2893B4000C003008057
:10FED0005C410101FFFD00006C4106010000004093
:10FEE0000000000000000000000000000000000012
:10FEF0000000000088410401000000000000000034
:10FF00000000000000000000A84101010000000006
:10FF1000B44101012C952FC0D0410301AAAAAAAA7D
:10FF2000D200328007005600E4410F01E2CFDD2C01
:10FF30007EB63A00600919005122E2004CB9510E18
:10FF40003982A904D8229B291E90810C0C490600F5
:10FF5000A8DF6D00C00BB100183DA500E80A02053E
:10FF6000271BD71D0000008024420201580000001A
:10FF7000000000003042020101005000400020005B
:10FF80004C42010108000604304304010000000057
:10FF900000000000000000000000000044430A01CF
:10FFA0000000000000000000000000000000000051
:10FFB0000000000000000000000000380000000009
:10FFC000000000000000FF5838800101C44E00000E
:10FFD000A480010170B80300AC800111F60100009B
:10FFE000AC80013101420101B48001010003000233
:10FFF0006C01010200200600740101026901100C6D
:020000040801F1
:100000008001011279070000800101320600000022
:100010008801010290000000FFFFFFFFFC4F010379
:10002000C01101080C400200000000000040000068
:1000300020400200070000000000000048400100CE
:100040000407000008410400FF4000000000000019
:10005000FF4100000000000020C0011000F8070070
:1000600020C00130FE0128003CC00100000000005B
:1000700058C00400270024E6750000000A1D212353
:10008000240000006CC00100000000000800010115
:10009000A407000018000101B8F0000020000101D1
:1000A0000884000040400101000090114C40040110
:1000B000020000040FC082000002002000D00B00EC
:1000C00060400F010000000000000000FD2FFC0058
:1000D000410C00004000000012001C00AA0F0000AC
:1000E000000000000A060000000000009203080063
:1000F00000800362000000000206102134444E52CA
:100100001C4102010080208C0000000038410701E2
:10011000BC200AF0103B51002979AF40FFFF0FAA25
:10012000AF4339B2893B4000C00300805C4101010C
:10013000FFFD00006C4106010000004000000000CF
:1001400000000000000000000000000000000000AF
:1001500088410401000000000000000000000000D1
:1001600000000000A841010100000000B4410101AD
:100170002C952FC0D0410301AAAAAAAAD20032808E
:1001800007005600E4410F01E2CFDD2C7EB63A00B5
:10019000600919005122E2004CB9510E3982A904BC
:1001A000D8229B291E90810C0C490600A8DF6D0007
:1001B000C00BB100183DA500E80A0205271BD71D9A
:1001C00000000080244202015800000000000000EE
:1001D0003042020101005000400020004C42010169
:1001E0000800060430430401000000000000000085
:1001F000000000000000000044430A01000000006D
:1002000000000000000000000000000000000000EE
:1002100000000000000000380000000000000000A6
:100220000000FF5838800101C44E1000A480010175
:1002300070B80300AC800111F6010000AC80013100
:1002400001420101B4800101000300026C010102BE
:1002500000200600740101026901100C80010112E6
:1002600079070000800101320600000088010102C8
:1002700090000000FFFFFFFFFC4F01032011010869
:100280000C400200018F1900B14000002040020024
:10029000000000000700000048400100A407000023
:1002A0000841040007480000FF4C00000749000017
:1002B000FF4D000020C0011000F8070020C00130F1
:1002C000FE0128003CC001000000000058C00400EE
:1002D000270024E6750000000A1D212324000000E9
:1002E0006CC001000000000008000101A40700002C
:1002F00018000101B8F0000020000101088400008E
:1003000040400101000090114C4004010200000433
:100310000FC082000002002000D00B0060400F01DF
:100320000000000000000000FD2FFC00410C000058
:100330004000000012009C00AA0F00000000000016
:100340000A0600000000000092030800008003621B
:10035000000000000206102134444E521C410201EC
:100360000080208C0000000038410701BC200AF00A
:10037000F0C45E002979AF40FFFF0FAAAF4339B246
:10038000893B4000C00300805C410101FFFD00008B
:100390006C41060100000040000000000000000069
:1003A000000000000000000000000000884104017F
:1003B000000000000000000000000000000000003D
:1003C000A841010100000000B44101012C952FC09B
:1003D000D0410301AAAAAAAAD2003280070056007F
:1003E000E4410F01E2CFDD2C7EB63A00600919002E
:1003F0005122E2004CB9510E3982A904D8229B291E
:100400001E90810C0C490600A8DF6D00C00BB100E6
:10041000183DA500E80A0205271BD71D0000008033
:10042000244202015001000000000000304202019D
:1004300001001900400120004C420101080006049F
:100440003043040100000000000000000000000034
:100450000000000044430A0100000000000000000A
:10046000000000000000000000000000000000008C
:100470000000003800000000000000000000FF58ED
:1004800038800101C44E0000A480010170B803004F
:10049000AC800111F6010000AC8001310142010184
:1004A000B4800101000300026C010102002006007B
:1004B000740101026901100C80010112790700002A
:1004C0008001013206000000880101029000000056
:1004D000FFFFFFFFFC4F0103701101080C400200F9
:1004E000018F1900BF400000204002000000000002
:1004F0000700000048400100A00700000841040078
:1005000007480000FF4C000007490000FF4D0000B5
:1005100020C0011000F8070020C00130FE032800B1
:100520003CC001000000000058C004001C001AE696
:10053000540000000A1518191A0000006CC00100D0
:10054000E00F000008000101A407000018000101ED
:10055000B8F00000200001010884000040400101C3
:10056000000000004C40040120F913040700620061
:10057000387000000000000060400F010068010FAB
:1005800040B824405505E00041080000020000008A
:10059000B00750005E000000000000002363000070
:1005A0009278DDC818000F0000800060BE0A0000CD
:1005B0000101103050707F7F1C4102010000E08C6F
:1005C000590B00003841070190200AF0204C5200DE
:1005D00000000000B756351200000050803B0000BC
:1005E000000000005C410101001E00006C4106019A
:1005F00000140CC016212A32383E454B505043653A
:1006000087A9CB0C28AA00C58841040117212864BA
:1006100014171A002004C8AAA1201A09A841010130
:1006200029000000B441010100002000D041030175
:1006300000000000D000000000000200E4410F01B3
:100640001DACF10E74390C00B080760089DCB3006B
:10065000933C6400C689C7048F1A651D1DACF10E5A
:1006600074390C00B080760089DCB300933C6400E0
:10067000C689C7048F1A651D0000000024420201CC
:100680004C0100001D23CDF3304202010100C800DF
:10069000000A80004C4201010800000430430401BC
:1006A000000000000000000000000000000000004A
:1006B00044430A01000000000000000000000000A8
:1006C00000000000000000000000000000000038F2
:1006D00000000000000000000000FF583880010109
:1006E000466E1000A4800101D8800100AC80011189
:1006F000F6010000AC800131011A5100B480010103
:10070000370000016C0101020020010074010102A8
:1007100069811B0C80010112790700008001013200
:10072000020000008801010250000000FFFFFFFFEF
:10073000FC4F0103C01101080C400200018F190099
:10074000B14000002040020000000000070000004F
:1007500048400100A40700000841040007480000C9
:10076000FF4C000007490000FF4D000020C00110B1
:1007700000F8070020C00130FE0128003CC0010045
:100780000000000058C00400270024E675000000A7
:100790000A1D2123240000006CC00100000000009D
:1007A00008000101A407000018000101B8F00000D2
:1007B0002000010108840000404001010000901168
:1007C0004C400401020000040FC08200000200201F
:1007D00000D00B0060400F0100000000000000008E
:1007E000FD2FFC00410C00004000000012009C00A6
:1007F000AA0F0000000000000A0600000000000030
:10080000920308000080036200000000020610212D
:1008100034444E521C4102010080208C0000000034
:1008200038410701BC200AF0103B51002979AF4044
:10083000FFFF0FAAAF4339B2893B4000C0030080DD
:100840005C410101FFFD00006C4106010000004019
:100850000000000000000000000000000000000098
:1008600000000000884104010000000000000000BA
:100870000000000000000000A8410101000000008D
:10088000B44101012C952FC0D0410301AAAAAAAA04
:10089000D200328007005600E4410F01E2CFDD2C88
:1008A0007EB63A00600919005122E2004CB9510E9F
:1008B0003982A904D8229B291E90810C0C4906007C
:1008C000A8DF6D00C00BB100183DA500E80A0205C5
:1008D000271BD71D000000802442020150010000A8
:1008E0000000000030420201010019004001200018
:1008F0004C420101080006043043040100000000DE
:1009000000000000000000000000000044430A0155
:1009100000000000000000000000000000000000D7
:10092000000000000000000000000038000000008F
:10093000000000000000FF5838800101C44E100084
:10094000A480010170B80300AC800111F601000021
:10095000AC80013101420101B480010100030002B9
:100960006C01010200200600740101026901100CF3
:1009700080010112790700008001013206000000A9
:100980008801010290000000FFFFFFFFFC4F010300
:10099000101201080C400200018F1900B140000044
:1009A0002040020000000000070000004840010055
:1009B000A40700000841040007480000FF4C0000A5
:1009C00007490000FF4D000020C0011000F807009B
:1009D00020C00130FE0128003CC00100FC103F0196
:1009E00058C004001C001AE6540000000A1518192B
:1009F0001A0000006CC00100E004000008000101C2
:100A0000A007000018000101FF0000002000010104
:100A100080000000404001010000F0304C40040123
:100A2000100000043FC082000032002000D00B0004
:100A300060400F010000000000000000F47E800014
:100A4000110B00004800040036002400666655AA19
:100A500000000000090300000000000073030A000A
:100A60000080086200000000000003173E5254544A
:100A70001C410201005055040000000038410701EC
:100A8000BC200AF018B951005E2E9740FFFF3FA826
:100A900097FF71B18B3B4000C00300805C410101B6
:100AA000FFFD00006C410601000000400000000056
:100AB0000000000000000000000000000000000036
:100AC0008841040100000000000000000000000058
:100AD00000000000A841010100000000B441010134
:100AE0008CD02FC0D041030133333333DA801680EA
:100AF00005000200E4410F0129AC51042F1F2E0014
:100B0000E8BD0500E5D32D005E7CB10D0CBCCE0325
:100B10002C267C301E90810C0C490600A8DF6D004D
:100B2000C00BB100183DA500E80A0205271BD71D20
:100B30000000008024420201AC0000C00000000060
:100B40003042020101004C00580286004C42010173
:100B50000800045430430401F5E301000A810F81C9
:100B60000100F596060CA40044430A012300E0D2DC
:100B7000558500400200008020000200780400003B
:100B8000128587980B2028970000000000002000A5
:100B90005555FAA038800101466E1000A48001016D
:100BA00070B80300AC800111F6010000AC80013187
:100BB00001420101B4800101000300026C01010245
:100BC00000200600740101026901100C800101126D
:100BD000790700008001013206000000880101024F
:100BE00090000000FFFFFFFFFC4F010360120108AF
:100BF0000C400200018F1900B140000020400200AB
:100C0000000000000700000048400100A4070000A9
:100C10000841040007480000FF4C0000074900009D
:100C2000FF4D000020C0011000F8070020C0013077
:100C3000FE0128003CC00100FC103F0058C0040029
:100C40001C001AE6540000000A1518191A000000CA
:100C50006CC00100E004000008000101A0070000D2
:100C600018000101FF0000002000010180000000C9
:100C7000404001010000F0304C400401020000043B
:100C80002DC082000032002000D00B0060400F0118
:100C900000000000000000001176F800410800008C
:100CA0004800040012002500EA03000000000000D4
:100CB000090600000000000075030A0000800862B9
:100CC00000000000000003173E5254541C41020172
:100CD0000050558C0000000038410701BC200AF08C
:100CE00018B9510067329940FFFF3FA899FF71B1D1
:100CF0008B3B4000C00300805C410101FFFD000010
:100D00006C410601000000400000000000000000EF
:100D10000000000000000000000000008841040105
:100D200000000000000000000000000000000000C3
:100D3000A841010100000000B44101018CD02BC08A
:100D4000D0410301AAAAAAAAD280168005000200F7
:100D5000E4410F0129AC51042F1F2E00E8BD05000E
:100D6000E5D32D005E7CB10D0CBCCE032C267C306F
:100D70001E90810C0C490600A8DF6D00C00BB1006D
:100D8000183DA500E80A0205271BD71D00000080BA
:100D9000244202014C0100C0000000003042020168
:100DA00001004C00400110004C42010108000454B5
:100DB000304304014A0C02080A81FA800000F586DB
:100DC000060CA80044430A012300E0D255850040E8
:100DD000020000802000020078040000128587983D
:100DE0000B22289700000000000026005555FAA0AD
:100DF00038800101466E1000A480010170B8030024
:100E0000AC800111F6010000AC800131014201010A
:100E1000B4800101000300026C0101020020060001
:100E2000740101026901100C8001011279070000B0
:100E300080010132060000008801010290000000DC
:100E4000FFFFFFFF30400600000000000000000030
:100E50000000000000000000000000000040000052
:100E600050400100000000005C4002000000000053
:100E700000000000A840010007000000BC40040082
:100E80000000000000000000000000000000000062
:100E900024C0060000130000EC80B30343754051EA
:100EA000A00F00B830400000A8AA070040C0020010
:100EB000000000000000000054C001008721300045
:100EC00068C00100D158030070C00D00BA100000C6
:100ED00000003F008D00EE00F601AC03F50496071C
:100EE000DE099C0DC3119317FE1DF526BD32FF3F91
:100EF000FE15F81BDC23B42DD039FF3FFF3F000067
:100F0000A8C00500BD4B721511A318051032547608
:100F1000980A000000000000CCC004006600000039
:100F20000000000001000A00010028004440020106
:100F300000000000100000005C4001010000000300
:100F40009C400F01000000000000000000000000B5
:100F50000000000000000000000000000000000091
:100F60000000000000000000000000000000000081
:100F70000000000000000000000000000000000071
:100F8000E0400111F8010000E040013101020000E1
:100F900010410201331E050000000000244105013C
:100FA000FF0483078813C83AFF06660CFF04830713
:100FB0008813FF0358410101000000006441010152
:100FC0000C0100008441010101010000A441010164
:100FD00000000000B041010100000000B84106011E
:100FE000000000000000000000003C00AAAA06006B
:100FF0000000000000000000DC41010100000000D2
:1010000020420101000000002C4201016018004054
:101010003C420101000000004442020114000000B3
:1010200000000000404301010000000010800101A9
:10103000030000003C800101030000009C800201CD
:101040000000000070B80300A8800111F601000044
:10105000A880013101420101B080010100030002BA
:101060009800030200000000000C00044C04000083
:10107000D8000202050040AA88010000EC0001121D
:10108000E00F0000EC0001320D205151F000010290
:101090002B050000000101021001000004010112F3
:1010A00000000000040101321001000010010112D3
:1010B00000FF0F0010010132020000422C0101125A
:1010C00000FC1F002C010132A90080004001010238
:1010D0003F0000005001011200C000005001013229
:1010E0006100510068010102100006007801011240
:1010F00000001C00780101324004E0CF8C010102A5
:1011000000000000AC010112F8010000AC01013246
:1011100004020100B001010200000000FFFFFFFF18
:10112000100000008EE3380000000000F8120108F3
:10113000E0120108000000000800000000000000AC
:10114000A08601000101F200C44E0007000000006B
:10115000B01201080E0100000000000000000000B5
:10116000A086010000000000000000000000000058
:10117000100000003333330100000000F8120108B2
:10118000D412010800000000080000000000000068
:1011900000350C000420F400466E500700000000EB
:1011A000B012010800000000000000000000000074
:1011B00000350C00000000000000000000000000EE
:1011C000100000008EE3380000000000F812010853
:1011D000E01201080000000008000000000000000C
:1011E000A08601000101F200C44E100700000000BB
:1011F000B01201080E010000000000000000000015
:10120000A0860100000000000000000000000000B7
:10121000100000004444440000000000F8120108DF
:10122000EC120108000000000800000000000000AF
:10123000004B00000101F400466E100700000000A2
:10124000B0120108C2010000000000000000000010
:10125000409C0000000000000000000000000000B2
:10126000100000004444440000000000F81201088F
:10127000EC1201080000000008000000000000005F
:10128000409C00000101F400466E100700000000C1
:10129000B0120108C20100000000000000000000C0
:1012A000409C000000000000000000000000000062
:1012B00001000000C0175302040C0000E00200000F
:1012C00000003C0301020504980301020505F40334
:1012D000010206057A3F00007A3F0000000000008E
:1012E00060EA000060EA00000000000050C3000057
:1012F00050C300000000000014290200003111005A
:101300000000010002640001012F0000070000003E
:101310000000000098010000200B002000000001E8
:1013200000000101000101010B00000000000000AD
:1013300000000000000000000000000005000000A8
:10134000000000000000020000001000000000008B
:101350000000000000000000000000000900000084
:10136000000000000000000000000000000000007D
:10137000030000000000000000000000000010005A
:10138000120000000100000000000000000000004A
:101390000600000000000000000000000000000047
:1013A000000000000000000000000000000000003D
:1013B000000010000200000001000000000000001A
:1013C0000000000006000000000000000000000017
:1013D000000000000000000000000000000000000D
:1013E00000000000000010000100000001000000EB
:0813F0000000000000000000F5
:0813F80010EEFE7F0100000071
:0C1400000C14010800080020A2000000ED
:10140C001CB3000800000000FFFFFFFFFFFFFFFF01
:10141C00FFFFFFFF0000015B0000000000C20100A5
:10142C000000050400000010000000000000000097
:10143C000300000006000000C00800204008002047
:10144C00000000000000060000000000000000008A
:10145C000000000000000000000000000000000080
:10146C000000000000000000000000000000000070
:10147C000000000000000000000000000000000060
:10148C000000000000000000000000000000000050
:10149C000000000000000000000000000000000040
:1014AC000000000000000000000000000000000030
:1014BC000000000000000000000000000000000020
:1014CC00000000000000060000000000000000000A
:1014DC000000000000000000000000000000000000
:1014EC0000000000000000000000000000000000F0
:1014FC0000000000000000000000000000000000E0
:10150C0000000000000000000000000000000000CF
:10151C0000000000000000000000000000000000BF
:10152C0000000000000000000000000000000000AF
:10153C00000000000000000000000000000000009F
:10154C00740D0020C0EA2101C0EA210100800000D6
:10155C00C0175302881600200A00E40C0A00000091
:10156C00440E010800000000A81100200400000037
:10157C00000000000000000058F4000870F400089F
:10158C0040F4000828F40008FFFFFFFFABA8000898
:10159C00FFFFFFFFFFFFFFFFFFFFFFFFFFFFFFFF4F
:1015AC00C7250000FFFFFFFFFFFFFFFFFFFFFFFF4F
:1015BC00FFFFFFFFFFFFFFFFFFFFFFFFFFFFFFFF2F
:1015CC00FFFFFFFFFFFFFFFFFFFFFFFFFFFFFFFF1F
:1015DC00FFFFFFFFFFFFFFFFFFFFFFFFFFFFFFFF0F
:1015EC00FFFFFFFFFFFFFFFFFFFFFFFF65A90008E5
:1015FC0010130108FFFFFFFFE7AB0008E3AB000887
:10160C00FFFFFFFFFFFFFFFFEBAB0008B3AD0008D0
:10161C000000000003000000F8140020200A002045
:10162C0000000000F814002060150020C8150020F0
:10163C00000000000000000000000000000000009E
:10164C00000000000000000000000000000000008E
:10165C00000000000000000000000000000000007E
:10166C00000000000000000000000000FFFFFF7FF2
:10167C000E0000000000FFFF2801FF0EFFF000002D
:08168C00E5010008BD010008A2
:04000005080005F9F1
:00000001FF
